{"type":"FeatureCollection","features":[{"type":"Feature","properties":{"PROV":"Catamarca"},"geometry":{"type":"MultiPolygon","coordinates":[[[[-68.29619058299994,-28.062430090999953],[-68.28029775299996,-28.025234499999954],[-68.32766481999994,-28.03148901299994],[-68.40370314399996,-28.006322952999938],[-68.44428112599996,-28.02413410799994],[-68.45564084099993,-28.007964311999956],[-68.44834170099995,-27.93315877899994],[-68.42694716099999,-27.91481101599993],[-68.44804242799995,-27.923576434999973],[-68.44460289699998,-27.85460755899993],[-68.53462436099994,-27.770382379999944],[-68.52130268799993,-27.698291757999982],[-68.58706992799995,-27.68092989799993],[-68.78466512299997,-27.75515891899994],[-69.09329412999995,-27.796856839999975],[-69.07963943499993,-27.71449279799998],[-69.04876352499997,-27.703584802999956],[-69.04350980599997,-27.609244712999953],[-68.97418785099995,-27.562023162999935],[-68.98464202899999,-27.525876998999934],[-68.94201278699995,-27.52890586899997],[-68.94729614299996,-27.489791869999976],[-68.98672866799996,-27.45461273199993],[-68.97892761199995,-27.43333625799994],[-68.93448257399996,-27.447059630999945],[-68.92896270799997,-27.41102981599994],[-68.88594627399993,-27.400568007999937],[-68.89138412499995,-27.359544753999955],[-68.86724281299996,-27.318799972999955],[-68.82414817799997,-27.295003890999965],[-68.86631415899996,-27.260738232999984],[-68.85471153299994,-27.188673018999964],[-68.82388305699993,-27.14909744299996],[-68.80516205699996,-27.151517464999984],[-68.78626060499994,-27.106332778999956],[-68.66909374799997,-27.099920949999955],[-68.61355018599994,-27.172561645999963],[-68.57278060899995,-27.17817115799994],[-68.53802680999996,-27.110836028999984],[-68.49115371699997,-27.13763236999995],[-68.47417831399997,-27.084936141999947],[-68.44862174999997,-27.096389770999963],[-68.42796437499999,-27.06688729399997],[-68.29131889299998,-27.030241012999966],[-68.31731414799998,-26.98295974699994],[-68.28941917399999,-26.950376510999945],[-68.28234158199996,-26.90143124399998],[-68.58617973299994,-26.494056701999966],[-68.55621337899998,-26.28850936899994],[-68.37983703599997,-26.179801940999937],[-68.47665023799993,-25.708412169999974],[-68.54414939899993,-25.633626937999964],[-68.54023742699997,-25.60093116799993],[-68.51381111099994,-25.576642989999982],[-68.58760642999994,-25.449785232999943],[-68.52688980099998,-25.383180617999983],[-68.51679992699997,-25.34513473499993],[-68.54423713699998,-25.31402206399997],[-68.52852249099993,-25.293745040999966],[-68.54675292999997,-25.263786315999937],[-68.50344848599997,-25.223602294999978],[-68.50102037499994,-25.165652896999973],[-68.12172733599994,-25.208824513999957],[-68.09083127199995,-25.255934690999936],[-68.10832253499996,-25.21145983799994],[-67.82900018199996,-25.23867972599993],[-67.47196171599995,-25.240062928999976],[-67.46381091299997,-25.264223181999967],[-67.49809855899997,-25.364058630999978],[-67.57631030399995,-25.467756864999956],[-67.59645300299997,-25.470723633999967],[-67.59563759199995,-25.522381680999956],[-67.63859927299995,-25.54025024899994],[-67.72091922599998,-25.662254618999953],[-67.72042402699998,-25.713032838999936],[-67.77909918299997,-25.71912544299994],[-67.80881843999998,-25.77551015299997],[-67.83057343199994,-25.74976400099996],[-67.84814668599995,-25.806056183999942],[-67.92112635299998,-25.85533116499994],[-67.95186294399997,-25.957641211999942],[-67.93349259199994,-25.96947894799996],[-67.99098530899994,-26.05837377299997],[-67.98715707599996,-26.097118224999974],[-68.00865203999996,-26.093341797999983],[-68.00311125699994,-26.12488200699994],[-68.04096072499993,-26.195222657999977],[-68.07923902699997,-26.367186834999927],[-68.05612221399997,-26.369199695999953],[-68.04002071199994,-26.366066429999933],[-68.01180562399998,-26.218187112999942],[-67.90386063799997,-26.003840212999933],[-67.88801420099998,-25.922193960999948],[-67.83976040199997,-25.901120489999983],[-67.82179618399994,-25.91744753699993],[-67.78353778499996,-25.87864511899994],[-67.78818576799995,-25.818966668999963],[-67.73520611199996,-25.77579567199996],[-67.73912095199995,-25.83164461399997],[-67.71140099699994,-25.829964940999957],[-67.71096674099994,-25.780909969999982],[-67.65987984399999,-25.705105817999936],[-67.63839122299999,-25.71024667699993],[-67.62311679299995,-25.636708876999933],[-67.56492126299997,-25.56169411299993],[-67.57404620899996,-25.51387991599995],[-67.52660079599997,-25.478326958999958],[-67.48501317399996,-25.401791832999947],[-67.44976309999998,-25.372046034999983],[-67.45881642199998,-25.32267352699995],[-67.43749699999995,-25.240624039999943],[-67.11355913199998,-25.241257883999936],[-67.15010701599994,-25.266176712999936],[-67.17538717499997,-25.264054597999973],[-67.22136270899995,-25.337013773999956],[-67.22196478999996,-25.362900921999938],[-67.19520184299995,-25.40053786699997],[-67.15490654699994,-25.42141307199995],[-67.17382031699998,-25.446724161999953],[-67.16257209499997,-25.46707010299997],[-67.13074553199993,-25.459839458999966],[-67.11459362599999,-25.489127810999946],[-67.07379999899996,-25.493916928999965],[-67.05983030699997,-25.51582266099996],[-66.98113229499995,-25.51097204799993],[-67.00272170299996,-25.478059782999935],[-67.03535823599998,-25.46713075899993],[-66.99488138299995,-25.416879222999967],[-66.99025015099994,-25.467557350999982],[-66.96543931799994,-25.47042735599996],[-66.91065472599996,-25.42881003599996],[-66.88861780799994,-25.57178300499993],[-66.90188306299996,-25.59043165099996],[-66.86595409899996,-25.656042644999957],[-66.79874378599999,-25.648748154999964],[-66.87216077299996,-25.548418738999942],[-66.85007030599996,-25.369402883999953],[-66.87900710799994,-25.291817779999974],[-66.89612262799994,-25.302164105999964],[-66.94651178099997,-25.28389212199994],[-66.94724549699998,-25.239485015999946],[-66.55401310799994,-25.301357932999963],[-66.53589495199998,-25.331577573999937],[-66.52908801699994,-25.408096886999942],[-66.58226604199996,-25.64174776899995],[-66.60708482699994,-25.681301126999983],[-66.71570914499995,-25.696774097999935],[-66.77601929999997,-25.72204064999994],[-66.80583988099994,-25.76913270199998],[-66.78274800299994,-25.909038933999966],[-66.62202007299999,-26.102943961999983],[-66.53306793799999,-26.270731122999962],[-66.44210278499997,-26.36168874699996],[-66.36606194099994,-26.381805760999953],[-66.32566590399995,-26.267459518999942],[-66.25332499099994,-26.162348515999952],[-66.20639144699999,-26.137835349999932],[-66.16156949999998,-26.145116856999948],[-66.10501777699994,-26.226414286999955],[-66.11776263999997,-26.39200132299993],[-66.14446207299994,-26.402049020999982],[-66.15983630099998,-26.451902513999983],[-66.15830218299993,-26.602750527999945],[-65.98773084399994,-26.637694109999927],[-65.83983375499997,-26.71821233999998],[-65.87715639999993,-26.801038038999934],[-65.84938718399997,-26.898380265999947],[-65.89317597899998,-26.974045500999978],[-65.94395005799998,-27.00438395599997],[-65.97822476499994,-27.05906405299993],[-66.00656840299996,-27.063021659999947],[-66.13588059199998,-27.249701753999943],[-65.97359482099995,-27.334636262999936],[-65.97760117199994,-27.484539667999968],[-65.92398650999996,-27.653888051999957],[-65.88059481399995,-27.666870958999937],[-65.84622428499995,-27.78340095599998],[-65.76213455199996,-27.766121333999934],[-65.72397332899993,-27.802089235999972],[-65.71046378799997,-27.876102859999946],[-65.67051014699996,-27.959091540999964],[-65.60007747499998,-28.002444330999936],[-65.55966583799994,-28.000026296999977],[-65.49992718499993,-27.913536868999984],[-65.35514727099996,-27.843291419999957],[-65.17678476399993,-27.954332551999983],[-65.11628308199994,-28.16294957499997],[-65.09110826599994,-28.419342924999967],[-65.14025559499999,-28.653055153999958],[-65.13297907699996,-28.693651344999978],[-65.11327106099998,-28.719107037999947],[-65.01536948299997,-28.73839430099997],[-64.90043152299995,-28.862176827999974],[-64.90114517599994,-28.918155043999946],[-64.87714862599995,-28.986714581999934],[-64.88649724099997,-29.322612874999948],[-64.95868477799996,-29.405575184999975],[-65.17276763899997,-29.477197693999983],[-65.18921202299998,-29.513898198999982],[-65.16062006399994,-29.544270997999945],[-65.19907678099997,-29.561565061999943],[-65.20089220999995,-29.598608946999946],[-65.15495287699997,-29.62345671399993],[-65.18508569599999,-29.668882158999963],[-65.22462850699998,-29.68245176299996],[-65.23957637699993,-29.709142657999962],[-65.21551197799994,-29.714989254999978],[-65.22167012899996,-29.757795733999956],[-65.25082678499996,-29.775100729999963],[-65.20144690399997,-29.80145917899995],[-65.26456009799995,-29.80424430499994],[-65.25578100899997,-29.841259383999954],[-65.26794798899994,-29.86518698599997],[-65.29401151899998,-29.845965341999943],[-65.32038447299993,-29.865632578999964],[-65.33441768599994,-29.840043213999934],[-65.37021189799998,-29.844424507999975],[-65.37337329199994,-29.800335961999963],[-65.41999983199997,-29.789183286999958],[-65.46598849199995,-29.87459012599993],[-65.51241054799993,-29.884142046999955],[-65.72032421399996,-29.406826356999943],[-65.71551495599994,-29.33508232899993],[-65.74542018699998,-29.27188807999994],[-65.80920702499998,-29.25119641799995],[-65.80240738199996,-29.19328881299998],[-65.90195093599993,-29.098680335999973],[-66.16872116299999,-28.90686279199997],[-66.21014476499994,-28.885892252999952],[-66.25442277499997,-28.89661139499998],[-66.40646313699995,-28.87175033899996],[-66.40785664299995,-28.818355397999937],[-66.35002549699993,-28.720034578999957],[-66.37382106699994,-28.714160989999982],[-66.39375214899997,-28.67262028199997],[-66.49150924199995,-28.631333776999952],[-66.49720957299996,-28.53649670799996],[-66.60129331599995,-28.534239268999954],[-66.62855585699998,-28.49941090599998],[-66.70254807499998,-28.463391614999978],[-66.76109677699998,-28.40887720799998],[-66.75508502699995,-28.397738491999974],[-66.76270531299997,-28.40819208299996],[-66.88122914999997,-28.32591567399993],[-66.95923358799996,-28.24220755899995],[-66.95023130699997,-28.266437786999973],[-67.00438492799998,-28.24082431599993],[-67.08833947599999,-28.282095699999957],[-67.12801375999999,-28.34936505899998],[-67.20117173299997,-28.366143741999963],[-67.22482547799996,-28.342995825999935],[-67.26561748099994,-28.34701347799995],[-67.38646502999995,-28.29313332399994],[-67.41931599599997,-28.29735322199997],[-67.40857407499993,-28.284739465999962],[-67.42518849199996,-28.26985991999993],[-67.47708141299995,-28.27137849099995],[-67.53232771399996,-28.248663225999962],[-67.65124229799994,-28.37217633499995],[-67.65906592699997,-28.349182249999956],[-67.66316086599994,-28.37473756299994],[-67.72713938099997,-28.392337536999946],[-67.75889233899994,-28.353495597999938],[-67.80830473199995,-28.350472126999932],[-67.82465692199997,-28.36495696099996],[-67.84764272399997,-28.33540424299997],[-67.84446958099994,-28.309829185999945],[-67.87450158799999,-28.286776372999952],[-67.92326881399998,-28.166152606999958],[-67.91945498399997,-28.108050637999952],[-67.98737273299997,-28.117847962999974],[-68.10689274499998,-28.170941639999967],[-68.15254287699997,-28.08880240999997],[-68.16350358299997,-28.10649989899997],[-68.23241440899994,-28.07469126899997],[-68.26816484299997,-28.09549898299997],[-68.29619058299994,-28.062430090999953]],[[-66.46029267299997,-26.359732401999963],[-66.45058576099996,-26.361759479999932],[-66.45183704799996,-26.35646639199996],[-66.46029267299997,-26.359732401999963]],[[-67.67497168699998,-26.340825521999932],[-67.66233817399996,-26.39451959099995],[-67.64590269199994,-26.33157369099996],[-67.67497168699998,-26.340825521999932]],[[-68.66942014999995,-27.567945863999967],[-68.61744773699996,-27.574772819999964],[-68.58359547699996,-27.652357834999975],[-68.55312273499999,-27.648977694999928],[-68.54081154199997,-27.614450757999975],[-68.59010758299996,-27.59697765599998],[-68.65581693399997,-27.51909959099993],[-68.63960046199998,-27.460692028999972],[-68.67718445499997,-27.407363785999962],[-68.68979988099994,-27.441514025999936],[-68.66942014999995,-27.567945863999967]],[[-68.44484946299997,-27.69169833199993],[-68.38848104599998,-27.67394539999998],[-68.42270025799996,-27.668719461999956],[-68.44484946299997,-27.69169833199993]],[[-68.60499126099995,-27.539210982999975],[-68.60390160999998,-27.55860081999998],[-68.55831469899994,-27.57682701799996],[-68.60499126099995,-27.539210982999975]],[[-68.15866699299994,-27.08584855299995],[-68.12280875099998,-26.99497269799997],[-68.16205861699996,-26.97676552699994],[-68.17361550599998,-27.01312201199994],[-68.19114628499995,-27.012455973999977],[-68.17257510799993,-27.021168819999957],[-68.17238790699997,-27.052567635999935],[-68.20928928499995,-27.061304956999948],[-68.20761987399999,-27.076324505999935],[-68.15866699299994,-27.08584855299995]],[[-68.11930190699997,-26.47384479799996],[-68.12215104099994,-26.498358158999963],[-68.10708540199994,-26.47342323099997],[-68.11930190699997,-26.47384479799996]],[[-68.29978141299995,-25.897244271999966],[-68.28743296299996,-25.929004988999964],[-68.28496328999995,-25.87226872599996],[-68.26278337499997,-25.84335073999995],[-68.29683477499998,-25.831110525999975],[-68.33352079599996,-25.957912702999977],[-68.29978141299995,-25.897244271999966]],[[-68.38626783799998,-25.642349166999963],[-68.35820135899996,-25.60357550599997],[-68.42192127099997,-25.56170282599993],[-68.41911201299996,-25.61425941599998],[-68.38626783799998,-25.642349166999963]],[[-67.85455571999995,-26.23604693699997],[-67.80494253099994,-26.225814198999956],[-67.77982893799998,-26.209337423999955],[-67.81543945699997,-26.197446169999978],[-67.85455571999995,-26.23604693699997]],[[-68.08787685599998,-25.809554737999974],[-68.08403914499996,-25.83911924499995],[-68.10015167378585,-25.831019645100646],[-68.05352297899998,-25.90264844099994],[-68.04328678899998,-25.844135192999943],[-68.08787685599998,-25.809554737999974]],[[-67.27215380999996,-25.54625197799993],[-67.30846285699994,-25.545610911999972],[-67.28963032799999,-25.57758231799994],[-67.27215380999996,-25.54625197799993]],[[-67.02695341599997,-26.051622264999935],[-67.02294441199996,-26.002412799999945],[-67.04335314799994,-26.03991951599994],[-67.02695341599997,-26.051622264999935]],[[-67.50281541899994,-26.502347105999945],[-67.52904640399998,-26.440618573999927],[-67.56341483199998,-26.446212844999934],[-67.55792623499997,-26.478655585999945],[-67.52238170899994,-26.508031281999934],[-67.50281541899994,-26.502347105999945]],[[-66.52725724899994,-28.356492913999944],[-66.54110313299998,-28.46535391699996],[-66.52697826699995,-28.519439659999932],[-66.50506831799999,-28.49842216899998],[-66.50793043299996,-28.38786112699995],[-66.42627865399999,-28.29951190999998],[-66.36266656199996,-28.167868571999975],[-66.33774447499997,-28.167392762999953],[-66.34945582099994,-28.107599325999956],[-66.32994008599997,-28.094863636999946],[-66.32341719399994,-28.04565910699995],[-66.26712281199997,-27.93381255199995],[-66.22633462399995,-27.89753921199997],[-66.21565910799995,-27.844838951999975],[-66.22814558599998,-27.77238669899998],[-66.27924342899996,-27.805056772999933],[-66.34426945399997,-27.805233116999943],[-66.31506106899997,-27.846358162999934],[-66.37947547199997,-27.972360158999948],[-66.40849975199995,-28.101988666999944],[-66.46497258499994,-28.20550799299997],[-66.49610407099993,-28.33319439199994],[-66.52725724899994,-28.356492913999944]],[[-64.89548943099999,-29.14132273299998],[-64.89440087699995,-29.11960066399996],[-64.89442910699995,-29.120161236999934],[-64.89548943099999,-29.14132273299998]],[[-65.56433972299993,-28.877880167999933],[-65.55982706999998,-28.832028254999955],[-65.58683127799998,-28.858920488999956],[-65.56433972299993,-28.877880167999933]]],[[[-67.02484276299998,-25.38035088999993],[-67.04509908499995,-25.404290449999962],[-67.05202222799994,-25.342214249999984],[-67.03767969999996,-25.309640773999945],[-67.06613796399995,-25.289525561999938],[-67.04508834399996,-25.23969656199995],[-67.01779004899998,-25.239611243999946],[-67.02986802899994,-25.252360970999973],[-66.98785003999996,-25.268806814999948],[-67.01157390199995,-25.301529952999942],[-67.01021145099998,-25.34445012499998],[-66.97647274999997,-25.270437993999963],[-66.98374698799995,-25.33828703399996],[-66.95675489199994,-25.363687349999964],[-67.02484276299998,-25.38035088999993]]],[[[-67.12330650799998,-25.328759505999983],[-67.14715390399994,-25.324818128999937],[-67.14757144999999,-25.29666450999997],[-67.11355913199998,-25.241257883999936],[-67.06351498299995,-25.240054450999935],[-67.10863082399999,-25.286639828999967],[-67.12330650799998,-25.328759505999983]]],[[[-64.83740301199998,-29.25769623399998],[-64.85731762299997,-29.168988440999954],[-64.84402209299998,-29.223900596999954],[-64.78467954999996,-29.274475791999976],[-64.82906291699999,-29.275671543999977],[-64.84688306499999,-29.33189472099997],[-64.83498138899995,-29.353339391999953],[-64.85426061499999,-29.333196338999983],[-64.83740301199998,-29.25769623399998]]]]}},{"type":"Feature","properties":{"PROV":"Neuquén"},"geometry":{"type":"MultiPolygon","coordinates":[[[[-71.16095926499997,-40.790857324999934],[-71.15565789299995,-40.829373879999935],[-71.12736947599996,-40.86798791199993],[-71.06989874699997,-40.904463790999955],[-71.07179877099998,-40.97516340499993],[-71.13533207599994,-41.02776124899998],[-71.24278556699994,-41.06767393299998],[-71.32641757699997,-41.06359956999995],[-71.44245019199997,-41.027386183999965],[-71.47940097099996,-40.99785792399996],[-71.49573718599999,-40.93040205199998],[-71.36067683799996,-40.97376518599998],[-71.35874939199994,-40.946470260999945],[-71.38530540399995,-40.94794654699996],[-71.48541641199995,-40.89781761199998],[-71.57103580299997,-40.80435752599993],[-71.55145733599994,-40.83452115699998],[-71.58952667199998,-40.80500854099995],[-71.65505421099994,-40.78868884199994],[-71.60266556099998,-40.851442255999984],[-71.62346702199994,-40.86130231299995],[-71.67209935199998,-40.75244535599995],[-71.72736740099998,-40.69359016399994],[-71.70824241599996,-40.74342346199995],[-71.78085708599997,-40.72959518399995],[-71.80834007299995,-40.749078750999956],[-71.77593803399998,-40.744373321999944],[-71.71240395499996,-40.77124166699997],[-71.74819946299993,-40.80308341999995],[-71.70796585099998,-40.816377639999985],[-71.61834335299994,-40.893625258999975],[-71.57266044599999,-40.95938110399993],[-71.56737899799998,-41.002122878999955],[-71.68870544399994,-40.98312187199997],[-71.75736808799996,-40.99073409999994],[-71.78958853799998,-40.99805435799993],[-71.78575134299996,-41.03953742999994],[-71.82987785299997,-41.03776168799993],[-71.86068979899994,-41.03429694099998],[-71.89373016399998,-40.984687804999965],[-71.89394378699996,-40.96209716799996],[-71.85625457799995,-40.95411300699993],[-71.86086463899994,-40.91868591299993],[-71.87396049499995,-40.88047027599998],[-71.92716026299996,-40.83221435499996],[-71.93066596999995,-40.77511024499995],[-71.96080398599997,-40.71701812699996],[-71.87762260399995,-40.66381263699998],[-71.84310913099995,-40.62200546299994],[-71.82436561599997,-40.57681465099995],[-71.85259056099994,-40.59027290299997],[-71.87571525599998,-40.56772041299996],[-71.85255029299998,-40.54239270199997],[-71.84138297999993,-40.45195198099998],[-71.80779838599994,-40.40552902199994],[-71.73816871599996,-40.43896675099995],[-71.69149109799997,-40.39929274199994],[-71.69321060199997,-40.37258911099997],[-71.65671920799997,-40.36245727499994],[-71.67250546499997,-40.31866059899994],[-71.71687507599995,-40.27811813399995],[-71.73611450199996,-40.30508422899993],[-71.82988929699997,-40.21461105299994],[-71.79965972899998,-40.185350417999985],[-71.82165562299997,-40.16561920999993],[-71.80063363099998,-40.114874430999976],[-71.83099365199996,-40.10547637899998],[-71.81301307699994,-40.07902526899994],[-71.70036125199994,-40.11538314799998],[-71.67248725899998,-40.101749419999976],[-71.67103195199996,-40.061300277999976],[-71.68887901299996,-40.035486220999985],[-71.65009689299995,-39.970403670999985],[-71.62373542799997,-39.97554588299994],[-71.62488937399996,-39.93748283399998],[-71.58367603662798,-39.953004591583976],[-71.61081879609422,-39.877234883297625],[-71.63240623499996,-39.881612777999976],[-71.64566039999994,-39.85159110999996],[-71.68492507899998,-39.854505538999945],[-71.69159126299996,-39.82315635699996],[-71.66682243299994,-39.80675697299995],[-71.71203231799996,-39.72406005899995],[-71.70387077299995,-39.69473075899998],[-71.65374311629468,-39.698427478667654],[-71.67224039969098,-39.66468797133204],[-71.68856048599997,-39.67586517299998],[-71.71586990399999,-39.649362563999944],[-71.69454002399993,-39.62282180799997],[-71.69752883899997,-39.58533096299993],[-71.67454147299998,-39.56254768399998],[-71.61766242999994,-39.597410201999935],[-71.60974311799998,-39.62710380599998],[-71.55912260399998,-39.62757031099994],[-71.55466270399995,-39.649642943999936],[-71.48661179901158,-39.666008241360025],[-71.42744356499998,-39.64033434999993],[-71.36921119699997,-39.67895126299993],[-71.42895507799994,-39.62763977099996],[-71.45137405399998,-39.62274551399997],[-71.47306442299998,-39.65462875399993],[-71.49386516699997,-39.61535839099997],[-71.46119880699996,-39.581110000999956],[-71.46938133199995,-39.55202293399998],[-71.50369834899993,-39.55823898299997],[-71.52978515599995,-39.53747558599997],[-71.51748466499998,-39.50317001299993],[-71.47227859499998,-39.492172240999935],[-71.44673538199999,-39.45008659399997],[-71.45600700399996,-39.36882591199998],[-71.43234443699998,-39.37070465099998],[-71.39422798199996,-39.34058761599994],[-71.39447021499996,-39.30237960799997],[-71.37483787499997,-39.28347396899994],[-71.39189529399994,-39.248569488999976],[-71.38495635999993,-39.20124244699997],[-71.41961860699996,-39.125192641999945],[-71.39624404899996,-39.03882026699995],[-71.44064521799999,-38.97627448999998],[-71.42504310599998,-38.92040443399998],[-71.26794242899996,-38.85317039499995],[-71.26803398099997,-38.82729530299997],[-71.23685646099995,-38.80254173299994],[-71.17806243899997,-38.81282424899996],[-71.09856033299997,-38.754529952999974],[-71.07403182999997,-38.769365310999945],[-71.03788566599997,-38.75651740999996],[-71.00951256999997,-38.76906275399995],[-70.93332290599994,-38.76363754299996],[-70.88911819499998,-38.69740486099994],[-70.91096305799994,-38.67543792699996],[-70.84618941799994,-38.61336989399996],[-70.83998724899993,-38.58530737999996],[-70.84660911599997,-38.538124083999946],[-70.87210894619938,-38.509840409684394],[-70.91529655499994,-38.50355339099997],[-70.93257914499998,-38.47588783599997],[-70.89180457799995,-38.48178465799998],[-70.87589147730198,-38.501603332147845],[-70.88744735699999,-38.47643852199997],[-70.93257913799994,-38.47588730699994],[-70.98159789999994,-38.43379020699996],[-71.00313050999995,-38.29034705999993],[-71.03575324999997,-38.249906539999984],[-71.00071343899998,-38.19245660599995],[-71.01816940299994,-38.13723564099996],[-71.04361152799999,-38.12119803999997],[-70.99328613299997,-38.10992431599993],[-70.99427004699999,-38.08598058299998],[-71.03678155099993,-38.05319599099994],[-71.07970206099998,-37.96456326799995],[-71.11812591599994,-37.951524733999975],[-71.11110121799999,-37.897447743999976],[-71.13852691699998,-37.86244773899995],[-71.17439079299999,-37.86208343499993],[-71.14132094899998,-37.809913122999944],[-71.16703122699994,-37.79042921299998],[-71.16999654999995,-37.74877698499995],[-71.21431350699999,-37.69347754299997],[-71.20543057499998,-37.64527432899996],[-71.14733912099996,-37.62196040599997],[-71.12006670599999,-37.57399286799995],[-71.14096137399997,-37.546560339999985],[-71.11427688599997,-37.54308700599995],[-71.13715362499994,-37.52924156199998],[-71.12304298799995,-37.46782010199996],[-71.15476345399998,-37.414771891999976],[-71.13498186899994,-37.41985112499998],[-71.14269480099995,-37.39503789899993],[-71.19128799399994,-37.393138884999985],[-71.22324180599998,-37.27291488599997],[-71.19257926899996,-37.27602386499996],[-71.15997886699995,-37.23409080499994],[-71.17444038399998,-37.225042342999984],[-71.11877250699996,-37.20423698399998],[-71.14078903199999,-37.16440391499998],[-71.12679866599996,-37.134489680999934],[-71.11895603483282,-37.17941804870202],[-71.11378844899997,-37.133586108999964],[-71.09713604199999,-37.11673237499997],[-71.05564806928243,-37.1135675559133],[-71.09498402399998,-37.11559571899994],[-71.05389976499998,-37.05113029499995],[-71.08728980999996,-37.09488868699998],[-71.12721633899997,-37.09079742399996],[-71.16103406695161,-37.012609804007575],[-71.21479988099998,-36.98620605499997],[-71.17528915399998,-36.96907806399997],[-71.13254737899996,-36.97901534999994],[-71.07394343427636,-36.95480520181093],[-71.08944320699999,-36.92948722799997],[-71.14543533299997,-36.92977142299998],[-71.14528777933833,-36.912748899937334],[-71.12676608399994,-36.91590898099997],[-71.07876816199996,-36.84049446399996],[-71.13388061499995,-36.816049575999955],[-71.11384391799999,-36.679260253999985],[-71.08645439099996,-36.67837142899998],[-71.07674382099998,-36.708308871999975],[-71.02563366599998,-36.698428960999934],[-71.01377033499995,-36.672029873999975],[-71.04923913799996,-36.60111971899994],[-71.03934860199996,-36.47747039799998],[-70.96627862299994,-36.502897874999974],[-70.90096957699996,-36.473270183999944],[-70.88939094499995,-36.39954185499994],[-70.84977451599997,-36.41925620999996],[-70.82105949999993,-36.397479912999984],[-70.77770422499998,-36.429104793999954],[-70.75599434899993,-36.40877841199995],[-70.74052238499996,-36.42996215799997],[-70.68890380899995,-36.40728759799998],[-70.68004608199993,-36.37772750899995],[-70.71196174599999,-36.349004744999945],[-70.68861007699996,-36.31127166699997],[-70.70699119599993,-36.27309608499996],[-70.66966438299994,-36.24505805999996],[-70.64110183699995,-36.243806838999944],[-70.63439559899996,-36.21835517899996],[-70.57234382599995,-36.176382064999984],[-70.56907272299998,-36.13295364399994],[-70.53441047699994,-36.142204284999934],[-70.49247741699998,-36.179210662999935],[-70.42198181199996,-36.155981063999945],[-70.41583945299993,-36.10893512999996],[-70.39381218399996,-36.12289862199998],[-70.39279061199994,-36.19008174499993],[-70.36918474199996,-36.223874731999956],[-70.35650919599993,-36.31871512199996],[-70.30930550899996,-36.33905508599997],[-70.24458016799997,-36.321343645999946],[-70.21510196999998,-36.33126923399993],[-70.23879837799996,-36.39426412699993],[-70.21903647999994,-36.40777780299993],[-70.22713562399997,-36.49071247099994],[-70.18925579999996,-36.47567961899995],[-70.02435949499994,-36.66086662699996],[-70.01086756399997,-36.69425307499995],[-69.97287525599995,-36.69915322799994],[-69.94554598399998,-36.72200929699994],[-69.94363329399994,-36.74480177199996],[-69.92019084799995,-36.75838850799994],[-69.92484673299998,-36.789228944999934],[-69.88103254899994,-36.80678597399998],[-69.86233675899996,-36.832424989999936],[-69.90074127099996,-36.83968982899995],[-69.93568837199996,-36.88169000399995],[-69.90896184999997,-36.880295941999975],[-69.85717889099993,-36.90903185399998],[-69.85639093799995,-36.93895700199994],[-69.88716556399999,-36.97026306099997],[-69.81164770899994,-36.93720312299996],[-69.80661032999996,-36.96914269399997],[-69.84410128799993,-37.006470537999974],[-69.90159262999998,-37.01273912599993],[-69.89098140799996,-37.04251514699996],[-69.86154319199994,-37.05225898899994],[-69.81360936399994,-37.01442133199998],[-69.76546320099999,-37.01161368999993],[-69.75483315499997,-37.06802411799998],[-69.62011579999995,-37.15143207299997],[-69.53793693099993,-37.170071124999936],[-69.28301419799993,-37.14301760799998],[-69.06771104999996,-37.22118282499997],[-69.02399592999996,-37.26253604699997],[-69.02469363599994,-37.358996582999964],[-68.84434171899994,-37.38843439999994],[-68.78471931299998,-37.37168657999996],[-68.72100610199993,-37.39182305399993],[-68.68727283999993,-37.441140151999946],[-68.50761829699996,-37.45781746599994],[-68.45555344199994,-37.52533230599994],[-68.39344197699995,-37.55940849999996],[-68.36117824299998,-37.549931880999964],[-68.24915410799997,-37.57702501799997],[-68.26193359899997,-38.35499808999998],[-68.25137999999998,-38.68010022399994],[-68.19804928299993,-38.69598335699993],[-68.15268935099994,-38.73146042099995],[-68.09896594599996,-38.84287536499994],[-68.09498514199998,-38.88624780799995],[-68.02852869599997,-38.95443748599996],[-68.03966458299993,-38.97788820799997],[-68.13372929499997,-38.97847073799994],[-68.23336517999996,-38.95731117699995],[-68.39724089499998,-38.99761648799995],[-68.60326990599998,-39.08791584699998],[-68.67951040099996,-39.16164930599996],[-68.67818421799996,-39.19753242799993],[-68.88105251399998,-39.25832695699995],[-68.91569269499996,-39.28782733899993],[-68.95681204199997,-39.29559586299996],[-69.09424813399994,-39.275219936999974],[-69.03524829399998,-39.30759490299994],[-69.14029432799998,-39.30105084499996],[-69.21128512099995,-39.31746023199997],[-69.26446128099997,-39.29682849999995],[-69.35258345799997,-39.297382641999945],[-69.38228636499997,-39.31692689399995],[-69.41892515999996,-39.39016107699996],[-69.36681162699995,-39.384341965999965],[-69.31254221699999,-39.340093225999965],[-69.18488470899996,-39.339715394999985],[-69.14635179999993,-39.321687975999964],[-69.09175071399994,-39.339417871999956],[-69.02973796599997,-39.317770576999976],[-68.93026686799993,-39.32787848199996],[-69.15373787899995,-39.41832331599994],[-69.17456234499997,-39.40848729199996],[-69.24246576599995,-39.446931028999984],[-69.27493189199998,-39.44621751899996],[-69.26905257099997,-39.523339358999976],[-69.33526113399995,-39.57281663799995],[-69.35637715899998,-39.60821684999996],[-69.34630993199994,-39.63748510399995],[-69.39006684399993,-39.707312704999936],[-69.46189079099997,-39.76462584899997],[-69.55756907299997,-39.81422412399996],[-69.72265059299997,-39.845884386999955],[-69.89800042699994,-39.91366882899996],[-70.00165150099997,-39.976674067999966],[-70.03484579277308,-40.0448703204549],[-70.02371453899997,-40.10451608499994],[-69.98605445099997,-40.14615293099996],[-69.98150400499998,-40.173979808999945],[-70.01503170899997,-40.17628324599997],[-70.09053084199996,-40.24711031499993],[-70.06660178199996,-40.285823264999976],[-70.09517087199998,-40.373727472999974],[-70.21292696899997,-40.42896243499996],[-70.19300234099995,-40.46775671199998],[-70.21281644599998,-40.49097484099997],[-70.44889967499995,-40.540370793999955],[-70.55219227099997,-40.51890511299996],[-70.65765729599997,-40.56168613699998],[-70.68082944499997,-40.60114040299993],[-70.80991702099993,-40.60465915699996],[-70.90833168799998,-40.62711925999997],[-71.01969791999994,-40.67567827999994],[-71.05482050599994,-40.707957756999974],[-71.06721790799998,-40.74485286199996],[-71.10239390525098,-40.71685945874769],[-71.07473373399995,-40.75267600999996],[-71.11327171299996,-40.732837676999964],[-71.1475751925577,-40.73240305552284],[-71.11327249299995,-40.73283831699996],[-71.08048797199996,-40.755437444999984],[-71.13809878999996,-40.76025104799993],[-71.16095926499997,-40.790857324999934]],[[-71.35545413399996,-39.07844498099996],[-71.36657333399995,-39.09135055499996],[-71.35545349099993,-39.078445434999935],[-71.39624404899996,-39.03882026699995],[-71.35545413399996,-39.07844498099996]],[[-70.67035381599999,-36.34686689399996],[-70.64097805399996,-36.407659326999976],[-70.61084730499994,-36.327554050999936],[-70.65935143699994,-36.30737816699997],[-70.64157338899997,-36.35497972999997],[-70.66376512299996,-36.333499330999985],[-70.67035381599999,-36.34686689399996]],[[-70.84957694999997,-38.860692977999975],[-70.82831018599995,-38.84568278699993],[-70.84906961783639,-38.83539280037968],[-70.84957694999997,-38.860692977999975]],[[-70.86068062211069,-38.95643085041207],[-70.83546599999994,-38.911921690999975],[-70.83546544174578,-38.91191652343361],[-70.83546638499996,-38.911920546999966],[-70.86068062211069,-38.95643085041207]],[[-70.88186735599999,-39.05114426899996],[-70.88186732799994,-39.05114387799995],[-70.88905143299996,-39.05492607899998],[-70.88186735599999,-39.05114426899996]],[[-71.09389686599997,-38.890771865999966],[-71.09530639599996,-38.89351654099994],[-71.09389663499996,-38.890771934999975],[-71.09389686599997,-38.890771865999966]],[[-71.11051368699998,-38.95452880899995],[-71.12324523899997,-38.96846008299997],[-71.11051414299999,-38.95452986799995],[-71.05574161099997,-38.96795855299996],[-71.05403244699994,-38.94253660199996],[-71.10184571639459,-38.91419389047908],[-71.21250534099994,-38.88838577299998],[-71.17758560199997,-38.933029174999945],[-71.11051368699998,-38.95452880899995]],[[-71.19989378099996,-38.98951028699997],[-71.07869508299996,-38.992451451999955],[-71.19989204399997,-38.98950958299997],[-71.1838894055322,-38.969301055618594],[-71.19989378099996,-38.98951028699997]],[[-71.26939214469274,-38.99622476351295],[-71.18212041229536,-38.96706712723634],[-71.18211936999995,-38.96706581099994],[-71.26939214469274,-38.99622476351295]],[[-71.30832481399995,-38.95870399499995],[-71.27925318999996,-38.95113063599996],[-71.23903083799996,-38.96759033199993],[-71.27925300599998,-38.95112991299993],[-71.30832481399995,-38.95870399499995]],[[-71.31427071630118,-38.9932560787575],[-71.35862159699997,-39.01076888999995],[-71.35862141611182,-39.01076926630641],[-71.31427071630118,-38.9932560787575]],[[-71.22891163499997,-39.003685410999935],[-71.27037782699995,-39.02603586399994],[-71.34287079863527,-39.04329809860144],[-71.18415260299997,-39.00703811599993],[-71.12646323656193,-39.00886783060394],[-71.22891163499997,-39.003685410999935]],[[-71.12642256506643,-39.00886988799829],[-71.1529310158572,-39.020823171250406],[-71.12642145799998,-39.00886994399997],[-71.12642256506643,-39.00886988799829]],[[-71.29106135925466,-39.059681008007786],[-71.17599868999997,-39.01353645499995],[-71.16783156509159,-39.02754186690404],[-71.17599868799994,-39.01353645299997],[-71.29106135925466,-39.059681008007786]],[[-71.2622224932143,-39.06294889704982],[-71.27119269562158,-39.092525242930726],[-71.27119255099996,-39.092525481999985],[-71.2622224932143,-39.06294889704982]],[[-71.22957613346897,-39.08149870293341],[-71.22957611099997,-39.081499099999974],[-71.19973204062268,-39.083417223984526],[-71.22957613346897,-39.08149870293341]],[[-71.16475965999996,-39.06164189399993],[-71.18153093955651,-39.08458703654893],[-71.18152999899996,-39.08458709699994],[-71.16475965999996,-39.06164189399993]],[[-71.16473300646854,-39.061648280849276],[-71.11831283599997,-39.07355880699998],[-71.11771826399996,-39.072914182999966],[-71.16473300646854,-39.061648280849276]],[[-71.15223312399996,-39.10180282599998],[-71.1522328695558,-39.1018027881444],[-71.11831283599997,-39.07355880699998],[-71.15223312399996,-39.10180282599998]],[[-71.03600692699996,-39.13756751999995],[-71.04067304899996,-39.08520644199996],[-71.05824089099997,-39.11008834799998],[-71.03600692699996,-39.13756751999995]],[[-71.0357322743118,-39.16336963297929],[-71.03573226899994,-39.163370131999955],[-71.0156041274595,-39.161941002167396],[-71.0357322743118,-39.16336963297929]],[[-71.07885287399995,-39.216559322999956],[-71.07481455899995,-39.19190518199997],[-70.99555338777617,-39.18232170816157],[-71.07481384299996,-39.191904067999985],[-71.09975681608401,-39.22201218415739],[-71.07885287399995,-39.216559322999956]],[[-71.16669667745157,-39.274540656573045],[-71.13350455399996,-39.262749876999976],[-71.13349724191772,-39.26273951272319],[-71.13350486799999,-39.262748717999955],[-71.16669667745157,-39.274540656573045]],[[-71.14626217727513,-39.29388147313168],[-71.1199049222208,-39.27896195082074],[-71.11990471799999,-39.27896083199994],[-71.14626217727513,-39.29388147313168]],[[-71.04996345111927,-39.313263039165406],[-71.04996299699997,-39.31326293899997],[-71.04995463549517,-39.313248306773765],[-71.04996345111927,-39.313263039165406]],[[-70.99665512599995,-39.26349595499994],[-71.0196033810652,-39.26252625215089],[-71.0015811282555,-39.27409099071745],[-70.99665512599995,-39.26349595499994]],[[-71.2054603258543,-39.35045141925943],[-71.17539580799996,-39.35359227699996],[-71.16897723999995,-39.33642691699998],[-71.07066917399999,-39.34441566499993],[-71.16897582999997,-39.336425780999946],[-71.2054603258543,-39.35045141925943]],[[-71.04520038088344,-39.38791785798849],[-71.10060501099997,-39.42484664899996],[-71.04519983099993,-39.38791769799997],[-71.04520038088344,-39.38791785798849]],[[-71.17167663599997,-39.559385299999974],[-71.14510902099994,-39.54032957399994],[-71.11239109599995,-39.54574437399998],[-71.0596169374051,-39.51941913920599],[-71.11239051799998,-39.545743941999945],[-71.14510917699994,-39.54032897899998],[-71.17167663599997,-39.559385299999974]],[[-71.22110748299997,-39.53821754499995],[-71.23417663599997,-39.49736595199994],[-71.22110883999994,-39.538218331999985],[-71.17167663599997,-39.559385299999974],[-71.22110748299997,-39.53821754499995]],[[-71.12954826783796,-39.5791319290284],[-71.17880412199997,-39.571507863999955],[-71.28052761492694,-39.5592913701869],[-71.12954826783796,-39.5791319290284]],[[-71.13096237199994,-39.62146949799995],[-71.20539283799997,-39.60561943099998],[-71.20539284122593,-39.605619448664164],[-71.13096237199994,-39.62146949799995]],[[-71.27816195000655,-39.630367582288336],[-71.21361465799998,-39.65063438699997],[-71.21361350999996,-39.65063285799994],[-71.27816195000655,-39.630367582288336]],[[-71.1848106564949,-39.7328738685132],[-71.18939255699996,-39.70309850799998],[-71.19640060209734,-39.70248937013762],[-71.1848106564949,-39.7328738685132]],[[-71.28472946709073,-39.714460236436345],[-71.22461304599994,-39.74051953299994],[-71.18679711716365,-39.73325544891524],[-71.22461318999996,-39.74051856999995],[-71.28472946709073,-39.714460236436345]],[[-71.367960144368,-39.729200135804795],[-71.32440566999998,-39.75733756999995],[-71.43510627699999,-39.76544952399996],[-71.51822280899995,-39.746160506999956],[-71.55900192299998,-39.70271682699996],[-71.62450946078314,-39.713176702300295],[-71.61945152299995,-39.735239028999956],[-71.56188201899994,-39.713977813999975],[-71.51130485499993,-39.76649475099998],[-71.52882003799994,-39.78563308699995],[-71.58436965899995,-39.78932380699996],[-71.60722732499994,-39.80960273699998],[-71.46567153899997,-39.775051116999975],[-71.43324089099997,-39.79361343399995],[-71.33239555399996,-39.78859710699993],[-71.30397033699995,-39.82254028299997],[-71.33239719399995,-39.78859374099994],[-71.21794687499994,-39.80534366599994],[-71.25414778899994,-39.762998438999944],[-71.31830071499996,-39.75633299499998],[-71.367960144368,-39.729200135804795]],[[-71.32315635699996,-39.85346031199998],[-71.35271263099997,-39.84327697799995],[-71.32315488299997,-39.85346196599994],[-71.30397033699995,-39.82254028299997],[-71.32315635699996,-39.85346031199998]],[[-71.30149847855795,-39.8948417988618],[-71.30347647499997,-39.88604042299994],[-71.35271263099997,-39.84327697799995],[-71.30149847855795,-39.8948417988618]],[[-71.29323982750428,-39.92970835552751],[-71.29930722243428,-39.90459210394039],[-71.32268333399998,-39.91388702399996],[-71.29323982750428,-39.92970835552751]],[[-71.29893682803078,-39.98898489584976],[-71.29323947299997,-39.92970979099994],[-71.29323965073591,-39.92970907130477],[-71.29893682803078,-39.98898489584976]],[[-71.29866599999997,-40.01490402199994],[-71.32747826899998,-40.028745252999954],[-71.33647727999994,-40.00415801999998],[-71.32747840899998,-40.02874565099995],[-71.29866599999997,-40.01490402199994]],[[-71.24869346599996,-40.021774291999975],[-71.23656553649928,-40.01319321662394],[-71.24869339599996,-40.02177384699996],[-71.29866599999997,-40.01490402199994],[-71.24869346599996,-40.021774291999975]],[[-71.29617309599996,-40.072954177999975],[-71.37236404399994,-40.02290153499996],[-71.56616020199993,-40.02452659599993],[-71.53154945399996,-40.04709625199996],[-71.39042091399995,-40.03619575499994],[-71.36012649499997,-40.05269241299993],[-71.34039159260261,-40.08833462475556],[-71.35068555999999,-40.039582992999954],[-71.29617334099999,-40.072954849999974],[-71.23982299499994,-40.08324953399995],[-71.20929481099995,-40.044122555999934],[-71.21229612954744,-40.02783093315167],[-71.23982238799994,-40.08324813799993],[-71.29617309599996,-40.072954177999975]],[[-71.26228418599999,-40.13285485799997],[-71.32582798197667,-40.159393174097616],[-71.26829910299995,-40.14557647699996],[-71.26228418599999,-40.13285485799997]],[[-71.11647005299994,-40.30641646799995],[-71.11521910731324,-40.294901455109425],[-71.1384517797389,-40.32124906538822],[-71.11647005299994,-40.30641646799995]],[[-71.13376759200104,-40.333198449850315],[-71.11530720202515,-40.339748259519446],[-71.11530708499998,-40.33974801399995],[-71.13376759200104,-40.333198449850315]],[[-71.19325956362275,-40.38303903205333],[-71.17189799899995,-40.34631276999994],[-71.12659266299994,-40.36342522399997],[-71.1209080318769,-40.35149883397603],[-71.12659263599994,-40.36342430099995],[-71.17189788799993,-40.346311568999965],[-71.19325956362275,-40.38303903205333]],[[-71.12165977899997,-40.41063672499996],[-71.15848064610576,-40.42116732391266],[-71.09793905907776,-40.43272580651681],[-71.12165977899997,-40.41063672499996]],[[-71.31118691557286,-41.00273696104392],[-71.28180082799997,-41.025530800999945],[-71.23605595299995,-41.01266745299995],[-71.28180122399993,-41.02552986099994],[-71.29619026199998,-40.99985504199998],[-71.31118691557286,-41.00273696104392]],[[-71.15010070799997,-40.93719673199996],[-71.25526618999999,-40.98421668999998],[-71.15010027299996,-40.93719662799998],[-71.14114218650765,-40.90905854517216],[-71.15010070799997,-40.93719673199996]],[[-71.1636017638362,-40.85780721626101],[-71.17136908399993,-40.84008268499997],[-71.16648931357824,-40.808586649031284],[-71.17136955299998,-40.84008216899997],[-71.1636017638362,-40.85780721626101]],[[-71.63914481870235,-40.91452235149026],[-71.63549423199999,-40.91480636599994],[-71.63136490399995,-40.91434861099998],[-71.63914481870235,-40.91452235149026]],[[-71.63136482199997,-40.91434860199996],[-71.63120170999997,-40.91421321599995],[-71.63136490399995,-40.91434861099998],[-71.63136482199997,-40.91434860199996]],[[-71.64019359599996,-40.91437576699997],[-71.64000701899994,-40.914455413999974],[-71.63961999399999,-40.91448538299994],[-71.64019359599996,-40.91437576699997]],[[-71.64081671583457,-40.91411038157938],[-71.64953896663786,-40.90677095648715],[-71.64691734299998,-40.91084670999993],[-71.64081671583457,-40.91411038157938]],[[-71.64968890999995,-40.90649860599996],[-71.64967536899997,-40.90655898999995],[-71.64966807299999,-40.90657023899996],[-71.64968890999995,-40.90649860599996]],[[-71.67615107143102,-40.90384289646653],[-71.67509078999996,-40.90244483899994],[-71.67485575258559,-40.9015961533334],[-71.67615107143102,-40.90384289646653]],[[-71.66037090799995,-40.923475173999975],[-71.66187095599997,-40.92071533199993],[-71.66786902067099,-40.9145251910295],[-71.66037090799995,-40.923475173999975]],[[-71.66416109699998,-40.92781402199995],[-71.66189193699995,-40.92667198199996],[-71.66001320199996,-40.92413329499993],[-71.66416109699998,-40.92781402199995]],[[-71.62312808483594,-40.948165224467026],[-71.62534713699995,-40.94719886799993],[-71.62938036877917,-40.94611760674679],[-71.62312808483594,-40.948165224467026]],[[-71.62113949399998,-40.949816486999964],[-71.62165450999998,-40.948806762999936],[-71.62236647399999,-40.94849689199998],[-71.62113949399998,-40.949816486999964]],[[-71.62454197699998,-40.95505128299993],[-71.62409019499995,-40.954975127999944],[-71.61976822699995,-40.95250494499993],[-71.62454197699998,-40.95505128299993]],[[-71.63118344382085,-40.95586952189455],[-71.62751197799997,-40.95555305499994],[-71.62493151259596,-40.95511709377073],[-71.63118344382085,-40.95586952189455]],[[-71.63354743999997,-40.95604992199998],[-71.63302040099995,-40.956027984999935],[-71.63151608099997,-40.955898193999985],[-71.63354743999997,-40.95604992199998]],[[-71.64658163600231,-40.95485815342737],[-71.63712501499998,-40.95620155299997],[-71.63490081495138,-40.95610728308877],[-71.64658163600231,-40.95485815342737]],[[-71.66071384099996,-40.953574755999966],[-71.65677452099999,-40.95396804799998],[-71.65611403599996,-40.95398205499998],[-71.66071384099996,-40.953574755999966]],[[-71.66215330399996,-40.95289985299996],[-71.66147422799997,-40.95349883999995],[-71.66147410999997,-40.95349885199994],[-71.66215330399996,-40.95289985299996]],[[-71.70468269618856,-40.94692700679606],[-71.70287895199993,-40.94554901099997],[-71.70091963380497,-40.94359829231435],[-71.70468269618856,-40.94692700679606]],[[-71.64081197699994,-40.97972673499993],[-71.69857025099998,-40.95466995199996],[-71.70233355099998,-40.95350217699996],[-71.64081197699994,-40.97972673499993]],[[-71.64092215499994,-40.979857885999934],[-71.64081191999998,-40.97972679099996],[-71.64081197699994,-40.97972673499993],[-71.64092215499994,-40.979857885999934]],[[-71.65310706220903,-40.978349058869334],[-71.64288711499995,-40.98219680799997],[-71.64205174687197,-40.98120245651563],[-71.65310706220903,-40.978349058869334]],[[-71.66618598614107,-40.97512993072741],[-71.66207885699998,-40.97609138499996],[-71.66103119599995,-40.976311771999974],[-71.66618598614107,-40.97512993072741]],[[-71.73405456599994,-40.97313308899993],[-71.72145271299996,-40.97127723699998],[-71.71991715095432,-40.96942130524301],[-71.73405456599994,-40.97313308899993]],[[-71.73840843699998,-40.971791751999945],[-71.73833656299996,-40.971843718999935],[-71.73758914899997,-40.97206863799994],[-71.73840843699998,-40.971791751999945]],[[-71.74198926973365,-40.969135175643956],[-71.74046325699999,-40.97031021099997],[-71.73899574528194,-40.97136829821842],[-71.74198926973365,-40.969135175643956]],[[-71.76490577199996,-40.94708504299996],[-71.75723075899998,-40.958507537999935],[-71.75693551089685,-40.958629743254455],[-71.76490577199996,-40.94708504299996]],[[-71.76484631799997,-40.94690278099995],[-71.76490592999994,-40.947084426999936],[-71.76490577199996,-40.94708504299996],[-71.76484631799997,-40.94690278099995]],[[-71.75932046299994,-40.94168540299995],[-71.76404952999997,-40.94446372999994],[-71.76470451714381,-40.946468713820195],[-71.75932046299994,-40.94168540299995]],[[-71.73374049082365,-40.940943108426374],[-71.73483848599994,-40.941911696999966],[-71.73812097469954,-40.946004346702814],[-71.73374049082365,-40.940943108426374]],[[-71.72997421399998,-40.93800387199997],[-71.73110008199995,-40.93861389199998],[-71.73179777999997,-40.939229359999956],[-71.72997421399998,-40.93800387199997]],[[-71.72794838386939,-40.93697543211443],[-71.72839736899994,-40.93714904799998],[-71.72904693654594,-40.9375011852918],[-71.72794838386939,-40.93697543211443]],[[-71.71119949699994,-40.930286947999946],[-71.71719169599999,-40.93171882599995],[-71.72551460515892,-40.93601743013836],[-71.71119949699994,-40.930286947999946]],[[-71.70267546779664,-40.920288749290066],[-71.70272827099996,-40.92032813999998],[-71.70344395499995,-40.926153505999935],[-71.70267546779664,-40.920288749290066]],[[-71.69702221999995,-40.916657501999964],[-71.69975471499998,-40.91810989399994],[-71.70229793599998,-40.92000711399993],[-71.69702221999995,-40.916657501999964]],[[-71.69882767299998,-40.90624260299995],[-71.69754409799998,-40.910470962999966],[-71.69572356430838,-40.913482724318776],[-71.69882767299998,-40.90624260299995]],[[-71.69817989699999,-40.90557388199994],[-71.69882774399997,-40.90624237099996],[-71.69882767299998,-40.90624260299995],[-71.69817989699999,-40.90557388199994]],[[-71.69447098299362,-40.89695918052991],[-71.69448661799998,-40.89697647099996],[-71.69450559166212,-40.89704117927112],[-71.69447098299362,-40.89695918052991]],[[-71.66709809111569,-40.87718227218231],[-71.66783714299999,-40.87645721399997],[-71.66842667498275,-40.876519367073236],[-71.66709809111569,-40.87718227218231]],[[-71.64621912288786,-40.88760223163657],[-71.64838409399994,-40.88657188399998],[-71.65338111645019,-40.885055593805525],[-71.64621912288786,-40.88760223163657]],[[-71.64612749699995,-40.88764583799997],[-71.62860906999998,-40.90828289199993],[-71.64339446999998,-40.88894653299997],[-71.64612749699995,-40.88764583799997]],[[-71.63006078529223,-40.91326622474385],[-71.62858200099998,-40.91203880299997],[-71.62858946598504,-40.91100301226076],[-71.63006078529223,-40.91326622474385]],[[-71.18322944599998,-40.87211036699995],[-71.18322974399996,-40.872110487999976],[-71.18641281099997,-40.91524505599995],[-71.18322944599998,-40.87211036699995]],[[-71.31971608962809,-40.922402198668834],[-71.29575347899998,-40.93642044099994],[-71.28969922824615,-40.93414359701059],[-71.31971608962809,-40.922402198668834]],[[-71.24035197799998,-40.87405914899995],[-71.24035229086539,-40.874058306533705],[-71.27166618530174,-40.88477412432721],[-71.24035197799998,-40.87405914899995]],[[-71.25132209093987,-40.844519451209436],[-71.26375579799998,-40.83948135399993],[-71.24035463795795,-40.874051986416006],[-71.25132209093987,-40.844519451209436]],[[-71.74092013938781,-40.85945998580525],[-71.74094009399994,-40.86062240599995],[-71.73400331399995,-40.86393544499998],[-71.74092013938781,-40.85945998580525]],[[-71.73400306699995,-40.863935470999934],[-71.73322251999997,-40.86306548399995],[-71.73400331399995,-40.86393544499998],[-71.73400306699995,-40.863935470999934]],[[-71.75708315999998,-40.856128884999976],[-71.75708303143367,-40.856130908794526],[-71.75704238699996,-40.85541454599996],[-71.75708315999998,-40.856128884999976]],[[-71.75682376299994,-40.860212117999936],[-71.75673087799998,-40.86072961799994],[-71.75682388794785,-40.86021015116385],[-71.75682376299994,-40.860212117999936]],[[-71.75527191199996,-40.86533546399994],[-71.75603984399999,-40.862951693999946],[-71.75527228799996,-40.86533569599993],[-71.75527191199996,-40.86533546399994]],[[-71.76077842699993,-40.86873435999996],[-71.76388214299993,-40.86981552599997],[-71.76534365599997,-40.870324918999984],[-71.76077842699993,-40.86873435999996]],[[-71.77042840999997,-40.872053628999936],[-71.76763915999999,-40.87112426799996],[-71.76534365599997,-40.870324918999984],[-71.77042840999997,-40.872053628999936]],[[-71.77220176699996,-40.87264404299998],[-71.77220346265634,-40.87264469120945],[-71.77042840999997,-40.872053628999936],[-71.77220176699996,-40.87264404299998]],[[-71.77561039199998,-40.87394707999994],[-71.77619351199996,-40.87417806399998],[-71.77560787874123,-40.87394611924035],[-71.77561039199998,-40.87394707999994]],[[-71.77431678799996,-40.89425849899993],[-71.77916165799996,-40.89446672699995],[-71.76281358099999,-40.894646017999946],[-71.77431678799996,-40.89425849899993]],[[-71.76295852699997,-40.898393630999976],[-71.76287213999996,-40.896160072999976],[-71.76295895299995,-40.89839406799996],[-71.76295852699997,-40.898393630999976]],[[-71.78460268563133,-40.90588954047927],[-71.78075027499995,-40.90566444399997],[-71.77166367099994,-40.90415763999994],[-71.78460268563133,-40.90588954047927]],[[-71.79973797999997,-40.91056031499994],[-71.79988194299995,-40.91062383299993],[-71.79973777807652,-40.91056025040817],[-71.79973797999997,-40.91056031499994]],[[-71.80669596699994,-40.91774586199995],[-71.80669593381316,-40.91774590600418],[-71.80670472999998,-40.91754362199998],[-71.80669596699994,-40.91774586199995]],[[-71.79593086199998,-40.937095641999974],[-71.79467331499995,-40.93404918999994],[-71.79593146799994,-40.93709568999998],[-71.79593086199998,-40.937095641999974]],[[-71.79891275899996,-40.937332013999935],[-71.79891204799998,-40.93733215299994],[-71.79871304599999,-40.93731623299993],[-71.79891275899996,-40.937332013999935]],[[-71.80310210999994,-40.93644520999993],[-71.80244827299998,-40.936641692999956],[-71.80158544399995,-40.93681004999996],[-71.80310210999994,-40.93644520999993]],[[-71.82789635946317,-40.937507862686296],[-71.82525253299997,-40.94016838099998],[-71.81305371699995,-40.938509109999984],[-71.82789635946317,-40.937507862686296]],[[-71.82816865599995,-40.93723384699996],[-71.81845053399996,-40.93217148399998],[-71.82141876199995,-40.933380126999964],[-71.82816865599995,-40.93723384699996]],[[-71.82137908699997,-40.92700799599993],[-71.82127380399999,-40.92721176099997],[-71.82117732699999,-40.92735550499998],[-71.82137908699997,-40.92700799599993]],[[-71.82246791178801,-40.92162341906494],[-71.82333373999995,-40.92323112499997],[-71.82207227951595,-40.92566857733534],[-71.82246791178801,-40.92162341906494]],[[-71.82172975399999,-40.92068531999996],[-71.82221412699994,-40.921152114999984],[-71.82243527999998,-40.921562826999946],[-71.82172975399999,-40.92068531999996]],[[-71.81891448652088,-40.91803630430491],[-71.81945037799994,-40.91848754899996],[-71.82079282307322,-40.91978193257296],[-71.81891448652088,-40.91803630430491]],[[-71.81544876099997,-40.915117263999946],[-71.81400526799996,-40.91401383999994],[-71.81330218799997,-40.91347597699996],[-71.81544876099997,-40.915117263999946]],[[-71.81000093299997,-40.896645088999946],[-71.81004524199994,-40.896780013999944],[-71.81004520799996,-40.896780648999936],[-71.81000093299997,-40.896645088999946]],[[-71.80983431551039,-40.89613544479863],[-71.79774958299998,-40.87900514199998],[-71.80886650099995,-40.89317512499997],[-71.80983431551039,-40.89613544479863]],[[-71.79750705499998,-40.878708950999965],[-71.79750439721543,-40.878705582624065],[-71.79774958299998,-40.87900514199998],[-71.79750705499998,-40.878708950999965]],[[-71.79161262499997,-40.87034034699997],[-71.79097003499999,-40.86957973699998],[-71.79058364099996,-40.86912220199997],[-71.79161262499997,-40.87034034699997]],[[-71.78188850895752,-40.86260531370436],[-71.78804016099997,-40.86611175499996],[-71.79058364099996,-40.86912220199997],[-71.78188850895752,-40.86260531370436]],[[-71.77516286299993,-40.856808918999945],[-71.77498612799997,-40.85662827899995],[-71.77516536197575,-40.85681141712402],[-71.77516286299993,-40.856808918999945]],[[-71.7698952295518,-40.852097164192806],[-71.77261543299994,-40.85420608499993],[-71.77498612799997,-40.85662827899995],[-71.7698952295518,-40.852097164192806]],[[-71.76519352499997,-40.84810227199995],[-71.76508136099994,-40.847998709999956],[-71.7651945817316,-40.84810317428677],[-71.76519352499997,-40.84810227199995]],[[-71.76107667999997,-40.84183169299996],[-71.76124572799995,-40.84212493899997],[-71.76132989099995,-40.84230091599994],[-71.76107667999997,-40.84183169299996]],[[-71.76096564703168,-40.84163901518946],[-71.75372216138194,-40.8330330372441],[-71.75933647199997,-40.83881187399993],[-71.76096564703168,-40.84163901518946]],[[-71.74184799199998,-40.82476806599993],[-71.75287325599999,-40.83232011999996],[-71.73788335999996,-40.82398434099997],[-71.74184799199998,-40.82476806599993]],[[-71.72706031799999,-40.827466964999985],[-71.73077003899994,-40.826480078999964],[-71.71117314799994,-40.83679807699997],[-71.72706031799999,-40.827466964999985]],[[-71.37043380699998,-40.78296279899996],[-71.36417770399999,-40.75768279999994],[-71.40741767542237,-40.784531756314735],[-71.36417884399998,-40.75768357099997],[-71.37043400599998,-40.78296310099995],[-71.34067535399998,-40.81416892999994],[-71.37043380699998,-40.78296279899996]],[[-71.39563320599996,-40.815459714999974],[-71.34638193484756,-40.829842561285545],[-71.39562740467751,-40.81545957880845],[-71.39563320599996,-40.815459714999974]],[[-71.33232539077157,-40.83394801561122],[-71.38325774399993,-40.85916292899998],[-71.3832565224023,-40.859163091119726],[-71.33232539077157,-40.83394801561122]],[[-71.33944320699999,-40.90331458999998],[-71.33831787099996,-40.865125655999975],[-71.37613950138041,-40.86010759987424],[-71.33831833599999,-40.86512689399996],[-71.33944320699999,-40.90331458999998]],[[-71.71768569899996,-40.69939231899997],[-71.71682886199994,-40.69824238099994],[-71.71620927399994,-40.697410789999935],[-71.71768569899996,-40.69939231899997]],[[-71.71565174179553,-40.69233490532687],[-71.71629142799998,-40.69448280299997],[-71.71617097822958,-40.697062137649056],[-71.71565174179553,-40.69233490532687]],[[-71.71559333799996,-40.69213867199994],[-71.71526165299997,-40.69138032999996],[-71.71504776199998,-40.69089103699997],[-71.71559333799996,-40.69213867199994]],[[-71.74070534799995,-40.63804304699994],[-71.66797264699994,-40.67134285999998],[-71.66586279499995,-40.73791156899995],[-71.63515416799999,-40.73691248099993],[-71.65398979199995,-40.733331679999935],[-71.66643142699996,-40.62245559699994],[-71.70581984199998,-40.60362139199998],[-71.66737174999997,-40.639701842999955],[-71.69387841899999,-40.655862611999964],[-71.72741745099995,-40.62459154399994],[-71.75859069799998,-40.60800361599996],[-71.76032257099996,-40.539663314999984],[-71.78418159499995,-40.54520606999995],[-71.78932189899996,-40.57009696999995],[-71.80076985899996,-40.55231758399998],[-71.81077834399997,-40.58096379999995],[-71.76278114299998,-40.64787864699997],[-71.71465459099994,-40.68755282999996],[-71.69546056499996,-40.68857477299997],[-71.74070534799995,-40.63804304699994]],[[-71.63451957699993,-40.735788344999946],[-71.63458261499994,-40.73590017999993],[-71.63444001092019,-40.73567445868428],[-71.63451957699993,-40.735788344999946]],[[-71.63171344799997,-40.73135870999994],[-71.63054200899995,-40.72936475299997],[-71.63171613079287,-40.73136295646711],[-71.63171344799997,-40.73135870999994]],[[-71.62996878599995,-40.72843332599996],[-71.63002586399995,-40.728487014999985],[-71.63054200899995,-40.72936475299997],[-71.62996878599995,-40.72843332599996]],[[-71.62960860299995,-40.728094950999946],[-71.6296078516098,-40.72809419389537],[-71.62996878599995,-40.72843332599996],[-71.62960860299995,-40.728094950999946]],[[-71.62927465399997,-40.69566890999994],[-71.63043594399994,-40.69797515899995],[-71.62720603517553,-40.71493820621171],[-71.62927465399997,-40.69566890999994]],[[-71.62921527899994,-40.69555109299995],[-71.62521463899998,-40.691641757999946],[-71.62814331099997,-40.69342231799993],[-71.62921527899994,-40.69555109299995]],[[-71.61890192365932,-40.68984051856569],[-71.62407581999997,-40.69094902499995],[-71.62446069823149,-40.691183142846555],[-71.61890192365932,-40.68984051856569]],[[-71.61453956699995,-40.688786867999966],[-71.61346305899997,-40.68809038599994],[-71.61453970019906,-40.68878690017187],[-71.61453956699995,-40.688786867999966]],[[-71.60857100299995,-40.68514875999995],[-71.61168861399995,-40.68694305399998],[-71.61346305899997,-40.68809038599994],[-71.60857100299995,-40.68514875999995]],[[-71.60379927699995,-40.683564124999975],[-71.60578346299997,-40.684034347999955],[-71.60857100299995,-40.68514875999995],[-71.60379927699995,-40.683564124999975]],[[-71.6033283333801,-40.68345230635098],[-71.59833058699996,-40.68358508099993],[-71.59871673599997,-40.683174132999966],[-71.6033283333801,-40.68345230635098]],[[-71.59747070199995,-40.684501533999935],[-71.59747052440869,-40.68450163154885],[-71.59833058699996,-40.68358508099993],[-71.59747070199995,-40.684501533999935]],[[-71.56740760799994,-40.69515991199995],[-71.57390377399997,-40.69533430599995],[-71.55668312799997,-40.71368398399994],[-71.56740760799994,-40.69515991199995]],[[-71.5783429482213,-40.72563048293072],[-71.57653045699993,-40.72422599799995],[-71.57646247401136,-40.71997481058495],[-71.5783429482213,-40.72563048293072]],[[-71.58089720599997,-40.72760935599996],[-71.58089637799998,-40.727609633999975],[-71.57923786399994,-40.72632394599998],[-71.58089720599997,-40.72760935599996]],[[-71.60024452199997,-40.72260284399994],[-71.60076074299997,-40.71906029599995],[-71.61614828225717,-40.730567035779146],[-71.60024452199997,-40.72260284399994]],[[-71.61824141499994,-40.732132271999944],[-71.61997345599997,-40.73361455999998],[-71.61824002318464,-40.732131231206075],[-71.61824141499994,-40.732132271999944]],[[-71.62313190299994,-40.73865083099997],[-71.62312316899994,-40.73864364599996],[-71.62312313099994,-40.738643525999976],[-71.62313190299994,-40.73865083099997]],[[-71.62075805699999,-40.744724273999964],[-71.62532568399996,-40.74047778999994],[-71.60342099238392,-40.77172479895538],[-71.62075805699999,-40.744724273999964]],[[-71.59774950499997,-40.77981516699998],[-71.59695927599995,-40.78070466699995],[-71.59775010551976,-40.779814310359406],[-71.59774950499997,-40.77981516699998]],[[-71.59369072999993,-40.78404623999995],[-71.57125886599994,-40.80408077599998],[-71.57112734399993,-40.80424396999996],[-71.57375717199994,-40.80097961399997],[-71.59369072999993,-40.78404623999995]],[[-71.88837775099995,-40.78589549099996],[-71.88831901599997,-40.785907744999975],[-71.88883781399994,-40.78579902599995],[-71.88837775099995,-40.78589549099996]],[[-71.88108062699996,-40.82508659399997],[-71.88091660399994,-40.82288372599993],[-71.88091659999998,-40.82288366399996],[-71.88108062699996,-40.82508659399997]],[[-71.87438472199995,-40.84783630199996],[-71.87410163899995,-40.847818374999974],[-71.87486648599997,-40.847866057999966],[-71.87438472199995,-40.84783630199996]],[[-71.74271658186494,-40.76993572071263],[-71.74238204999995,-40.77399635299997],[-71.74195303653892,-40.7759019409202],[-71.74271658186494,-40.76993572071263]],[[-71.74175855666587,-40.77768131972234],[-71.74190902699996,-40.780128478999984],[-71.74132188731751,-40.789673039036806],[-71.74175855666587,-40.77768131972234]],[[-71.80882139499994,-40.77765725799998],[-71.80882324042688,-40.777663463487386],[-71.80872376599996,-40.77735200799998],[-71.80882139499994,-40.77765725799998]],[[-71.82732063568703,-40.777587472444274],[-71.82562637299998,-40.779083251999964],[-71.81069994499995,-40.783974125999976],[-71.82732063568703,-40.777587472444274]],[[-71.82796859699994,-40.77701568599997],[-71.82825809099995,-40.776520232999985],[-71.82846043999996,-40.77617415999998],[-71.82796859699994,-40.77701568599997]],[[-71.83069740384411,-40.77116839272624],[-71.82998466499998,-40.773565291999944],[-71.82846043999996,-40.77617415999998],[-71.83069740384411,-40.77116839272624]],[[-71.83090421199995,-40.765515421999964],[-71.83071517599996,-40.77110862599994],[-71.83069741447666,-40.7711683569696],[-71.83090421199995,-40.765515421999964]],[[-71.82130062699997,-40.76219302299995],[-71.81871468899993,-40.761893147999956],[-71.83090421199995,-40.765515421999964],[-71.82130062699997,-40.76219302299995]],[[-71.78521621099998,-40.76250026499997],[-71.78524970999996,-40.76248931899994],[-71.80305553899996,-40.764501491999965],[-71.78521621099998,-40.76250026499997]],[[-71.78119850199994,-40.76382636999995],[-71.77558867399995,-40.77896561499995],[-71.77441978499996,-40.77890968299994],[-71.78119850199994,-40.76382636999995]],[[-71.78877499299995,-40.77415848099997],[-71.77855682399996,-40.779108046999966],[-71.7767723254268,-40.7790224146361],[-71.78877499299995,-40.77415848099997]],[[-71.33669471699994,-40.745155333999946],[-71.26969647099997,-40.75671872099997],[-71.26969604106402,-40.75671755100535],[-71.33669471699994,-40.745155333999946]],[[-71.25406629705756,-40.71418396789707],[-71.25406646699997,-40.71418380699998],[-71.25752121782018,-40.72358592350994],[-71.25406629705756,-40.71418396789707]],[[-71.23751068099995,-40.729858397999976],[-71.24896434667987,-40.71901436287032],[-71.23751117399996,-40.729859800999975],[-71.20775702299001,-40.70914066252971],[-71.23751068099995,-40.729858397999976]],[[-71.19437980699996,-40.72125816299996],[-71.19438078599995,-40.72125795599993],[-71.21886162455313,-40.7360663780539],[-71.19437980699996,-40.72125816299996]],[[-71.27806235837738,-40.825419032838596],[-71.22654914899994,-40.77690505999993],[-71.25223654662665,-40.75625481771904],[-71.24025836199996,-40.787244262999934],[-71.27806235837738,-40.825419032838596]],[[-71.30746841399997,-40.83426666299994],[-71.28361813399994,-40.80788548999993],[-71.28361815855556,-40.80788547537634],[-71.30746841399997,-40.83426666299994]],[[-71.41161875299997,-40.744338753999955],[-71.41052818299994,-40.74382591199998],[-71.40980754699996,-40.740182595999954],[-71.41161875299997,-40.744338753999955]],[[-71.4181402824891,-40.74713868256906],[-71.41597175599998,-40.74638748199993],[-71.41319341880644,-40.745079865809046],[-71.4181402824891,-40.74713868256906]],[[-71.42244466699998,-40.76790324499996],[-71.42215392199995,-40.76876246099994],[-71.42244493314462,-40.76790199703125],[-71.42244466699998,-40.76790324499996]],[[-71.42096329699996,-40.777682966999976],[-71.42211151099997,-40.76888847399994],[-71.42215392199995,-40.76876246099994],[-71.42096329699996,-40.777682966999976]],[[-71.43174628799994,-40.79559896799998],[-71.43161582899995,-40.79427337599998],[-71.43164615080607,-40.79414403200685],[-71.43174628799994,-40.79559896799998]],[[-71.43184116099997,-40.796560169999964],[-71.43209120299997,-40.79909347399996],[-71.43174628799994,-40.79559896799998],[-71.43184116099997,-40.796560169999964]],[[-71.43687677259187,-40.80096694309771],[-71.43539047199994,-40.80078697199997],[-71.43468160699996,-40.800422959999935],[-71.43687677259187,-40.80096694309771]],[[-71.44080684599999,-40.80194085299996],[-71.44163171199995,-40.80236375399994],[-71.44080577491046,-40.8019405875737],[-71.44080684599999,-40.80194085299996]],[[-71.45734485761406,-40.775690220457236],[-71.44283676099997,-40.80298042299995],[-71.44163171199995,-40.80236375399994],[-71.45734485761406,-40.775690220457236]],[[-71.45696234199994,-40.77414505199994],[-71.45749473599994,-40.77519226099997],[-71.45747416499995,-40.775260222999975],[-71.45696234199994,-40.77414505199994]],[[-71.46051198591869,-40.74991130360677],[-71.46106379199995,-40.73673872099994],[-71.46411514299996,-40.74396133399995],[-71.46051198591869,-40.74991130360677]],[[-71.45923054299993,-40.73490824299995],[-71.44117556525524,-40.73665530373608],[-71.46106379199995,-40.73673872099994],[-71.45923054299993,-40.73490824299995]],[[-71.41920494799996,-40.738781254999935],[-71.41810994899998,-40.73822604099996],[-71.4192050397226,-40.73878124612454],[-71.41920494799996,-40.738781254999935]],[[-71.41299825999994,-40.73756026999996],[-71.41657829299999,-40.73744964599996],[-71.41810994899998,-40.73822604099996],[-71.41299825999994,-40.73756026999996]],[[-71.41117105999996,-40.739061955999944],[-71.40987491699997,-40.74012719199993],[-71.41299825999994,-40.73756026999996],[-71.41117105999996,-40.739061955999944]],[[-71.48220600299999,-40.67262927399997],[-71.48220206107196,-40.67261991014033],[-71.48239476199996,-40.673064979999936],[-71.48220600299999,-40.67262927399997]],[[-71.4794665961598,-40.666349999333384],[-71.48051643399998,-40.66810226399997],[-71.48122212826604,-40.670186758722146],[-71.4794665961598,-40.666349999333384]],[[-71.47764968899997,-40.66216087299995],[-71.46226199099993,-40.66251343399995],[-71.46122316299994,-40.66440967999995],[-71.46261596699998,-40.66186714199995],[-71.47764968899997,-40.66216087299995]],[[-71.45969330499997,-40.66697697099994],[-71.45969275198856,-40.66697743253706],[-71.46033755399998,-40.66597113499995],[-71.45969330499997,-40.66697697099994]],[[-71.44949454299996,-40.675028589999954],[-71.4494919757106,-40.67502911262461],[-71.45017910099995,-40.67485477599996],[-71.44949454299996,-40.675028589999954]],[[-71.43564445899995,-40.677848059999974],[-71.43537264199995,-40.67788263299997],[-71.43564540519955,-40.677847867381544],[-71.43564445899995,-40.677848059999974]],[[-71.43515251327403,-40.677914513375086],[-71.43535423299994,-40.67788505599998],[-71.43537264199995,-40.67788263299997],[-71.43515251327403,-40.677914513375086]],[[-71.42331521856593,-40.68396800403534],[-71.43200683599997,-40.67837333699998],[-71.43475315599994,-40.677972831999966],[-71.42331521856593,-40.68396800403534]],[[-71.41150557899994,-40.690158002999965],[-71.41150557848256,-40.69015800304223],[-71.4115055800786,-40.69015800243459],[-71.41150557899994,-40.690158002999965]],[[-71.40821918199998,-40.69033365699994],[-71.40821803684256,-40.690333517268776],[-71.41068828799996,-40.69022476899994],[-71.40821918199998,-40.69033365699994]],[[-71.39565765474919,-40.687259748952506],[-71.39682960499994,-40.68754577599998],[-71.40012219999691,-40.68901945838482],[-71.39565765474919,-40.687259748952506]],[[-71.37286555099996,-40.695438628999966],[-71.39258003199996,-40.68650817899993],[-71.39474714799996,-40.68703752999994],[-71.37286555099996,-40.695438628999966]],[[-71.37144660899997,-40.69819831799998],[-71.37259092499994,-40.695972747999974],[-71.36953203099995,-40.703711700999975],[-71.37144660899997,-40.69819831799998]],[[-71.37072680099993,-40.70713988899996],[-71.37434532599997,-40.709970571999975],[-71.37118720999996,-40.70846176099997],[-71.37072680099993,-40.70713988899996]],[[-71.37505655255312,-40.70998311026738],[-71.38846451960681,-40.7048194681291],[-71.37899208099998,-40.71005248999995],[-71.37505655255312,-40.70998311026738]],[[-71.39457725999995,-40.70307148999996],[-71.39503328899997,-40.70310334699997],[-71.39436038299993,-40.70305639099996],[-71.39457725999995,-40.70307148999996]],[[-71.40503782180048,-40.70643954633894],[-71.40284347499994,-40.70579147299998],[-71.40258341113055,-40.705621077009305],[-71.40503782180048,-40.70643954633894]],[[-71.41283607499997,-40.708269118999965],[-71.40658776499998,-40.70689730299995],[-71.41375560199998,-40.70831137099998],[-71.41283607499997,-40.708269118999965]],[[-71.42643952367662,-40.69933676007],[-71.41615867599995,-40.70842170699996],[-71.41375560199998,-40.70831137099998],[-71.42643952367662,-40.69933676007]],[[-71.44194272199996,-40.693749716999946],[-71.44191360499997,-40.69375419599993],[-71.44189785799995,-40.693754841999976],[-71.44194272199996,-40.693749716999946]],[[-71.46489210299995,-40.69327273299996],[-71.47306843799998,-40.702277772999935],[-71.47373661999995,-40.70227088299998],[-71.47232246399994,-40.70228576699998],[-71.46489210299995,-40.69327273299996]],[[-71.48348164143643,-40.69928849644153],[-71.47570419299996,-40.702249526999935],[-71.47373661999995,-40.70227088299998],[-71.48348164143643,-40.69928849644153]],[[-71.51150190093473,-40.70993480258093],[-71.50900077799997,-40.710157393999964],[-71.49729016099997,-40.708702475999985],[-71.51150190093473,-40.70993480258093]],[[-71.51929969399998,-40.71369704799997],[-71.51929957925098,-40.71369736976898],[-71.51841647999998,-40.71295713999996],[-71.51929969399998,-40.71369704799997]],[[-71.51623982699994,-40.72227725699997],[-71.51442995699995,-40.72337163999998],[-71.51623984311954,-40.72227721179882],[-71.51623982699994,-40.72227725699997]],[[-71.49922619299997,-40.726607083999966],[-71.49569183099999,-40.72728137599995],[-71.49923138612597,-40.726605991592784],[-71.49922619299997,-40.726607083999966]],[[-71.49204303044385,-40.72821917202804],[-71.49400329599996,-40.72760391199995],[-71.49569183099999,-40.72728137599995],[-71.49204303044385,-40.72821917202804]],[[-71.49151556599998,-40.728384724999955],[-71.4706382195988,-40.76970692343616],[-71.49032020599998,-40.72875976599994],[-71.49151556599998,-40.728384724999955]],[[-71.46908784799996,-40.781216520999976],[-71.47010421799996,-40.77187919599993],[-71.47062612099995,-40.76975616799996],[-71.46908784799996,-40.781216520999976]],[[-71.46974182099996,-40.783470153999986],[-71.46934709399994,-40.78210989699994],[-71.46987049799998,-40.783912827999984],[-71.46974182099996,-40.783470153999986]],[[-71.47261031699998,-40.79043167999998],[-71.47072219799998,-40.78684806799998],[-71.47009281025792,-40.78467898959679],[-71.47261031699998,-40.79043167999998]],[[-71.49104565399995,-40.78231837399994],[-71.49102401699997,-40.78090476999995],[-71.49230369699995,-40.77813372299994],[-71.49104565399995,-40.78231837399994]],[[-71.49200754261183,-40.78627055848697],[-71.49107932999993,-40.784521102999975],[-71.49104690296815,-40.78240006833694],[-71.49200754261183,-40.78627055848697]],[[-71.49297523499996,-40.78809547399993],[-71.49391816799994,-40.789239936999934],[-71.49438622499997,-40.78980853099995],[-71.49297523499996,-40.78809547399993]],[[-71.49462834999997,-40.79317624799995],[-71.49431674999994,-40.794564510999976],[-71.49517035699995,-40.79076109099998],[-71.49462834999997,-40.79317624799995]],[[-71.49262501799996,-40.80528350099996],[-71.49314117399996,-40.79894065899998],[-71.49430441399994,-40.79461943299998],[-71.49262501799996,-40.80528350099996]],[[-71.49328846399999,-40.80740430999998],[-71.49295234699997,-40.80663299599996],[-71.49262501799996,-40.80528350099996],[-71.49328846399999,-40.80740430999998]],[[-71.49346386599996,-40.80780602799996],[-71.49346417783148,-40.80780716468556],[-71.49328846399999,-40.80740430999998],[-71.49346386599996,-40.80780602799996]],[[-71.49480575299998,-40.81269746299995],[-71.49487855899997,-40.81309093999994],[-71.49480537675512,-40.812696091515434],[-71.49480575299998,-40.81269746299995]],[[-71.49636794599996,-40.81430410199994],[-71.49488830599995,-40.81314277599995],[-71.49487855899997,-40.81309093999994],[-71.49636794599996,-40.81430410199994]],[[-71.49636794599996,-40.81430410199994],[-71.49945689799995,-40.81545219999998],[-71.50085085799998,-40.815547728999945],[-71.49636794599996,-40.81430410199994]],[[-71.5097656272222,-40.80336781721563],[-71.50261497499997,-40.815668105999976],[-71.50085085799998,-40.815547728999945],[-71.5097656272222,-40.80336781721563]],[[-71.52253723099994,-40.787126540999964],[-71.52395041299997,-40.786920219999956],[-71.52495098499998,-40.78677431199998],[-71.52253723099994,-40.787126540999964]],[[-71.53637682499993,-40.78449444499995],[-71.52592086799996,-40.786632537999935],[-71.52495098499998,-40.78677431199998],[-71.53637682499993,-40.78449444499995]],[[-71.53643753199998,-40.784345375999976],[-71.53637695299994,-40.78449439999997],[-71.53637682499993,-40.78449444499995],[-71.53643753199998,-40.784345375999976]],[[-71.5365680244257,-40.78402477078031],[-71.53149329299998,-40.76993466199997],[-71.53903579699994,-40.77796173099995],[-71.5365680244257,-40.78402477078031]],[[-71.52574469799998,-40.76388910399993],[-71.52710342399996,-40.76504707299995],[-71.52833574603392,-40.766615482434155],[-71.52574469799998,-40.76388910399993]],[[-71.52548996299998,-40.763672277999945],[-71.52548936916641,-40.76367157687659],[-71.52574469799998,-40.76388910399993],[-71.52548996299998,-40.763672277999945]],[[-71.53063104499995,-40.74327738699998],[-71.53116842299994,-40.743926157999965],[-71.53063090718447,-40.74327736013946],[-71.53063104499995,-40.74327738699998]],[[-71.54248604641907,-40.76012453109928],[-71.53932952899999,-40.75712394699997],[-71.53239654362072,-40.7456839083058],[-71.54248604641907,-40.76012453109928]],[[-71.54307775699993,-40.76068697799997],[-71.54307746899997,-40.76068687399993],[-71.54294237199997,-40.76055831399998],[-71.54307775699993,-40.76068697799997]],[[-71.54682880899998,-40.76202321899996],[-71.54680061299996,-40.76201820399996],[-71.54680036499997,-40.76201811499993],[-71.54682880899998,-40.76202321899996]],[[-71.55051231399995,-40.762683867999954],[-71.56606658299995,-40.75177336399997],[-71.56609535199993,-40.751804351999965],[-71.55051231399995,-40.762683867999954]],[[-71.56606658299995,-40.75177336399997],[-71.56147155899998,-40.74758260999994],[-71.55955574599994,-40.74620084399993],[-71.56606658299995,-40.75177336399997]],[[-71.55471795799997,-40.74426132599996],[-71.55893325799997,-40.74575233499996],[-71.55955574599994,-40.74620084399993],[-71.55471795799997,-40.74426132599996]],[[-71.55388253599995,-40.74398634099998],[-71.55388187709377,-40.743986010615444],[-71.55471795799997,-40.74426132599996],[-71.55388253599995,-40.74398634099998]],[[-71.54636901958565,-40.734878285970005],[-71.54932253028662,-40.727353911601206],[-71.54980850199996,-40.72838020299997],[-71.54636901958565,-40.734878285970005]],[[-71.54842738139959,-40.72526497991863],[-71.54622735099997,-40.721629019999966],[-71.54790878299997,-40.723934173999965],[-71.54842738139959,-40.72526497991863]],[[-71.54570535099998,-40.72125668999996],[-71.5457049928284,-40.72125633441025],[-71.54622735099997,-40.721629019999966],[-71.54570535099998,-40.72125668999996]],[[-71.51829453999994,-40.67519539399996],[-71.51833534199994,-40.67525291399994],[-71.53233399499999,-40.70798172099995],[-71.51829453999994,-40.67519539399996]],[[-71.51806040599996,-40.67486706799997],[-71.51490171064192,-40.67058738737839],[-71.51829453999994,-40.67519539399996],[-71.51806040599996,-40.67486706799997]],[[-71.50487682099998,-40.659896629999935],[-71.50922012299998,-40.662725448999936],[-71.51015662536841,-40.66413876377039],[-71.50487682099998,-40.659896629999935]],[[-71.49935989899996,-40.65800394199994],[-71.50300788899995,-40.658365249999974],[-71.50487682099998,-40.659896629999935],[-71.49935989899996,-40.65800394199994]],[[-71.49832493567979,-40.65804968112283],[-71.49902152999994,-40.65797042799994],[-71.49905506499994,-40.657973648999985],[-71.49832493567979,-40.65804968112283]],[[-71.49468421899996,-40.67172813399998],[-71.49800501699997,-40.65808607899993],[-71.49472324399994,-40.67410426499998],[-71.49468421899996,-40.67172813399998]],[[-71.48893686499997,-40.67844077999996],[-71.48893614675606,-40.6784405254404],[-71.49043171799997,-40.67865340599997],[-71.48893686499997,-40.67844077999996]],[[-71.16650288999995,-40.666077161999965],[-71.17030758127568,-40.68891167314105],[-71.16650199899993,-40.66607665999993],[-71.34909087899996,-40.65028763599997],[-71.45397758499996,-40.615091323999934],[-71.47307586699998,-40.57767295799994],[-71.57674799799997,-40.485457090999944],[-71.58039687399997,-40.509208323999985],[-71.50089265199995,-40.59633922799998],[-71.54646682699996,-40.616725920999954],[-71.35982894899996,-40.66999435399998],[-71.16650288999995,-40.666077161999965]],[[-71.57456740799995,-40.64034042399993],[-71.57512831553593,-40.640882587139664],[-71.57512740899995,-40.64088186099997],[-71.57456740799995,-40.64034042399993]],[[-71.56589386599995,-40.63358199199996],[-71.56644439699994,-40.63390159599993],[-71.57265912599996,-40.638256729999966],[-71.56589386599995,-40.63358199199996]],[[-71.54698371899997,-40.65695953399995],[-71.55862758099994,-40.647884759999954],[-71.54116255399998,-40.66925461599993],[-71.54698371899997,-40.65695953399995]],[[-71.54218482999994,-40.67435836799996],[-71.54385858099994,-40.676847503999966],[-71.54436791799998,-40.67760555199993],[-71.54218482999994,-40.67435836799996]],[[-71.54775548599997,-40.68027670499998],[-71.54471015899998,-40.67811393699998],[-71.54436791799998,-40.67760555199993],[-71.54775548599997,-40.68027670499998]],[[-71.54937105199997,-40.68142351499995],[-71.55370805899997,-40.683841264999955],[-71.54775548599997,-40.68027670499998],[-71.54937105199997,-40.68142351499995]],[[-71.57372125999996,-40.67567234999996],[-71.56046867399994,-40.68536186199998],[-71.55392744440488,-40.683890609148165],[-71.57372125999996,-40.67567234999996]],[[-71.63067054699997,-40.67000198399995],[-71.60699628899994,-40.671225264999975],[-71.6322520107852,-40.66756703528419],[-71.63067054699997,-40.67000198399995]],[[-71.63344989699993,-40.66557691699995],[-71.63325500499997,-40.66602325399998],[-71.63294766899998,-40.66649594399996],[-71.63344989699993,-40.66557691699995]],[[-71.63411073136938,-40.66406594306638],[-71.63167718344728,-40.655072600258016],[-71.63519668599997,-40.66158294699994],[-71.63411073136938,-40.66406594306638]],[[-71.63116840499998,-40.65444459899993],[-71.63124465899995,-40.65453147899996],[-71.63133484499997,-40.654644409999946],[-71.63116840499998,-40.65444459899993]],[[-71.63104057299995,-40.627504348999935],[-71.61353506999995,-40.62979248299996],[-71.61313068999993,-40.63124269399998],[-71.61441993699998,-40.62661743199993],[-71.63104057299995,-40.627504348999935]],[[-71.61266034399995,-40.633201732999964],[-71.61280822799995,-40.632400512999936],[-71.61313068999993,-40.63124269399998],[-71.61266034399995,-40.633201732999964]],[[-71.61255277299995,-40.633785899999964],[-71.61255266085075,-40.633785955779004],[-71.61266034399995,-40.633201732999964],[-71.61255277299995,-40.633785899999964]],[[-71.58205196399996,-40.64895592399995],[-71.58186360999997,-40.648493031999976],[-71.5820520347332,-40.648955888819735],[-71.58205196399996,-40.64895592399995]],[[-71.57968177099997,-40.64451039299996],[-71.58046722399996,-40.64506339999997],[-71.58186360999997,-40.648493031999976],[-71.57968177099997,-40.64451039299996]],[[-71.57948102199998,-40.64436912599996],[-71.57948046664154,-40.644368681155164],[-71.57968177099997,-40.64451039299996],[-71.57948102199998,-40.64436912599996]],[[-71.4148682890913,-40.520718044421244],[-71.39919662499995,-40.527744292999955],[-71.41403198199998,-40.52046012899996],[-71.4148682890913,-40.520718044421244]],[[-71.35284119099998,-40.52734478599996],[-71.36695671099994,-40.52973937999997],[-71.39074926312489,-40.539503601179675],[-71.36807599599996,-40.53059459799994],[-71.35284119099998,-40.52734478599996]],[[-71.35054206799998,-40.52804756199998],[-71.35076088599999,-40.52797754899996],[-71.3400720800222,-40.533261350032134],[-71.35054206799998,-40.52804756199998]],[[-71.33633948899995,-40.535106482999936],[-71.32835621999999,-40.536064170999964],[-71.33638047484325,-40.53508622245431],[-71.33633948899995,-40.535106482999936]],[[-71.32754516599994,-40.53580856299993],[-71.32808159699994,-40.535977696999964],[-71.29015748799998,-40.53481865599997],[-71.32754516599994,-40.53580856299993]],[[-71.28588867199994,-40.53220558199996],[-71.28980728199997,-40.53460437299998],[-71.26771379399997,-40.55367865799997],[-71.28588867199994,-40.53220558199996]],[[-71.26771379399997,-40.55367865799997],[-71.28292167299998,-40.554640519999964],[-71.30338857496007,-40.55185723705407],[-71.26771379399997,-40.55367865799997]],[[-71.30775339799999,-40.553494384999965],[-71.30830212999996,-40.55374359499996],[-71.30775252705823,-40.5534940583291],[-71.30775339799999,-40.553494384999965]],[[-71.27594069299994,-40.584711725999966],[-71.24766154455158,-40.58849924169677],[-71.30830212999996,-40.55374359499996],[-71.27594069299994,-40.584711725999966]],[[-71.24722862199997,-40.58873367299998],[-71.24753073699998,-40.58854877199997],[-71.24493148543857,-40.5901431943567],[-71.24722862199997,-40.58873367299998]],[[-71.24383979799995,-40.594336673999976],[-71.24473953199998,-40.590856551999934],[-71.24490099070381,-40.59023735842532],[-71.24383979799995,-40.594336673999976]],[[-71.27819047399998,-40.59815912999994],[-71.27856129599996,-40.59790559299995],[-71.28502514674453,-40.59725104896227],[-71.27819047399998,-40.59815912999994]],[[-71.29000425053833,-40.59654759745358],[-71.28992843599997,-40.596599578999985],[-71.28934409990929,-40.59667721615152],[-71.29000425053833,-40.59654759745358]],[[-71.32204538129854,-40.56381910070151],[-71.31741714499998,-40.574804305999976],[-71.31710425244218,-40.57624934619737],[-71.31696020399994,-40.572907888999964],[-71.32204538129854,-40.56381910070151]],[[-71.36363376799994,-40.55444982999995],[-71.36373939387988,-40.55456050702638],[-71.32709129791198,-40.56262469400553],[-71.36363376799994,-40.55444982999995]],[[-71.36386425199998,-40.55469133599996],[-71.36386476823563,-40.5546919728184],[-71.36373959267523,-40.554560715328336],[-71.36386425199998,-40.55469133599996]],[[-71.36675755199997,-40.55826068799996],[-71.36661997399995,-40.55809074199993],[-71.36675755210953,-40.558260688014755],[-71.36675755199997,-40.55826068799996]],[[-71.38242118499994,-40.560335359999954],[-71.38108792499997,-40.56003845999993],[-71.38080916520357,-40.55997641400926],[-71.38080942799996,-40.559976441999936],[-71.38242118499994,-40.560335359999954]],[[-71.38695297779424,-40.56654166803918],[-71.38745722999994,-40.58019238899993],[-71.38779691082547,-40.58074509160102],[-71.38720512399993,-40.57978248599994],[-71.38695297779424,-40.56654166803918]],[[-71.42587015899994,-40.548283771999934],[-71.42119428996348,-40.55227073207419],[-71.42612056215613,-40.54823652501066],[-71.42587015899994,-40.548283771999934]],[[-71.42740330621208,-40.548628959205104],[-71.42740955199997,-40.548630869999954],[-71.42876045024121,-40.54916849218634],[-71.42740330621208,-40.548628959205104]],[[-71.42994509583231,-40.54972339054935],[-71.42994565399994,-40.549723651999955],[-71.43051928085954,-40.55021582241519],[-71.42994509583231,-40.54972339054935]],[[-71.41435450899996,-40.58558872799995],[-71.41426984734568,-40.585706027257444],[-71.41435483031918,-40.58558802486634],[-71.41435450899996,-40.58558872799995]],[[-71.4141361582997,-40.58589314634654],[-71.41028213499999,-40.600137710999945],[-71.41344833399995,-40.58688354499998],[-71.4141361582997,-40.58589314634654]],[[-71.42155922499995,-40.60157550399998],[-71.41366004899999,-40.601055144999975],[-71.41266174984654,-40.600959777873356],[-71.42155922499995,-40.60157550399998]],[[-71.44486847399997,-40.569183291999934],[-71.46291385838403,-40.554481962766715],[-71.44478931926832,-40.56935904612815],[-71.44486847399997,-40.569183291999934]],[[-71.51007270799994,-40.51543426499995],[-71.51009148799994,-40.515409871999964],[-71.53557765999994,-40.489658901999974],[-71.51007270799994,-40.51543426499995]],[[-71.52993649699994,-40.48610515699994],[-71.51539396099997,-40.49536707599998],[-71.5153936016165,-40.495367284547896],[-71.51558303799999,-40.49519920299997],[-71.52993649699994,-40.48610515699994]],[[-71.50870217699998,-40.49924994699995],[-71.50914389699994,-40.49899394799996],[-71.50870217402856,-40.49924994883603],[-71.50870217699998,-40.49924994699995]],[[-71.50867103999997,-40.49926918699998],[-71.50865036199997,-40.49928462199995],[-71.5086500745324,-40.49928476695393],[-71.50867103999997,-40.49926918699998]],[[-71.49225044299999,-40.50745773299997],[-71.49149073699994,-40.507937270999946],[-71.49099840502392,-40.50824770009326],[-71.49225044299999,-40.50745773299997]],[[-71.49086919599995,-40.50832916999997],[-71.48934445556989,-40.50911805017765],[-71.49099823331628,-40.50824780835973],[-71.49086919599995,-40.50832916999997]],[[-71.4893427168849,-40.50911894974986],[-71.48908518399998,-40.50925219299995],[-71.48908493227279,-40.50925227104073],[-71.4893427168849,-40.50911894974986]],[[-71.45967102099996,-40.51743125899998],[-71.46343696018994,-40.51720368782472],[-71.45770845063115,-40.517691363166094],[-71.45967102099996,-40.51743125899998]],[[-71.41667201599995,-40.521544339999934],[-71.41597185678737,-40.52122151781821],[-71.41667258353942,-40.52154428671274],[-71.41667201599995,-40.521544339999934]],[[-71.54751014699997,-40.55397605899998],[-71.55841927675276,-40.54745775437131],[-71.54738352564428,-40.55408129151615],[-71.54751014699997,-40.55397605899998]],[[-71.53299718799997,-40.57754538299997],[-71.54722785899997,-40.554210662999935],[-71.5473285245223,-40.55412700186593],[-71.53299718799997,-40.57754538299997]],[[-71.53394699099994,-40.58120155299997],[-71.53351090099994,-40.57952268699995],[-71.53394733899995,-40.58120176899996],[-71.53394699099994,-40.58120155299997]],[[-71.57017536799998,-40.59162237099997],[-71.57017707863722,-40.59162385036961],[-71.56710869999995,-40.589220474999934],[-71.57017536799998,-40.59162237099997]],[[-71.58308601405174,-40.596256252378424],[-71.58308601399995,-40.59625625599995],[-71.58308599464738,-40.59625625413726],[-71.58308601405174,-40.596256252378424]],[[-71.59176359099996,-40.55479699699998],[-71.60760231791345,-40.56124347967658],[-71.58379598714158,-40.56607324887622],[-71.59176359099996,-40.55479699699998]],[[-71.61390325399998,-40.57820317499994],[-71.61351394699994,-40.57795715299994],[-71.61351388482615,-40.577957071681546],[-71.61390325399998,-40.57820317499994]],[[-71.61688613899997,-40.57782363899997],[-71.61685793499998,-40.577827163999984],[-71.61689937679738,-40.57781027466662],[-71.61688613899997,-40.57782363899997]],[[-71.62504005399995,-40.56959152199994],[-71.62479671699998,-40.56876991299998],[-71.62344174499998,-40.56419007599993],[-71.62504005399995,-40.56959152199994]],[[-71.62061323799998,-40.55319142199994],[-71.62918103790534,-40.545182819551556],[-71.62162063655602,-40.561037637981016],[-71.62061323799998,-40.55319142199994]],[[-71.63029102399997,-40.51378806099996],[-71.63114123833296,-40.50703747944105],[-71.63301658557232,-40.53767775801337],[-71.63029102399997,-40.51378806099996]],[[-71.62890299441094,-40.50079896933405],[-71.63113212599995,-40.506345748999934],[-71.63114123225378,-40.50703703778858],[-71.62890299441094,-40.50079896933405]],[[-71.62036895799997,-40.49996757499997],[-71.62023880899994,-40.49999123799995],[-71.62003495018665,-40.50002818324128],[-71.62036895799997,-40.49996757499997]],[[-71.61706524699997,-40.50710077799994],[-71.61446746999997,-40.512009897999974],[-71.61446729384255,-40.51200989574251],[-71.61707487399997,-40.50704675399993],[-71.61726379399994,-40.50597953799996],[-71.61895179699997,-40.50174903899995],[-71.61975995796958,-40.500417101630674],[-71.61706524699997,-40.50710077799994]],[[-71.59818615999995,-40.51180125199994],[-71.59772293308741,-40.511711800295515],[-71.59818679753086,-40.51180126016994],[-71.59818615999995,-40.51180125199994]],[[-71.59206442227499,-40.513148452292256],[-71.59308248999997,-40.531984457999954],[-71.59176826499998,-40.51322364799995],[-71.59206442227499,-40.513148452292256]],[[-71.72824932999998,-40.481980103999945],[-71.72829246499998,-40.48193168599994],[-71.72815513599994,-40.48208999599996],[-71.72824932999998,-40.481980103999945]],[[-71.69459388899998,-40.50743019199996],[-71.69459442799996,-40.50742936499995],[-71.69487190199999,-40.508077620999984],[-71.69459388899998,-40.50743019199996]],[[-71.82339668299994,-40.47757339499998],[-71.82337781599995,-40.47755264199998],[-71.82337760899998,-40.477552413999945],[-71.82339668299994,-40.47757339499998]],[[-71.82746314999997,-40.50886917099996],[-71.82738540699995,-40.508816078999985],[-71.82738494899996,-40.50881576499995],[-71.82746314999997,-40.50886917099996]],[[-71.38575363645727,-40.44720881631921],[-71.34911424199998,-40.46555157299997],[-71.37488937399996,-40.44423484799995],[-71.38575363645727,-40.44720881631921]],[[-71.35365314199998,-40.46670249799996],[-71.36355029399994,-40.46605488399996],[-71.34911424199998,-40.46555157299997],[-71.35365314199998,-40.46670249799996]],[[-71.3931866918042,-40.46283532080148],[-71.39318656899997,-40.46283531199998],[-71.39085216399997,-40.46135532999995],[-71.3931866918042,-40.46283532080148]],[[-71.40779703599998,-40.46388235799998],[-71.40779685999996,-40.46388244599996],[-71.40779660226754,-40.46388242752802],[-71.40779703599998,-40.46388235799998]],[[-71.43310781040071,-40.43900876674027],[-71.43317684199997,-40.43886160799997],[-71.43317709671356,-40.4388615213502],[-71.43310781040071,-40.43900876674027]],[[-71.43395075299998,-40.43859833499994],[-71.43428196645206,-40.43853553571553],[-71.4339498998875,-40.4385986252161],[-71.43395075299998,-40.43859833499994]],[[-71.47091690399998,-40.44150634799996],[-71.4709052552224,-40.448458701484],[-71.47060710487807,-40.44125804821812],[-71.47091690399998,-40.44150634799996]],[[-71.47096443199996,-40.44964027399993],[-71.47093848799994,-40.449129770999946],[-71.47427962699999,-40.461887332999936],[-71.47096443199996,-40.44964027399993]],[[-71.4871367600566,-40.45458603433839],[-71.48338127099998,-40.46078300499994],[-71.47427962699999,-40.461887332999936],[-71.4871367600566,-40.45458603433839]],[[-71.49462587999994,-40.441919654999936],[-71.49459694010693,-40.44227591541521],[-71.4946258795903,-40.44191965427684],[-71.49462587999994,-40.441919654999936]],[[-71.47604560899998,-40.41275596599996],[-71.47837997899995,-40.41429732599994],[-71.47514382299994,-40.41216113099995],[-71.47604560899998,-40.41275596599996]],[[-71.45217694899998,-40.41484816399998],[-71.45218268455642,-40.41484795216209],[-71.4487302697626,-40.409130972392525],[-71.45217694899998,-40.41484816399998]],[[-71.43788146999998,-40.39685630799994],[-71.43867602599994,-40.39754818599994],[-71.4304201879001,-40.406083107992266],[-71.43788146999998,-40.39685630799994]],[[-71.40774830399994,-40.42893213599996],[-71.40842321499997,-40.42882367599998],[-71.4077483009795,-40.42893213688855],[-71.40774830399994,-40.42893213599996]],[[-71.40008163499994,-40.432296752999946],[-71.40058669599995,-40.43118421499997],[-71.39798592099999,-40.43692319899998],[-71.40008163499994,-40.432296752999946]],[[-71.37559509299996,-40.39027404799998],[-71.34984625799996,-40.37542965499995],[-71.34167841458053,-40.396006542790936],[-71.34984588599997,-40.37542915299997],[-71.37559509299996,-40.39027404799998]],[[-71.2664494976022,-40.46207216441704],[-71.28113174399994,-40.42493057299998],[-71.31765937799997,-40.398471831999984],[-71.33654564973963,-40.40893729094134],[-71.31765897199995,-40.39847317999994],[-71.28113159799994,-40.42493177699998],[-71.2664494976022,-40.46207216441704]],[[-71.57263565099998,-40.37053489699997],[-71.57068443299994,-40.36885452299998],[-71.56896417030956,-40.36592702678811],[-71.57263565099998,-40.37053489699997]],[[-71.57698059099994,-40.37427520799997],[-71.57572187879035,-40.37319233131722],[-71.58619603750753,-40.38273412754798],[-71.57698059099994,-40.37427520799997]],[[-71.58620919599997,-40.38291159299996],[-71.58620913542582,-40.382911625460146],[-71.58619613274497,-40.38273541199264],[-71.58620919599997,-40.38291159299996]],[[-71.55408565499994,-40.41456644899995],[-71.55658912699994,-40.39942550699993],[-71.55822372399996,-40.39769744899996],[-71.56030099424623,-40.39679515626933],[-71.55408565499994,-40.41456644899995]],[[-71.55656808799995,-40.415724388999934],[-71.55667712199994,-40.41577522299997],[-71.55408565499994,-40.41456644899995],[-71.55656808799995,-40.415724388999934]],[[-71.57715244399998,-40.40664944599996],[-71.57738661194422,-40.4067156127348],[-71.55667712199994,-40.41577522299997],[-71.57715244399998,-40.40664944599996]],[[-71.57830114099994,-40.407068779999975],[-71.57797150599998,-40.40688088099995],[-71.57843882239973,-40.407147261173854],[-71.57830114099994,-40.407068779999975]],[[-71.59459151236182,-40.420498424491186],[-71.59250640899995,-40.420658111999956],[-71.59249416421697,-40.42064715562073],[-71.59459151236182,-40.420498424491186]],[[-71.60720904599998,-40.39707668199998],[-71.60854148899995,-40.40088462799997],[-71.60842400836123,-40.401049806867235],[-71.60720904599998,-40.39707668199998]],[[-71.60682428791647,-40.387617903630314],[-71.60709224399994,-40.386754021999934],[-71.60709240015687,-40.38675387101018],[-71.60682428791647,-40.387617903630314]],[[-71.61146464999996,-40.38252629699997],[-71.63147501495664,-40.38071641252946],[-71.60765534259832,-40.386209556087614],[-71.61146464999996,-40.38252629699997]],[[-71.63234446299998,-40.38085299099998],[-71.63202199899996,-40.38079039699994],[-71.63234446327758,-40.38085299096338],[-71.63234446299998,-40.38085299099998]],[[-71.63838195799997,-40.37998771699995],[-71.63829573799995,-40.38002733999997],[-71.63838632330594,-40.37996686008219],[-71.63838195799997,-40.37998771699995]],[[-71.63868475493518,-40.369140177996236],[-71.64041709899993,-40.37026405299997],[-71.64041146435099,-40.37029097468895],[-71.63868475493518,-40.369140177996236]],[[-71.63364492899996,-40.369558207999944],[-71.63699722299998,-40.36904334999997],[-71.63699782152625,-40.36904338434249],[-71.63364492899996,-40.369558207999944]],[[-71.63364492899996,-40.369558207999944],[-71.62564257699995,-40.36586736099997],[-71.62061320299995,-40.364177738999956],[-71.63364492899996,-40.369558207999944]],[[-71.60754077799999,-40.36089049999998],[-71.60695838899994,-40.36014938399995],[-71.60946196699996,-40.36333311899995],[-71.60754077799999,-40.36089049999998]],[[-71.60038375899995,-40.35369110099998],[-71.60468775159298,-40.35737257158594],[-71.59970510186282,-40.35329855109642],[-71.60038375899995,-40.35369110099998]],[[-71.59306144699997,-40.35082054099996],[-71.59445328899994,-40.35081144399993],[-71.58590577766648,-40.35231365720066],[-71.59306144699997,-40.35082054099996]],[[-71.57863939399994,-40.35359071399995],[-71.57830283872146,-40.35353450225451],[-71.57863978854427,-40.353590644659334],[-71.57863939399994,-40.35359071399995]],[[-71.56832885699998,-40.36389160199997],[-71.57799035195109,-40.353497463112575],[-71.56838135166176,-40.364059785058934],[-71.56832885699998,-40.36389160199997]],[[-71.53873461999996,-39.88709609199998],[-71.57401569499996,-39.91401340599998],[-71.53231111648722,-39.932216899168175],[-71.57401466399995,-39.91401290899995],[-71.53873461999996,-39.88709609199998]],[[-71.44599397199994,-39.94597833499995],[-71.44738832794769,-39.94646845916349],[-71.44599396076232,-39.945978354017704],[-71.44599397199994,-39.94597833499995]],[[-71.42657310887367,-39.97884316629296],[-71.41605785690922,-39.93395539124274],[-71.41605855899996,-39.933955036999976],[-71.42657310887367,-39.97884316629296]],[[-71.43875312799997,-39.89758491499998],[-71.50193633599997,-39.889889696999944],[-71.43875372599996,-39.897584947999974],[-71.45700521599997,-39.917282643999954],[-71.35024020399999,-39.93664913999993],[-71.33346557599998,-39.97562599199995],[-71.35023879999994,-39.93664932299998],[-71.45700454699994,-39.91728210399998],[-71.43875312799997,-39.89758491499998]],[[-71.48750376143866,-39.87305151766278],[-71.53768157999997,-39.84399795499996],[-71.54923134369785,-39.85863326166265],[-71.53140753299994,-39.853707638999936],[-71.48750376143866,-39.87305151766278]],[[-71.24998842469365,-40.11372756776166],[-71.34942436199998,-40.130901336999955],[-71.39537429799998,-40.11654090899998],[-71.42416763405944,-40.12042904196137],[-71.34942402699994,-40.13090169499998],[-71.24998842469365,-40.11372756776166]],[[-71.77002406161776,-40.24788627264289],[-71.7700258666632,-40.24788073110964],[-71.77004814099996,-40.247873305999974],[-71.77002406161776,-40.24788627264289]],[[-71.3794571330873,-40.34613734280236],[-71.38389778099997,-40.34436798099995],[-71.41954655999996,-40.34618892699996],[-71.3794571330873,-40.34613734280236]],[[-71.41954655999996,-40.34618892699996],[-71.42717552199997,-40.36564636199995],[-71.42695988192145,-40.37131321282287],[-71.42330985399997,-40.363357614999984],[-71.41954655999996,-40.34618892699996]],[[-71.40349960299994,-40.38326454199995],[-71.40277965699994,-40.38228010299997],[-71.41092896899994,-40.388641157999984],[-71.40349960299994,-40.38326454199995]],[[-71.40164066961192,-40.3805530405117],[-71.40060732591785,-40.37885029823646],[-71.40060895099998,-40.37885245999996],[-71.40164066961192,-40.3805530405117]],[[-71.38604132917867,-40.36468979477067],[-71.37273019929808,-40.3591444949334],[-71.38421723699997,-40.363339647999965],[-71.38604132917867,-40.36468979477067]],[[-71.37376707638943,-40.34939536896867],[-71.3673794021576,-40.35691539982439],[-71.36627387999994,-40.35645484899993],[-71.37064933799996,-40.35124969499998],[-71.37376707638943,-40.34939536896867]],[[-71.41991233799996,-39.84311103799996],[-71.39199066199996,-39.87364387499997],[-71.36389160199997,-39.857303618999936],[-71.43258666999998,-39.81499290499994],[-71.41507339499998,-39.80345725999996],[-71.48399352999996,-39.80557823199996],[-71.45728683499993,-39.83333015399995],[-71.41991233799996,-39.84311103799996]],[[-71.46122932399999,-39.850223540999934],[-71.43778037999994,-39.88114166299994],[-71.41062927199994,-39.88464164699997],[-71.46122932399999,-39.850223540999934]],[[-71.54666747228922,-40.072809307138265],[-71.62055969199997,-40.066432952999946],[-71.62375450099995,-40.03588294999997],[-71.66436008516759,-40.04565482747289],[-71.62375506199999,-40.035884186999965],[-71.62056072999997,-40.06643327099994],[-71.54666747228922,-40.072809307138265]],[[-71.6703333032621,-40.047092303537696],[-71.67033386199995,-40.047092437999936],[-71.64495457415245,-40.075634318610014],[-71.6703333032621,-40.047092303537696]],[[-71.59129714999995,-40.10408782999997],[-71.60067694099719,-40.08556283627493],[-71.60067703299995,-40.085562857999946],[-71.59129714999995,-40.10408782999997]],[[-71.41191059570538,-40.065162122708465],[-71.40058347287577,-40.09995431606736],[-71.40058326699994,-40.09995460499994],[-71.39996337899998,-40.06690025299997],[-71.41191059570538,-40.065162122708465]],[[-71.418976093148,-40.06413420504091],[-71.42693138099997,-40.06297683699995],[-71.42321056385323,-40.06819874826171],[-71.418976093148,-40.06413420504091]],[[-71.42687988299997,-40.145874022999976],[-71.57695007299998,-40.16428375199996],[-71.65654373199999,-40.129970550999985],[-71.61815452599996,-40.16905975299994],[-71.54820060699996,-40.18681144699997],[-71.37314987199994,-40.17213439899996],[-71.42687988299997,-40.145874022999976]],[[-71.36438751199995,-40.25758552599996],[-71.33676528899997,-40.28169631999998],[-71.32199649557774,-40.26314193664261],[-71.33676559399998,-40.281696015999955],[-71.36438751199995,-40.25758552599996]],[[-71.33833839299996,-40.22305780099998],[-71.27898916999999,-40.22067778199994],[-71.27898907598382,-40.22067646976637],[-71.33833885199994,-40.223056792999955],[-71.36438751199995,-40.25758552599996],[-71.33833839299996,-40.22305780099998]],[[-71.29439703423051,-40.22879619737586],[-71.29446194599996,-40.22855091399998],[-71.2944619495431,-40.228550918451155],[-71.29439703423051,-40.22879619737586]],[[-71.30368929466978,-40.3163950223324],[-71.27381081059366,-40.306585764251],[-71.30368995699996,-40.31639480599995],[-71.30368929466978,-40.3163950223324]],[[-71.23523824899996,-40.30953040999998],[-71.24447126556316,-40.33573700930505],[-71.23523726754405,-40.309530671091494],[-71.23523824899996,-40.30953040999998]],[[-71.25285906037203,-40.27882579829758],[-71.1912790795629,-40.3212230328807],[-71.19127464299999,-40.32122421299994],[-71.25285906037203,-40.27882579829758]],[[-71.27732277626846,-40.19741904088014],[-71.23675251299994,-40.193120455999974],[-71.24691697899993,-40.23342627599993],[-71.19565057999995,-40.211860987999955],[-71.15821771899994,-40.23159709399994],[-71.15641784699994,-40.274333953999985],[-71.15821647599995,-40.231595992999985],[-71.19565010099996,-40.21186065699993],[-71.24691581699994,-40.23342513999995],[-71.23675155599994,-40.19311904899996],[-71.27732277626846,-40.19741904088014]],[[-71.26918792699996,-40.37782669099994],[-71.32031631499996,-40.33368873599994],[-71.33790588399995,-40.35386085499994],[-71.26918792699996,-40.37782669099994]],[[-71.53862737799994,-40.44538073799998],[-71.51282119799998,-40.47899055499994],[-71.45564601499996,-40.49952964999994],[-71.52186261399999,-40.446501214999955],[-71.53862737799994,-40.44538073799998]],[[-71.09412153669874,-40.52209827512894],[-71.08758959799997,-40.63166410599996],[-71.09209837039955,-40.65002815050236],[-71.08758926399997,-40.63166427599998],[-71.09412153669874,-40.52209827512894]],[[-71.12008967380922,-40.59333770316312],[-71.11556404899994,-40.580632752999975],[-71.13257217399996,-40.515331267999954],[-71.11556434599999,-40.58063316299996],[-71.12008967380922,-40.59333770316312]],[[-71.11402131085653,-40.64621353428338],[-71.1388992299988,-40.65450093247405],[-71.11402102699998,-40.64621397199994],[-71.11402131085653,-40.64621353428338]],[[-71.56428718599994,-40.451995849999946],[-71.59914398199999,-40.43598174999994],[-71.61232948299994,-40.43129539499995],[-71.61190605099995,-40.44418907099998],[-71.56428718599994,-40.451995849999946]],[[-71.47335115199996,-40.36110525599997],[-71.56428718499996,-40.332742690999964],[-71.57119179199998,-40.333601027999975],[-71.54563903799993,-40.353460310999935],[-71.47335115199996,-40.36110525599997]],[[-71.6409712853038,-40.308075052004334],[-71.58263969399997,-40.263570785999946],[-71.64097213699995,-40.30807495099998],[-71.6409712853038,-40.308075052004334]],[[-71.51596450799997,-40.24699974099997],[-71.51596650811899,-40.24700023809738],[-71.5413920971265,-40.26417618853067],[-71.51596450799997,-40.24699974099997]],[[-71.62082290599994,-40.19576454199995],[-71.58487468684326,-40.215842319536605],[-71.56898498499999,-40.20520400999993],[-71.62082290599994,-40.19576454199995]],[[-71.6098840505083,-40.2293355743043],[-71.60901451099994,-40.23200416599997],[-71.6008198949169,-40.22651779103299],[-71.6098840505083,-40.2293355743043]],[[-71.46718406699995,-40.30124092099993],[-71.47644591499994,-40.25853793199997],[-71.43373298599994,-40.25714683499996],[-71.47644615199994,-40.25853729199997],[-71.46718406699995,-40.30124092099993]],[[-71.78874969499998,-40.84530448899994],[-71.83798778299996,-40.87297269099997],[-71.82181930499996,-40.877784728999984],[-71.78357315099998,-40.84696197499994],[-71.78287916999994,-40.81780632699997],[-71.78874969499998,-40.84530448899994]],[[-71.36796540027859,-39.72919674033647],[-71.3679623456254,-39.72919595448874],[-71.36796569799998,-39.72919654799995],[-71.36796540027859,-39.72919674033647]],[[-71.67126578539732,-39.664020483409345],[-71.64855014974711,-39.659809294216195],[-71.65633010899995,-39.65379142799998],[-71.67126578539732,-39.664020483409345]],[[-71.45943777491489,-39.66804044746838],[-71.43526909505086,-39.717580717208286],[-71.43526840199996,-39.71758079499995],[-71.45943777491489,-39.66804044746838]],[[-71.46698738467818,-39.71402049041284],[-71.48814262178753,-39.67540033908729],[-71.49394416799998,-39.710994719999974],[-71.46698738467818,-39.71402049041284]],[[-71.39770697548431,-39.70983694968625],[-71.3981148812571,-39.70891234773758],[-71.39770698499996,-39.70983695999996],[-71.39770697548431,-39.70983694968625]],[[-71.32104492199994,-39.65487670899995],[-71.2987224145428,-39.6595130144674],[-71.337238272459,-39.64878948108651],[-71.32104492199994,-39.65487670899995]],[[-71.42009735099998,-39.563211440999964],[-71.43361282299998,-39.487415313999975],[-71.44659805299995,-39.51412391699995],[-71.48650360099998,-39.50047683699995],[-71.47655868499999,-39.530088424999974],[-71.40735538561134,-39.622405248513765],[-71.44276788899998,-39.57105940499997],[-71.42089688699997,-39.56461246199996],[-71.33830660699994,-39.61818976099994],[-71.32222916220032,-39.59227008961724],[-71.33830642699996,-39.61818885799994],[-71.42009735099998,-39.563211440999964]],[[-71.27760489783822,-39.57349828253584],[-71.27326965299994,-39.58740425099995],[-71.26578313601246,-39.58866105538344],[-71.27760489783822,-39.57349828253584]],[[-71.27760505699996,-39.57349777199994],[-71.18413734399996,-39.60236740099998],[-71.21628379799995,-39.58378219599996],[-71.27760505699996,-39.57349777199994]],[[-71.28053855899998,-39.559289931999956],[-71.24703918899996,-39.546208400999944],[-71.2470390525221,-39.54620788276294],[-71.28053855899998,-39.559289931999956]],[[-71.28816457728176,-39.4640805552282],[-71.25365647757853,-39.468854976734825],[-71.25365638699998,-39.468854903999954],[-71.26429367099996,-39.45843505899995],[-71.28816457728176,-39.4640805552282]],[[-71.31137638398586,-39.48372296188704],[-71.30808228865676,-39.48853911253406],[-71.31137610099995,-39.483722787999966],[-71.31137638398586,-39.48372296188704]],[[-71.35040092499997,-39.50499153099997],[-71.35310017004919,-39.47943789607315],[-71.35585403399995,-39.480089187999965],[-71.35040092499997,-39.50499153099997]],[[-71.19345092799995,-39.31807136499998],[-71.1892501534399,-39.28700012022164],[-71.19345175495557,-39.31807122386899],[-71.19345092799995,-39.31807136499998]],[[-71.23549114399998,-39.28388811599996],[-71.27398490899998,-39.250295638999944],[-71.30143928499996,-39.27054214499998],[-71.27180237699997,-39.25911830299998],[-71.23549114399998,-39.28388811599996]],[[-71.18803024299996,-39.27797698999996],[-71.18803613674773,-39.277978806492726],[-71.18803039186862,-39.27797809111472],[-71.18803024299996,-39.27797698999996]],[[-71.23830413799993,-38.87398338299994],[-71.29150009199998,-38.89441871599996],[-71.32403945899995,-38.93582153299997],[-71.30558967599995,-38.94190597499994],[-71.23830413799993,-38.87398338299994]],[[-71.26365089399997,-39.155996322999954],[-71.28649902299998,-39.125295638999944],[-71.31025886499998,-39.12625884999994],[-71.26365089399997,-39.155996322999954]],[[-71.21365641850771,-39.172371954408305],[-71.21514320399996,-39.16459846499998],[-71.28198840814214,-39.165636904003286],[-71.21365641850771,-39.172371954408305]],[[-71.25232912589169,-39.20771772120754],[-71.25232887299995,-39.20771789599996],[-71.24063248331359,-39.20813632084514],[-71.25232912589169,-39.20771772120754]],[[-71.35061263999995,-39.42001724199997],[-71.28666114799995,-39.431411742999956],[-71.27426719699997,-39.41975402799994],[-71.34222793599997,-39.40212440499994],[-71.42109870899998,-39.42928123499996],[-71.41909408599997,-39.43979453999998],[-71.35061263999995,-39.42001724199997]],[[-70.94175529499995,-39.05129051199998],[-71.02053120199997,-39.00080829799998],[-71.01480370099995,-39.007994905999965],[-70.94175529499995,-39.05129051199998]],[[-71.01249883975404,-37.06938613673925],[-71.01529042820226,-37.090599698807225],[-71.01528930699999,-37.09059905999993],[-71.01249883975404,-37.06938613673925]],[[-71.01174305332637,-37.06350815513209],[-71.01172466839783,-37.06350094400185],[-71.01172447199997,-37.063499450999984],[-71.01174305332637,-37.06350815513209]],[[-71.08259582499994,-37.02384376499998],[-71.08259630499998,-37.02384398099997],[-71.08894845069449,-37.0434629583417],[-71.08259582499994,-37.02384376499998]],[[-71.03120994599993,-37.02460861199995],[-70.96158757299997,-37.01011819499996],[-71.0312156957764,-37.02459846804987],[-71.03120994599993,-37.02460861199995]],[[-70.87618646699997,-37.108047445999944],[-70.88511057399995,-37.09752552699996],[-70.87618648000216,-37.10804743962604],[-70.87618646699997,-37.108047445999944]],[[-70.87618645112904,-37.108047473668755],[-70.87618644999998,-37.10804747499998],[-70.87618646699997,-37.108047445999944],[-70.87618645112904,-37.108047473668755]],[[-70.87618645050844,-37.1080474747507],[-70.87253685999997,-37.114410042999964],[-70.87618644999998,-37.10804747499998],[-70.87618645050844,-37.1080474747507]],[[-70.96891403199999,-37.04180145299995],[-70.96700830963646,-37.083826636828306],[-70.96891382799998,-37.04180223499998],[-70.91057900799996,-37.09118762299994],[-70.87659833288103,-37.10784554216694],[-70.96891403199999,-37.04180145299995]],[[-70.91751201330125,-37.162291986607386],[-70.92832710199997,-37.16243926299995],[-70.95542813212926,-37.10736157694928],[-70.92832755999996,-37.162439345999985],[-70.91751201330125,-37.162291986607386]],[[-70.91510317599995,-37.44638123599998],[-70.91510304599996,-37.44638022299995],[-70.95089683999998,-37.42585107499997],[-70.91510317599995,-37.44638123599998]],[[-70.92140296699995,-37.465259698999944],[-70.91993782799995,-37.459580753999944],[-70.91993802050182,-37.45958065692493],[-70.92140296699995,-37.465259698999944]],[[-70.96089509099994,-37.52272401099998],[-70.96149370499995,-37.521571381999934],[-70.96117401099997,-37.52224922199997],[-70.96089509099994,-37.52272401099998]],[[-70.99310429099995,-37.770737861999976],[-70.97317732299996,-37.775568015999966],[-70.99288162099998,-37.76880245199993],[-70.99310429099995,-37.770737861999976]],[[-70.88160971499997,-37.83626621499997],[-70.88161017503926,-37.83626611934424],[-70.88930573099998,-37.852130855999974],[-70.88160971499997,-37.83626621499997]],[[-70.93341500499997,-38.059043921999944],[-70.92380077799999,-38.05933457799995],[-70.93175888099995,-38.05873489399994],[-70.93341500499997,-38.059043921999944]],[[-70.82457589813777,-38.21762333201309],[-70.81812340699997,-38.21163842499993],[-70.88254928599997,-38.204425811999954],[-70.82457589813777,-38.21762333201309]],[[-70.85862102199997,-38.24920135299993],[-70.84670640194234,-38.23815013392513],[-70.87054267034979,-38.25117837051284],[-70.85862102199997,-38.24920135299993]],[[-70.85656031098483,-38.30891405317254],[-70.85656053099996,-38.30891381199996],[-70.88952727907659,-38.30112540246185],[-70.85656031098483,-38.30891405317254]],[[-70.93533134499995,-38.35790634199998],[-70.90136488299999,-38.343855979999944],[-70.83563497306913,-38.365586290722995],[-70.90136527999994,-38.343854903999954],[-70.93533134499995,-38.35790634199998]],[[-70.86539406699995,-38.42452866999997],[-70.88787433896063,-38.42289551606501],[-70.8225251726518,-38.44370143636769],[-70.86539406699995,-38.42452866999997]],[[-70.93936584580881,-37.90402608615698],[-70.93747364399997,-37.856857195999964],[-70.93936620899996,-37.904027535999944],[-70.93936584580881,-37.90402608615698]],[[-70.91482173737135,-38.3227901931821],[-70.93434506332714,-38.290537180125746],[-70.93434632099996,-38.29053688299996],[-70.91482173737135,-38.3227901931821]],[[-70.93458074349847,-38.33108654524684],[-70.95358863404613,-38.33906705205908],[-70.95358848599994,-38.33906745899998],[-70.93458074349847,-38.33108654524684]],[[-70.92990423680604,-38.27369414034611],[-70.94790840099995,-38.278869628999985],[-70.96420837674725,-38.30987610991049],[-70.92990423680604,-38.27369414034611]],[[-71.10113879299996,-37.76420181299994],[-71.13431729956685,-37.766731079093205],[-71.13431739799995,-37.76673126199995],[-71.10113879299996,-37.76420181299994]],[[-71.00205047099996,-37.88801363899995],[-71.05210127599997,-37.87333507499994],[-71.04536379199999,-37.90367913399996],[-71.01820764899998,-37.907107579999945],[-71.03748829399996,-37.891491852999934],[-71.00205047099996,-37.88801363899995]],[[-71.08829880988046,-37.21822917059295],[-71.08967226036721,-37.2164906117642],[-71.08829879799998,-37.21822929399997],[-71.08829880988046,-37.21822917059295]],[[-71.08875000052811,-37.213542482282804],[-71.09419250499997,-37.157009124999945],[-71.07644454778416,-37.127272413405066],[-71.09419394099996,-37.15700849899997],[-71.08875000052811,-37.213542482282804]],[[-71.05375640399996,-37.12831345699993],[-71.02400207499994,-37.12385559099994],[-71.05375671399997,-37.12831306499993],[-71.04741053935538,-37.13932902772896],[-71.05375640399996,-37.12831345699993]],[[-71.01808757329499,-37.190229092621074],[-71.00903892499997,-37.14841842699997],[-71.01080731445126,-37.145515518182215],[-71.01808757329499,-37.190229092621074]],[[-71.10063081964334,-36.99407171965889],[-71.10116958599997,-37.00369644199998],[-71.0790436320859,-37.005170998131966],[-71.10063081964334,-36.99407171965889]],[[-71.08066079660233,-36.9930427893233],[-71.07121526024291,-37.00569271004321],[-71.06788444499995,-37.00591468799996],[-71.08066079660233,-36.9930427893233]],[[-71.0998545970478,-36.980204990853096],[-71.0951803607655,-36.97841464158957],[-71.09951019299996,-36.97405242899998],[-71.0998545970478,-36.980204990853096]],[[-70.54104794599994,-38.951659974999984],[-70.54174283499998,-38.95270668999996],[-70.54078983199997,-38.95415487899993],[-70.54104794599994,-38.951659974999984]],[[-70.84584851899996,-38.683750446999966],[-70.85477065999999,-38.68234825099995],[-70.86002933799995,-38.683645610999974],[-70.84584851899996,-38.683750446999966]],[[-70.75603294399997,-38.583539962999964],[-70.75550079299995,-38.581521986999974],[-70.75643957599993,-38.565194496999936],[-70.75603294399997,-38.583539962999964]],[[-70.68595003299998,-38.70672482699996],[-70.68750862499996,-38.70817975099993],[-70.68594996299998,-38.70672489499998],[-70.68595003299998,-38.70672482699996]],[[-70.72598413599997,-36.99268095799994],[-70.72657342399998,-36.991428988999985],[-70.72928762499998,-36.99356880199997],[-70.72598413599997,-36.99268095799994]],[[-70.38485606399996,-39.02731442299995],[-70.38312003999994,-39.069588635999935],[-70.35960958799996,-39.06966383099996],[-70.32347483799998,-39.03545417899994],[-70.38485606399996,-39.02731442299995]],[[-69.86085236399998,-38.51938311199996],[-69.85754765999997,-38.515402740999946],[-69.86129658499993,-38.518642194999984],[-69.86085236399998,-38.51938311199996]],[[-69.90668640299998,-38.652689908999946],[-69.90686832299997,-38.64906005399996],[-69.90800869699996,-38.65157692599996],[-69.90668640299998,-38.652689908999946]],[[-69.80527383399993,-39.62728185599997],[-69.64280494899998,-39.60814848699994],[-69.58124570099994,-39.572323694999966],[-69.53749420999998,-39.57170743499995],[-69.51240936199997,-39.50721227499997],[-69.63850177799998,-39.531383896999955],[-69.65997017599994,-39.55437728099997],[-69.68036099399995,-39.53974593399994],[-69.71208606399995,-39.58599226599995],[-69.75849277599997,-39.59091982299998],[-69.81462123299997,-39.56685786699995],[-69.86114327899998,-39.58540533599995],[-69.86415949599996,-39.63465053799996],[-69.92015829299999,-39.65784426999994],[-69.83763667999995,-39.65939187399994],[-69.80527383399993,-39.62728185599997]],[[-70.53528002599995,-37.85628029999998],[-70.53816578399994,-37.85968999499994],[-70.54217663899993,-37.865809112999955],[-70.53528002599995,-37.85628029999998]],[[-70.44174370199994,-36.62315261499998],[-70.40972650099997,-36.631080322999935],[-70.36843188299997,-36.571847324999965],[-70.42266717199993,-36.58302130499993],[-70.44174370199994,-36.62315261499998]],[[-70.45842019599996,-36.223385726999936],[-70.49983127099995,-36.196039902999985],[-70.55404805799998,-36.157891606999954],[-70.55516794999994,-36.17437752199993],[-70.50784320399998,-36.21382956299993],[-70.45842019599996,-36.223385726999936]],[[-69.95405031099995,-37.38816149899998],[-69.81775151099998,-37.26454130999997],[-69.79976699199995,-37.210880799999984],[-69.82712285499997,-37.18974380699996],[-69.87898980699998,-37.192429741999945],[-69.88406142099996,-37.233960027999956],[-69.94966844299995,-37.339856002999966],[-70.00270226199996,-37.36786485499994],[-70.00073052899995,-37.38413152299995],[-69.95405031099995,-37.38816149899998]],[[-69.48890955699994,-39.140749625999945],[-69.55743342699998,-39.20779148599996],[-69.56014712499996,-39.22456670799994],[-69.51884695199993,-39.248855687999935],[-69.45763792199995,-39.24745182199996],[-69.50435976699998,-39.23329414999995],[-69.52269945499995,-39.207689624999944],[-69.47196495099996,-39.153254054999934],[-69.24226455599995,-39.11480212399994],[-69.10866405799999,-39.04287402799997],[-69.12653100899996,-39.032779576999985],[-69.33662877099994,-39.08317884199994],[-69.37972148899996,-39.07173167899998],[-69.40776967499994,-39.04461068899997],[-69.46325683199996,-38.91069251399995],[-69.51074853399996,-38.88792356099998],[-69.53069118699995,-38.90598141799995],[-69.46717142499995,-38.96109602399997],[-69.48070275299995,-39.01488299499994],[-69.46679481499996,-39.056633629999965],[-69.44074701799997,-39.05797276499993],[-69.42314633899997,-39.09451778899995],[-69.45543397499995,-39.11707092199998],[-69.50609462299997,-39.11025544399996],[-69.48890955699994,-39.140749625999945]],[[-69.32424251199996,-37.246818796999946],[-69.31726209299995,-37.21944514899997],[-69.27523123099996,-37.23609167899997],[-69.23882664499996,-37.29211830299994],[-69.26259910199997,-37.309660348999955],[-69.20598598599997,-37.33191137299997],[-69.19241947099994,-37.31027903299997],[-69.23059781999996,-37.28011993599995],[-69.20180028299995,-37.275793534999934],[-69.08547194899995,-37.33130716699998],[-69.12301345699996,-37.30519963599994],[-69.08205079799995,-37.28732769399994],[-69.14245198999998,-37.271017290999964],[-69.20196050299995,-37.21953568599997],[-69.25661813299996,-37.20834444399998],[-69.25591713799997,-37.169215417999965],[-69.31704373399998,-37.161645919999955],[-69.39845343499996,-37.18141121299993],[-69.40460813199996,-37.222125699999935],[-69.36029275999994,-37.24746822599997],[-69.32424251199996,-37.246818796999946]],[[-69.24141952499997,-37.61355482699997],[-69.30079110899999,-37.580693587999974],[-69.35382321199995,-37.57182299699997],[-69.35862044999993,-37.53364635199995],[-69.49755000599998,-37.512794275999966],[-69.53056611599999,-37.53980833799994],[-69.57682686299995,-37.53304721099994],[-69.53649363899996,-37.566989355999965],[-69.52053531499996,-37.61055871599996],[-69.44948246199993,-37.61297078399997],[-69.44949190699998,-37.626788491999946],[-69.53886684499997,-37.64052283399997],[-69.40966155099994,-37.64001263999995],[-69.41776489199998,-37.66850217499996],[-69.39010600899996,-37.73149845399996],[-69.39915053799996,-37.76630901999994],[-69.36313150999996,-37.800444555999945],[-69.27881454699997,-37.83799418899997],[-69.24296972399998,-37.879067446999954],[-69.21595793099993,-37.829332518999934],[-69.28920435899994,-37.81576128399996],[-69.27879483399994,-37.76377437299993],[-69.25755200299994,-37.74035514899998],[-69.18886680599996,-37.720215749999966],[-69.17920713199999,-37.687695591999955],[-69.21896732899995,-37.70160563099995],[-69.24079245399997,-37.68136765699995],[-69.26507434999996,-37.69449923299993],[-69.27025821699993,-37.66033877099994],[-69.24141952499997,-37.61355482699997]],[[-69.57905734499997,-38.40934886799994],[-69.56452278299997,-38.37869795499995],[-69.49449250899994,-38.38729382599996],[-69.47740907499997,-38.35472651199996],[-69.50527200399995,-38.330189978999954],[-69.55681453499994,-38.31676168499996],[-69.58876420399997,-38.35456078599998],[-69.67393969099999,-38.37848841299996],[-69.66388398399994,-38.40343012799997],[-69.62011912199995,-38.434377205999965],[-69.59656413699997,-38.430858840999974],[-69.53682865999997,-38.477319223999984],[-69.50990374999998,-38.45146737799996],[-69.45667726499994,-38.47141255699995],[-69.40813130799995,-38.50418763399995],[-69.37135172999996,-38.56085936399995],[-69.37656881299995,-38.51435136999993],[-69.47431937599998,-38.42140518599996],[-69.51359992599998,-38.43819690399994],[-69.57905734499997,-38.40934886799994]],[[-68.98434838599997,-38.674379733999956],[-69.02924058299993,-38.73856001299998],[-68.96192354699997,-38.75594415899997],[-68.98154996799997,-38.791804371999945],[-68.97431562299994,-38.81810546099996],[-69.00602955399995,-38.844497082999965],[-69.01184649899994,-38.87687845199997],[-69.04791167999997,-38.855349789999934],[-69.07110044699994,-38.87597583499996],[-69.03628940999994,-38.88392186899995],[-69.04322058099996,-38.927634284999954],[-68.80363028799997,-38.920642330999954],[-68.83168054299995,-38.89798297899995],[-68.70395239699997,-38.898622503999945],[-68.70546070899996,-38.93085876599997],[-68.55565761499997,-38.95249201099995],[-68.32945515899996,-38.95302002699998],[-68.22058991499995,-38.93532407499998],[-68.21835887199995,-38.89845801499996],[-68.29886796899996,-38.94318810499993],[-68.35321760199997,-38.94508044599996],[-68.44868903699995,-38.91851554099998],[-68.37471698399997,-38.88872917599997],[-68.38212402699997,-38.875762864999956],[-68.30731903299994,-38.89970777599996],[-68.28089849399998,-38.887433957999974],[-68.32664834099995,-38.85814584399998],[-68.33000423199996,-38.88193069699997],[-68.40436463799995,-38.86819504799996],[-68.39747229399995,-38.83300748999994],[-68.37220480599996,-38.83168764599998],[-68.39099117199999,-38.800683436999975],[-68.47305920999997,-38.85139731399994],[-68.49139958199999,-38.833592572999976],[-68.46736322699996,-38.80764777799993],[-68.64917642499995,-38.850639796999985],[-68.64920410999997,-38.77451954999998],[-68.62658489699999,-38.75542309599996],[-68.56148387799993,-38.747556283999984],[-68.60151975199994,-38.72911234399993],[-68.66843844599998,-38.75144280199993],[-68.66926418299994,-38.777639980999936],[-68.71034098499996,-38.79577914599997],[-68.66734830699994,-38.80534063799996],[-68.70094005299995,-38.83911809999995],[-68.69127459599997,-38.85452138399995],[-68.87930232499997,-38.84856653399993],[-68.89885297599994,-38.79095424399998],[-68.85786455899995,-38.69587018899995],[-68.76140434699994,-38.64474618599996],[-68.72969876699995,-38.60707165699995],[-68.68624477599997,-38.59728365999996],[-68.60178581599996,-38.63526029899998],[-68.59192688899998,-38.65747694399994],[-68.45022603899997,-38.66398343399993],[-68.46462740299995,-38.607534244999954],[-68.54372087699994,-38.55153537699994],[-68.68658539599994,-38.51795652299995],[-68.72297909399998,-38.48999235799994],[-68.73245861799995,-38.44953785599995],[-68.89529694599997,-38.472048653999934],[-68.95322517599993,-38.507265666999956],[-68.93824362199996,-38.54279742799997],[-68.94086961999994,-38.614951220999956],[-69.00693036799998,-38.634560928999974],[-68.98434838599997,-38.674379733999956]],[[-69.62118977899996,-38.252333663999934],[-69.64681349399996,-38.274469701999976],[-69.59281824799996,-38.31991109699993],[-69.56950867699999,-38.31270773699998],[-69.62118977899996,-38.252333663999934]],[[-69.69594411199995,-37.67464194899998],[-69.68863227699995,-37.66080489299998],[-69.72210996699994,-37.680159412999956],[-69.67906273699998,-37.726404428999956],[-69.64811433899996,-37.713534584999934],[-69.69594411199995,-37.67464194899998]],[[-69.47095354099997,-38.09591419999998],[-69.43711780799998,-38.06207123199994],[-69.45700673599998,-38.05701894799995],[-69.43266670199995,-38.01483012999995],[-69.51724000299998,-38.01912914299993],[-69.52481321299996,-38.04413597799993],[-69.47095354099997,-38.09591419999998]],[[-69.39644080099998,-38.33283487899996],[-69.44679499399996,-38.41551265399994],[-69.40017422299996,-38.44955839099998],[-69.27355550599998,-38.372982674999946],[-69.30067432499999,-38.35430843299997],[-69.25591721099994,-38.34255521699998],[-69.27410217899995,-38.320765053999935],[-69.25144892799995,-38.25668259899993],[-69.25667177799994,-38.20527441599995],[-69.38706316399998,-38.205214214999955],[-69.40407723199996,-38.22408006599994],[-69.34471681599996,-38.24066623199997],[-69.34624374799995,-38.289107814999966],[-69.37937562999997,-38.28874090199997],[-69.41197090599996,-38.31358798699995],[-69.39644080099998,-38.33283487899996]],[[-69.29277855899994,-37.85017937799995],[-69.35719629899995,-37.82634528799997],[-69.27852378299997,-37.87654513999996],[-69.29277855899994,-37.85017937799995]],[[-68.43368264799994,-38.29738245599998],[-68.45145551799999,-38.239312601999984],[-68.40603285999998,-38.171098549999954],[-68.42233053399997,-38.14093483299996],[-68.35800528899995,-38.08932517799997],[-68.39524030399997,-38.06039564799994],[-68.47112200099997,-37.95195967799998],[-68.47826897599998,-38.00146346499997],[-68.43893866499997,-38.08095161099993],[-68.46974494099999,-38.120956244999945],[-68.45400957199996,-38.16005556999994],[-68.46615992499994,-38.250976967999975],[-68.43368264799994,-38.29738245599998]],[[-68.80089218799998,-37.95824351899995],[-68.80366772299993,-37.907561948999955],[-68.84820180599996,-37.92505338899997],[-68.92439271999996,-37.881396319999965],[-68.93878566599994,-37.91727518499994],[-68.97360057599997,-37.93329676999997],[-68.99886553199997,-37.90460572999996],[-69.05521467199998,-37.917023796999956],[-69.07553990699995,-37.937540241999955],[-69.01531321199997,-37.979657979999956],[-68.82504970299993,-38.01166661599996],[-68.80089218799998,-37.95824351899995]],[[-68.77896477799999,-38.05217739899996],[-68.77564862999998,-38.05290391099993],[-68.76119472399995,-38.04540677999995],[-68.77896477799999,-38.05217739899996]]],[[[-71.57916997399997,-40.866783373999965],[-71.52943211499996,-40.88629436499997],[-71.54445990499994,-40.91755321299996],[-71.49419453499996,-41.01288166699993],[-71.52266933399994,-40.99987448799993],[-71.56474452999998,-40.93354944299995],[-71.57916997399997,-40.866783373999965]]],[[[-71.14518415299995,-36.900794050999934],[-71.14528777933833,-36.912748899937334],[-71.14714036099997,-36.90826299699995],[-71.14518415299995,-36.900794050999934]]],[[[-71.14204597499997,-36.823623656999985],[-71.10889625499993,-36.83714103699998],[-71.16337203999996,-36.86210250899995],[-71.18130874599996,-36.84206581099994],[-71.14204597499997,-36.823623656999985]]],[[[-69.36594731799994,-37.205042497999955],[-69.34276115399996,-37.21145765699998],[-69.35931253999996,-37.23836003699995],[-69.36594731799994,-37.205042497999955]]],[[[-68.51707137699998,-38.83887303299997],[-68.48702131699997,-38.88586783599993],[-68.42446341799996,-38.84098284399994],[-68.42349195699995,-38.88954289399993],[-68.52161941699995,-38.937885774999984],[-68.54845089299994,-38.925087591999954],[-68.65231959599998,-38.92471312299995],[-68.64806766899994,-38.87324168899994],[-68.61046267799998,-38.85106521299997],[-68.51707137699998,-38.83887303299997]]]]}},{"type":"Feature","properties":{"PROV":"Tucumán"},"geometry":{"type":"Polygon","coordinates":[[[-65.97479893899998,-27.492522535999967],[-65.97359482099995,-27.334636262999936],[-66.13588059199998,-27.249701753999943],[-66.00656840299996,-27.063021659999947],[-65.97822476499994,-27.05906405299993],[-65.94395005799998,-27.00438395599997],[-65.89317597899998,-26.974045500999978],[-65.84938718399997,-26.898380265999947],[-65.87715639999993,-26.801038038999934],[-65.83987333999994,-26.71829021999997],[-65.86011268899995,-26.696641803999967],[-66.06663250599996,-26.608863439999936],[-66.12846553499998,-26.615597686999934],[-66.15830218299993,-26.602750527999945],[-66.15983630099998,-26.451902513999983],[-66.14446207299994,-26.402049020999982],[-66.11813414299996,-26.393495540999936],[-66.10507315699994,-26.226428880999947],[-65.71365439099998,-26.35411875899996],[-65.73684508999997,-26.28471403499998],[-65.72340415999997,-26.275587040999937],[-65.73189983799995,-26.21960527599998],[-65.70313023199998,-26.07032997799996],[-65.63031658799997,-26.10267585899993],[-65.56143999199998,-26.07917271399998],[-65.43907231499998,-26.10906300099998],[-65.34234577699993,-26.06612254099997],[-65.30650464699994,-26.07665044999993],[-65.26637723399995,-26.182478840999977],[-65.04321418399996,-26.257498531999943],[-64.99237633899997,-26.255977189999953],[-64.94990471599993,-26.30272952699994],[-64.87309607299994,-26.276007956999933],[-64.83625518999997,-26.235293356999932],[-64.76232599999997,-26.22241193499997],[-64.63605374299993,-26.23431242299995],[-64.47477364499997,-26.214109176999955],[-64.49479715399997,-26.241364620999946],[-64.47095763999994,-26.31522125999993],[-64.51341889099996,-26.355738455999983],[-64.52573415699999,-26.427823802999967],[-64.50222759299999,-26.678455243999963],[-64.58898120499998,-26.66779165899993],[-64.62859669799997,-26.804729708999957],[-64.69535542899996,-26.811400178999975],[-64.75489592699995,-27.02233629899996],[-64.79868972499997,-27.049553868999965],[-64.75489457699996,-27.022339298999952],[-64.85890385799996,-27.30927379999997],[-64.88143808899997,-27.31642808099997],[-64.88735397799996,-27.280047330999935],[-64.92675789299994,-27.25928937499998],[-64.91893933199998,-27.328411701999983],[-64.93457956999998,-27.344112035999956],[-64.96910505699998,-27.33794887399995],[-65.01319529899996,-27.441147782999963],[-65.08364100199998,-27.434198451999976],[-65.08444823099995,-27.465677703999972],[-65.06161800099994,-27.489548485999933],[-65.08602364399997,-27.50372136599998],[-65.07402952699994,-27.540538483999967],[-65.08912929999997,-27.563111299999946],[-65.09091490599997,-27.634469645999957],[-65.02093819899994,-27.629565019999973],[-65.01564280899998,-27.616573426999935],[-64.96966046899996,-27.724999631999935],[-64.99971995099997,-27.73740400799994],[-65.04074186799994,-27.875544416999958],[-65.09198960599997,-27.89061722899993],[-65.14591767999997,-27.871784176999938],[-65.17633171399996,-27.91641200099997],[-65.17678476399993,-27.954332551999983],[-65.37217054599995,-27.844988411999964],[-65.51568699199998,-27.92631599599997],[-65.55966583799994,-28.000026296999977],[-65.60007747499998,-28.002444330999936],[-65.68455282699995,-27.947359972999948],[-65.72397332899993,-27.802089235999972],[-65.76213455199996,-27.766121333999934],[-65.84622428499995,-27.78340095599998],[-65.88059481399995,-27.666870958999937],[-65.92398650999996,-27.653888051999957],[-65.97479893899998,-27.492522535999967]],[[-65.66566750299995,-26.62247769499993],[-65.66466154699998,-26.62623475999993],[-65.66479201399994,-26.62218160499998],[-65.66566750299995,-26.62247769499993]],[[-65.64377981499996,-26.86196089799995],[-65.63414371399995,-26.85871835599994],[-65.64403720247117,-26.86146750074437],[-65.64377981499996,-26.86196089799995]],[[-65.50732259699998,-26.713059569999928],[-65.50836835399997,-26.709721404999982],[-65.51503672999996,-26.713258809999957],[-65.50732259699998,-26.713059569999928]],[[-65.47823919099994,-26.89856433799997],[-65.48126696199995,-26.894279817999973],[-65.49187841999998,-26.88731828999994],[-65.47823919099994,-26.89856433799997]],[[-65.38600599899996,-26.912499717999935],[-65.38891740899999,-26.91102113499994],[-65.39131205399997,-26.914360976999944],[-65.38600599899996,-26.912499717999935]],[[-65.33222584399994,-26.823011393999934],[-65.18272339399994,-26.882048433999955],[-65.16520518899995,-26.79782312699996],[-65.25520790299998,-26.782340103999957],[-65.27997204299999,-26.804388476999975],[-65.32179083499994,-26.80057446199993],[-65.33222584399994,-26.823011393999934]],[[-65.64871393399994,-27.71036835299998],[-65.63358491899999,-27.704446119999943],[-65.64426316699996,-27.70599928699994],[-65.64871393399994,-27.71036835299998]],[[-65.59589791399998,-27.671438878999936],[-65.60047531299995,-27.671457863999933],[-65.60178465699994,-27.674742240999933],[-65.59589791399998,-27.671438878999936]],[[-65.78046681799998,-27.665612646999932],[-65.76875697899999,-27.641090781999935],[-65.79292139499995,-27.618926389999956],[-65.80003510899996,-27.624775514999953],[-65.78046681799998,-27.665612646999932]],[[-65.73181693699996,-27.33889669699994],[-65.72787472899995,-27.33897275199996],[-65.74137176799996,-27.336041876999957],[-65.73181693699996,-27.33889669699994]],[[-65.72423662099993,-27.322276071999966],[-65.73209409199995,-27.327016697999966],[-65.72771074599996,-27.32801100699993],[-65.72423662099993,-27.322276071999966]],[[-65.60101983899995,-27.417271183999958],[-65.59436164299996,-27.404220505999945],[-65.63863169299998,-27.392280579999976],[-65.60101983899995,-27.417271183999958]],[[-65.54030180999996,-27.080846262999955],[-65.53909365399994,-27.084283117999973],[-65.53264585699998,-27.082028571999956],[-65.54030180999996,-27.080846262999955]],[[-65.37314033099995,-26.913396390999935],[-65.36618953099997,-26.918975307999972],[-65.36615514699997,-26.913772863999952],[-65.37314033099995,-26.913396390999935]],[[-65.57664644699997,-27.085375591999934],[-65.57379581199996,-27.10121509399994],[-65.56104172499994,-27.095711620999964],[-65.57664644699997,-27.085375591999934]],[[-65.58259865199994,-27.10416549599995],[-65.59091225199995,-27.10285072199997],[-65.58458487199994,-27.105802850999964],[-65.58259865199994,-27.10416549599995]],[[-65.60340406599994,-27.11228237399996],[-65.60184010999996,-27.116217216999928],[-65.59957151599997,-27.11478971899993],[-65.60340406599994,-27.11228237399996]],[[-65.65645132599997,-27.248498379999944],[-65.64206493399996,-27.24155478299997],[-65.64324493199996,-27.187490613999955],[-65.64221094599998,-27.241318607999972],[-65.65645132599997,-27.248498379999944]],[[-65.47610657599995,-27.369405960999927],[-65.54508468399996,-27.33323072199994],[-65.55922210899996,-27.330066044999967],[-65.47610657599995,-27.369405960999927]],[[-65.70626692599996,-27.315034556999933],[-65.67839709199995,-27.300635127999954],[-65.69108893699996,-27.300646161999964],[-65.70626692599996,-27.315034556999933]],[[-65.67120239099995,-26.90444550099994],[-65.67298493699997,-26.920460912999943],[-65.66958284299994,-26.906875035999974],[-65.67120239099995,-26.90444550099994]],[[-65.59042718899997,-27.453296027999954],[-65.58711440899998,-27.454492724999966],[-65.59509590199997,-27.44058096899994],[-65.59042718899997,-27.453296027999954]],[[-65.21848225099995,-26.61920595099997],[-65.19322782399996,-26.61814696199997],[-65.22258227699996,-26.58529337799996],[-65.21226161399994,-26.554490302999966],[-65.23569186399993,-26.56278720599994],[-65.21848225099995,-26.61920595099997]],[[-64.80951103499996,-26.878182804999938],[-64.7694377124853,-26.83400215433339],[-64.7694377124853,-26.834002154333383],[-64.80951103499996,-26.878182804999938]],[[-64.65479472899995,-26.65454544199997],[-64.65208988599994,-26.65873523099998],[-64.65217664499994,-26.655970558999968],[-64.65479472899995,-26.65454544199997]]]}},{"type":"Feature","properties":{"PROV":"Tierra del Fuego, Antártida e Islas del Atlántico Sur"},"geometry":{"type":"MultiPolygon","coordinates":[[[[-70.50452721599999,-79.35697426899998],[-70.97504664499996,-79.65945104399998],[-71.11508218899996,-79.69866099699993],[-71.36714616899997,-79.65384962299999],[-71.56319592999995,-79.58663256099999],[-71.69202863099997,-79.56422687399998],[-71.91608550199999,-79.45219843899997],[-71.94409261099997,-79.37377853399994],[-72.02251251499996,-79.33456858199997],[-72.24656938599998,-79.27855436399994],[-72.36326567299994,-79.23280941999997],[-72.35299639999994,-79.16092450699995],[-71.90488265799996,-79.05449749299999],[-70.51012863799997,-78.77442640499999],[-70.11802911399997,-78.73521645299996],[-69.78194380799994,-78.75762213999997],[-69.36183717599994,-78.62318801699996],[-69.03695471299994,-78.55036953399997],[-67.93347462499997,-78.35431977199994],[-67.35092676099998,-78.38232688099998],[-67.25570259099999,-78.39913114699993],[-67.47975946199995,-78.53356526899995],[-67.84385187699996,-78.71841218699996],[-68.03990163799995,-78.77442640499999],[-68.71767367199993,-78.89765768399997],[-69.07616466599995,-78.94246905799997],[-69.44585850199996,-79.00968611899998],[-69.73713243399999,-79.08810602399996],[-69.89957366499993,-79.18333019399995],[-70.15163764499994,-79.26735152099997],[-70.50452721599999,-79.35697426899998]]],[[[-72.54617308399997,-73.01152545899998],[-72.75900371199998,-73.00883509799996],[-72.80343347899998,-72.97828963299997],[-72.75934976999997,-72.91416787599996],[-72.49515579899997,-72.78746574899998],[-72.48129400099998,-72.89149782099997],[-72.54617308399997,-73.01152545899998]]],[[[-70.10575438899997,-69.14121565999994],[-70.02509221399998,-69.18205702799997],[-70.11689172399997,-69.26758821599998],[-70.03110971699994,-69.31152196999994],[-69.84932589999994,-69.30242754399995],[-69.75099489299998,-69.27796063899996],[-69.63069927699996,-69.40316817099995],[-69.52292207699998,-69.46097797199997],[-69.52282939899999,-69.50509254299993],[-69.46694476399995,-69.53057890299993],[-69.47584181999997,-69.57163510999999],[-69.32042136799998,-69.62826116699995],[-69.31208921599995,-69.69152232899995],[-69.32651564799994,-69.81114724499997],[-69.25647606699994,-69.89465597599997],[-69.26590447199999,-69.92294119099995],[-69.14333520499997,-70.02395981799998],[-69.08676477499995,-70.11959078399997],[-69.03423508899994,-70.17481429999998],[-68.73252612399995,-70.33240335699998],[-68.67999643899998,-70.41456517299997],[-68.60995685799998,-70.47921709399998],[-68.58975313199994,-70.53174677999993],[-68.42812332999995,-70.65296913199995],[-68.42004183999995,-70.69337658199998],[-68.29747257299994,-70.86174095999996],[-68.28130959299995,-71.04222757199994],[-68.23820831199998,-71.11361406799995],[-68.22877990699993,-71.18634747899995],[-68.23820831199998,-71.42340452299999],[-68.21127001199994,-71.53385155399997],[-68.20184160699995,-71.67931837599997],[-68.21935150199994,-71.86249881899994],[-68.34326768399995,-71.97294584999997],[-68.36751215399994,-72.09416820199993],[-68.42677641499995,-72.15747320799994],[-68.41330726499996,-72.21000289399996],[-68.44428630999994,-72.24098193899994],[-68.75003601999998,-72.28677704999996],[-68.87799294699994,-72.35277588599996],[-69.06568804899996,-72.41126691799997],[-69.13592717299997,-72.44957916699997],[-69.45838860499998,-72.49746947899996],[-69.58928879099994,-72.54855247799998],[-69.96602590999998,-72.59963547699994],[-70.65883908799998,-72.66668191399998],[-70.74504164899997,-72.57409397799995],[-70.80570271099998,-72.56451591499996],[-70.87913452199996,-72.63475503899997],[-71.42827676399997,-72.66029653899994],[-71.59748919899994,-72.64752578899999],[-72.18813637799997,-72.65391116399996],[-72.36195326699993,-72.67353565099995],[-72.48689130499997,-72.65821124599995],[-72.55356663299995,-72.60377250299996],[-72.77506355599996,-72.60009122299994],[-73.14621152299998,-72.45419049299994],[-73.15933939799999,-72.42132787299994],[-72.85422224199993,-72.30018504099996],[-72.66820430999996,-72.27515580099998],[-73.01262571799998,-72.23210493599998],[-73.06049541999994,-72.21247505999997],[-73.07210935299997,-72.14764849299996],[-73.16683167299993,-72.11514426099995],[-73.68063438699994,-72.05856223599994],[-73.81235033699994,-72.09980662499999],[-73.80049187999998,-72.13767718199995],[-74.02985395599995,-72.17500085599994],[-74.02985395599995,-71.39823350499995],[-73.89045991799998,-71.40244555899994],[-73.60656154299994,-71.33246002499999],[-73.41780617099994,-71.30070205899995],[-73.33264826799996,-71.30422935499996],[-73.28021059699995,-71.27085992699995],[-73.25931035499997,-71.21711021799996],[-73.14923736799994,-71.14179712199996],[-72.96964459999998,-71.07807065599997],[-72.62783900999995,-71.03172413499993],[-71.44020941499997,-71.10703723099994],[-71.34172305799996,-70.96220435399994],[-71.09840382399994,-70.89268457199995],[-70.88405116599995,-71.00855087399998],[-70.71025171299993,-70.98537761399996],[-70.66390519199996,-70.91585783299996],[-70.76818486399998,-70.85213136699997],[-70.86087790499994,-70.81737147599995],[-71.02888404299995,-70.79999153099993],[-71.25482333199994,-70.71309180399999],[-71.49814256599996,-70.52770572099996],[-71.65456207299997,-70.46397925499997],[-71.82256821099998,-70.44659930999995],[-72.07747407499994,-70.38287284399996],[-72.26286015899996,-70.40025278899998],[-72.37872645999994,-70.42921936499994],[-72.54673259799995,-70.33652632299999],[-72.55831922799996,-70.23803996699996],[-72.45983287199994,-70.19748676099994],[-71.76463505999999,-70.27279985699994],[-71.60242223799997,-70.23224665199996],[-71.41703615399996,-70.15693355499997],[-71.45758935999999,-70.10479371899999],[-71.59083560699997,-70.06424051399995],[-71.70670190899995,-70.05844719899994],[-71.82836152599998,-70.01210067799997],[-71.87470804699996,-69.89623437599994],[-71.82836152599998,-69.83250790999995],[-71.71828853899996,-69.78036807399997],[-71.63718212799995,-69.77457475899996],[-71.57924897699996,-69.69346834799995],[-71.65456207299997,-69.58339536099999],[-71.66035538799997,-69.49070231899998],[-71.69658108999994,-69.43583681299998],[-71.67446375399999,-69.39683593499996],[-71.80495358599995,-69.35760306499998],[-71.94215338799995,-69.34825210899999],[-72.01723384499996,-69.31144984099996],[-72.12967433399996,-69.22414999699998],[-72.11602136999994,-69.15958337599994],[-72.19421097399999,-69.11391187199996],[-72.21333964899998,-69.07510423999997],[-72.03155612899997,-68.99696728499998],[-72.01073876999999,-68.96059954099997],[-71.70678692199994,-68.91596834699993],[-71.56356011399998,-68.86037209799997],[-71.17885478699998,-68.84871140299998],[-71.03752411099998,-68.86843244199997],[-70.93835236899997,-68.85085328599996],[-70.91015116299997,-68.82738799299995],[-70.75963837499995,-68.80530285299994],[-70.57457564899994,-68.81520814699996],[-70.46295603499993,-68.78361986599998],[-70.21021763599998,-68.84470601099997],[-70.10617303399994,-68.89599785499996],[-70.11615911199993,-68.95004292999994],[-70.07399217199998,-68.99094409899993],[-70.11414342299997,-69.00404397499995],[-70.01034790699998,-69.10126540099998],[-70.06106224799998,-69.10268494599995],[-70.10575438899997,-69.14121565999994]]],[[[-72.90591813399993,-69.59498199099994],[-73.03643821499998,-69.51514897499999],[-72.88337948899994,-69.44120344499999],[-72.74421134699998,-69.41324500399998],[-72.63739341699994,-69.41521301399996],[-72.37187013599998,-69.47484422999997],[-72.28119363299999,-69.52926432499999],[-72.09713938499993,-69.53052554299995],[-71.93264119799994,-69.62394856599997],[-72.00216097899994,-69.68767503199996],[-72.56411254399995,-69.75140149899994],[-72.90591813399993,-69.59498199099994]]],[[[-72.77369911599999,-69.01573996899998],[-72.74956125999995,-69.04359134099997],[-72.87396405399994,-69.06401567999995],[-72.88139108699994,-69.02502375999995],[-72.77369911599999,-69.01573996899998]]],[[[-67.97440643799996,-66.88947616699994],[-68.02521558199999,-66.94290771799996],[-67.92458069599996,-67.01109031099998],[-67.95506618299999,-67.05960484899998],[-67.81247277899996,-67.07173348299995],[-67.78030731299998,-67.13635124099994],[-67.67950852699994,-67.14864377599997],[-67.76088510799997,-67.18822573799997],[-67.82603554199994,-67.19068424499994],[-67.89880734799993,-67.24796745699996],[-67.97157915499997,-67.24772160699996],[-67.98152244899995,-67.30079803999996],[-68.13179611199996,-67.32270002299998],[-68.24747036299993,-67.38132934999999],[-67.95177451499995,-67.39766321499997],[-67.97513033099995,-67.46994331899998],[-68.02577557499995,-67.47903979499995],[-68.05749031499994,-67.52403047299998],[-68.13616253799995,-67.56975870199994],[-68.22983165299996,-67.54492778199995],[-68.23696132299995,-67.51714665299994],[-68.42184104699999,-67.55820371999994],[-68.38812011799996,-67.61325969499995],[-68.40491832399994,-67.65134015799998],[-68.51199996099996,-67.69941762799994],[-68.57748730199995,-67.75030366299995],[-68.68027896399997,-67.73578787099996],[-68.90456787799997,-67.76614332799994],[-68.98411423599998,-67.67261079599996],[-69.07852090399996,-67.65687635199998],[-69.20002578099997,-67.55591366599998],[-69.14801470099997,-67.46412940599998],[-69.00859003899996,-67.35092881799994],[-68.88893350999996,-67.31220337599996],[-68.89320411199998,-67.29498412699996],[-68.81496895699996,-67.26307816999997],[-68.76689148799994,-67.16211548399997],[-68.63655795599993,-67.04701191999999],[-68.54935384399994,-66.94081538399996],[-68.42046933299997,-66.83264880199994],[-68.36454338799996,-66.81777322399995],[-68.32934707199996,-66.78071543899995],[-68.23372595699993,-66.74247292099994],[-68.06210859799995,-66.71135972599996],[-67.89405265299996,-66.62978511799997],[-67.68096241099994,-66.62520505299995],[-67.64857231499997,-66.68853419699997],[-67.73543956099996,-66.72557570199996],[-67.74232337999996,-66.75737239199998],[-67.80952256999996,-66.76950102699993],[-67.82624041799994,-66.80392012399994],[-67.94687115999994,-66.82424378199994],[-67.92687530299997,-66.84751764799995],[-67.98489606699997,-66.86521889799997],[-67.97440643799996,-66.88947616699994]]],[[[-68.61117289499998,-54.893526519999966],[-68.59717878299995,-54.82686528399995],[-68.58196537426974,-54.82888184038867],[-68.59670131899998,-54.80500107399996],[-68.60839388999995,-54.55283945799994],[-68.48849895699993,-54.59090180399994],[-68.47882484799999,-54.570260401999974],[-68.40148167799998,-54.568523992999985],[-68.28829895699994,-54.59424792899995],[-68.11517088799997,-54.60020359699996],[-67.92592692499994,-54.60216133599994],[-67.78128928099994,-54.58465770599997],[-67.38674821799998,-54.600728139999944],[-67.23349028799998,-54.541247547999944],[-67.22924104199996,-54.52004628399993],[-67.33433908299997,-54.53952121799995],[-67.66206239399997,-54.53892731199994],[-67.77942347199996,-54.50319245199995],[-67.78838609499996,-54.522487489999946],[-67.90581584699999,-54.54511462099998],[-68.12920940499998,-54.552785804999985],[-68.60827837599999,-54.52064526199996],[-68.60816283099996,-52.65972292499998],[-68.30244899499996,-52.935572985999954],[-68.27178954899995,-52.97430419899996],[-68.23651122699994,-53.08258056599993],[-68.29504200199995,-53.00781249999994],[-68.35559081699995,-53.019104003999985],[-68.45831298499996,-53.09490966799996],[-68.50311278899994,-53.11010742199994],[-68.49969481999995,-53.157775878999985],[-68.52789306199998,-53.18011474599996],[-68.52459716399994,-53.24359130899995],[-68.46948793199994,-53.290789082999936],[-68.38940429399997,-53.311889647999976],[-68.30739624899996,-53.32062915599994],[-68.20707107599998,-53.305607444999964],[-68.13617622299995,-53.329622566999944],[-68.07697632699995,-53.39284088199997],[-68.05299207099995,-53.48755991499996],[-68.01808730999994,-53.55271734399997],[-67.95365231599999,-53.62112403499998],[-67.69473802899995,-53.78146763999996],[-67.54671066399999,-53.839738255999976],[-67.57958083599993,-53.871369254999934],[-67.54565442499995,-53.92002684399995],[-67.48334447099995,-53.945618346999936],[-67.45213009099996,-53.985515583999984],[-67.33445310599996,-54.01793531599998],[-67.32612592599997,-54.044688717999975],[-67.13174373299995,-54.12855240099998],[-66.95141252599996,-54.18456021999998],[-66.89608014299995,-54.22090038099998],[-66.75333092299996,-54.25413810799995],[-66.68323424099998,-54.322300611999935],[-66.45764223999998,-54.481645524999976],[-66.30326485199998,-54.51023823999998],[-65.86619871799996,-54.637910588999944],[-65.68534603499995,-54.66340374799995],[-65.55777734999998,-54.65156758699993],[-65.51998564299998,-54.66835561399995],[-65.27892132799997,-54.630759883999986],[-65.11717282199999,-54.65780233199996],[-65.17427851399998,-54.680026862999966],[-65.21787321299996,-54.74718475099996],[-65.20489660899995,-54.78034846199995],[-65.26577817999998,-54.803507338999964],[-65.23687171299997,-54.83172873999996],[-65.31259926099995,-54.87361395999994],[-65.32818017599993,-54.92033276199999],[-65.41389815199994,-54.93900997199995],[-65.42515214599996,-54.904551253999955],[-65.49482133899994,-54.89969805599998],[-65.49610909899997,-54.92990640099998],[-65.62543471199996,-54.95245604799993],[-65.63121704899999,-54.970568292999985],[-65.72007208899998,-54.96692950299996],[-65.72484638299994,-54.92974895899994],[-65.77635716899994,-54.90205692999996],[-65.83137838899995,-54.91608625099997],[-65.89202186499995,-54.90092759399994],[-65.91381183099998,-54.91306692899997],[-65.98227673099996,-54.903547824999976],[-65.99608901499994,-54.91639522299994],[-65.95371627899993,-54.94499524199995],[-66.00500511899997,-54.976288618999945],[-66.10705864899995,-54.996909561999985],[-66.30793390499997,-54.99523399699996],[-66.36399562099996,-55.02363042799993],[-66.36719716299996,-55.04084637799997],[-66.45261348899999,-55.060269923999954],[-66.51594561699994,-55.05856300199997],[-66.72256851499998,-55.00406459299995],[-66.76314163099994,-54.96358095199997],[-67.15773626099997,-54.893760681999936],[-67.32983749199997,-54.87405564699998],[-67.39679235299997,-54.89079055999997],[-67.50789440199998,-54.855771207999965],[-67.68886751799994,-54.88880576499997],[-67.82833014599998,-54.86123764399997],[-68.03424337399997,-54.851196905999984],[-68.25163140199999,-54.79509504099997],[-68.31574053799994,-54.811433002999934],[-68.38157008899998,-54.85176317599996],[-68.55088532579252,-54.853278210749494],[-68.52728822999995,-54.87039075599995],[-68.61117289499998,-54.893526519999966]],[[-68.18884777899996,-53.62874711599994],[-68.16204844499998,-53.656654025999956],[-68.14575410299994,-53.62081237399997],[-68.18884777899996,-53.62874711599994]],[[-68.25888561399995,-53.63210315199996],[-68.28927412599995,-53.63830260299994],[-68.27652951399995,-53.67806878499994],[-68.24608884799994,-53.65914791499995],[-68.25888561399995,-53.63210315199996]],[[-67.58838967499997,-54.44434165299998],[-67.69699983199996,-54.41333578499996],[-67.74744973899993,-54.369891294999945],[-67.80698703099995,-54.389198076999946],[-67.69567680399996,-54.45409610299998],[-67.58838967499997,-54.44434165299998]],[[-67.62686172599996,-54.37113645399995],[-67.63226692399996,-54.41591044199998],[-67.54207692599994,-54.43163057299995],[-67.51667897099998,-54.40426456599994],[-67.54995546799995,-54.38186955499998],[-67.62686172599996,-54.37113645399995]],[[-67.65275734399995,-53.873408103999964],[-67.62326130199995,-53.88571070699999],[-67.58515932999995,-53.84830385799995],[-67.65275734399995,-53.873408103999964]],[[-65.78936272699997,-54.677384374999974],[-65.80468481899999,-54.71004046999997],[-65.76564685199997,-54.697185015999935],[-65.78936272699997,-54.677384374999974]],[[-65.64729134533674,-54.71145751426899],[-65.62805012399997,-54.67696916099993],[-65.69122776499995,-54.720653710999954],[-65.64729134533674,-54.71145751426899]],[[-65.66857189999996,-54.723177212999985],[-65.64729134533673,-54.71145751426899],[-65.64729134533674,-54.71145751426899],[-65.66857189999996,-54.723177212999985]]],[[[-67.24132497899996,-68.13205204699995],[-67.16334113799996,-68.14876286999998],[-67.24550268499996,-68.17243653599996],[-67.24132497899996,-68.13205204699995]]],[[[-66.92352172499994,-67.85075176299995],[-66.87219843799994,-67.87152547499994],[-67.04022110499994,-67.88191232999998],[-67.04388705499997,-67.86358258499996],[-66.92352172499994,-67.85075176299995]]],[[[-67.09645432799994,-67.84348572499994],[-67.16381983399998,-67.88186839599996],[-67.27818452899999,-67.89518483299997],[-67.22961869899996,-67.79178661599997],[-67.10977076499995,-67.81685284999998],[-67.09645432799994,-67.84348572499994]]],[[[-66.90519197999998,-67.79881748399998],[-66.95101634399998,-67.82753408499997],[-66.99989566499994,-67.81470326299996],[-66.90519197999998,-67.79881748399998]]],[[[-67.01498906599994,-67.66175552399994],[-67.14502015799997,-67.72912102899994],[-67.13327035999998,-67.69778823599995],[-67.01498906599994,-67.66175552399994]]],[[[-67.67343975999995,-67.71349441099994],[-67.63576697199994,-67.68044810499998],[-67.74151514899995,-67.70391098199997],[-67.78050978899995,-67.67284745499995],[-67.58044030199994,-67.60302866799998],[-67.41237394699994,-67.58593567199995],[-67.39254616399995,-67.61336410499996],[-67.33372374099997,-67.61964290299994],[-67.25474307099995,-67.57602177999996],[-67.12454062799998,-67.62063429299997],[-67.26564835199997,-67.71217255799996],[-67.31786151399996,-67.70886792799996],[-67.30827808599997,-67.74224469599994],[-67.43815006599993,-67.78586581899998],[-67.53332342499994,-67.79280554399998],[-67.71342578899998,-67.76306386899995],[-67.73457542499995,-67.72076459799996],[-67.67343975999995,-67.71349441099994]]],[[[-66.96803358899996,-67.54912561599997],[-66.99247324999993,-67.57173230299998],[-67.17210475599995,-67.59617196299996],[-67.05418339299996,-67.54484867599996],[-66.96803358899996,-67.54912561599997]]],[[[-67.61162526299995,-67.31557677599994],[-67.72221880699993,-67.37422727799998],[-67.72481880799995,-67.32801549699997],[-67.61162526299995,-67.31557677599994]]],[[[-67.63590817799997,-67.19416220199997],[-67.58890898799996,-67.21531183799993],[-67.70800670099999,-67.28397832799993],[-67.80519286399993,-67.28222814199995],[-67.81450509899997,-67.25761110899998],[-67.63590817799997,-67.19416220199997]]],[[[-67.66442816299997,-67.08325634299996],[-67.57089263199998,-67.04376479499996],[-67.54504307699995,-67.10643038099994],[-67.60637145099997,-67.13966594799996],[-67.67899076799995,-67.12992997599997],[-67.66442816299997,-67.08325634299996]]],[[[-67.73464499999994,-66.98234622499996],[-67.79856370799996,-66.95896854899996],[-67.71008364499994,-66.96311142799993],[-67.73464499999994,-66.98234622499996]]],[[[-67.54992851699996,-66.86768347499998],[-67.55353432699997,-66.83228097499995],[-67.49879157199996,-66.80736810399998],[-67.51485381699996,-66.75754236299997],[-67.48502393299998,-66.73951331199999],[-67.37289780399993,-66.73184641299997],[-67.29547679499996,-66.76448081599995],[-67.22868360599995,-66.83228097499995],[-67.30997823699994,-66.88177891499998],[-67.37881643199995,-66.88177891499998],[-67.40897411699996,-66.91324780399998],[-67.47605072499994,-66.91582620699995],[-67.60336006799997,-66.88538472499994],[-67.54992851699996,-66.86768347499998]]],[[[-67.21545982999999,-66.40783953199997],[-67.26789048699999,-66.40033882899996],[-67.20157238999997,-66.37219262599996],[-67.21545982999999,-66.40783953199997]]],[[[-67.12665544799995,-66.37583582399998],[-67.14847536799994,-66.31995554099996],[-67.09685262999994,-66.32013293899996],[-67.02234558599997,-66.36554675699995],[-67.16710212899994,-66.39375299499994],[-67.12665544799995,-66.37583582399998]]],[[[-66.91797036499997,-66.25307086899994],[-66.88466169399999,-66.26715135199998],[-66.96157444199997,-66.29500951299997],[-67.10251023499995,-66.27092013799995],[-67.05862379599995,-66.23838477299995],[-67.06907060599997,-66.26185224499994],[-66.91797036499997,-66.25307086899994]]],[[[-62.42660667999996,-80.95352132699998],[-63.10741300899997,-80.88677560899998],[-63.72147361899994,-80.75328417199995],[-64.10859878599996,-80.57974530399997],[-64.58916795899995,-80.53969787299997],[-65.05638798799998,-80.57974530399997],[-65.36341829299994,-80.65984016599998],[-65.79059089099997,-80.56639615999995],[-66.41800064499995,-80.49965044199996],[-66.89856981799994,-80.52634872899995],[-67.17890183499998,-80.36615900499999],[-67.39248813399996,-80.19262013699995],[-67.40583727799998,-80.08582698699996],[-67.08545782899995,-80.01908126899997],[-66.81847495499994,-80.09917613099998],[-66.09762119599998,-80.27271499899996],[-65.61705202299999,-80.29941328599995],[-64.10859878599996,-80.35280986099997],[-63.18750787099998,-80.27271499899996],[-62.61349469199996,-80.29941328599995],[-62.319813530999966,-80.23266756799995],[-62.25306781199998,-80.17927099299999],[-62.37321010599999,-80.08582698699996],[-62.54674897399997,-80.00573212499995],[-62.46665411199996,-79.89893897499996],[-62.30646438699995,-79.80549496999998],[-61.905990075999966,-79.68535267599998],[-61.53221405299996,-79.61860695799999],[-61.15843802999996,-79.61860695799999],[-60.74461457499996,-79.64530524499997],[-60.57107570699998,-79.73874925099994],[-60.57107570699998,-79.99238298099993],[-60.61112313799998,-80.43290472299998],[-60.99824830499995,-80.69988759699999],[-61.518864908999944,-80.88677560899998],[-62.02613236999997,-80.95352132699998],[-62.42660667999996,-80.95352132699998]]],[[[-57.005792758999974,-63.47082402099994],[-56.93151416899997,-63.48355749299998],[-56.90380288899996,-63.52085980299995],[-56.82313422499993,-63.525607985999955],[-56.76208824299994,-63.55768449399994],[-56.772345762999976,-63.604525481999985],[-56.82112538399997,-63.64332569199996],[-56.87319145299995,-63.64549911299997],[-56.93469753699998,-63.61018480299998],[-56.98952220999996,-63.613014463999946],[-57.03656531699994,-63.646616682999934],[-57.12357737899998,-63.648385220999955],[-57.16036296699997,-63.63140725699998],[-57.188935233999985,-63.58076120299995],[-57.366476227999954,-63.54229259999994],[-57.51456179699994,-63.56068539399996],[-57.67632405899997,-63.54936675199997],[-57.73999142099996,-63.55927056399997],[-57.75639915299996,-63.59320557799998],[-57.600920730999974,-63.60218061099994],[-57.635184367999955,-63.62698990399997],[-57.70362678299995,-63.62564692099994],[-57.96629057699994,-63.68670292699994],[-58.07750950099995,-63.65864949499996],[-58.15403675899995,-63.71190251899998],[-58.26785460399998,-63.72331787799993],[-58.26472097599998,-63.744693696999946],[-58.375276923999934,-63.79898492499996],[-58.38021755099999,-63.83836679099994],[-58.474114475999954,-63.85101321899998],[-58.43606327899994,-63.87910395599994],[-58.48067188299996,-63.914875396999946],[-58.56886112799998,-63.920247330999985],[-58.706964589999984,-63.99053012999997],[-58.73483149699996,-64.05879845399994],[-58.696892214999934,-64.09461134599997],[-58.78362656099995,-64.13657957799995],[-58.81899179099997,-64.17664524999998],[-58.808359838999934,-64.21503219299996],[-58.84898508799995,-64.21570368499994],[-58.92240151499993,-64.17474268999996],[-58.90326400199996,-64.21089132799995],[-58.956983338999976,-64.21033175099996],[-58.97779958199993,-64.25364296699996],[-58.895877592999966,-64.28553882299997],[-58.833540778999975,-64.27613793899997],[-58.74255365099998,-64.30445250699995],[-58.75407056299997,-64.32962722799994],[-58.862039798999945,-64.34713575299998],[-58.826492187999975,-64.41000727399995],[-58.77688470099997,-64.42035321999998],[-58.76202898399998,-64.50046798399995],[-58.81535039999994,-64.55644220699998],[-58.901831899999934,-64.55617692699997],[-59.01829011799998,-64.49648877399994],[-58.993088452999984,-64.44131039299998],[-59.03075830999995,-64.43627006099996],[-59.170030664999956,-64.47234823299993],[-59.26128721799995,-64.46226756699997],[-59.37721487399995,-64.42459771099993],[-59.39737620599993,-64.33413699999994],[-59.494999494999945,-64.30920061599994],[-59.563707189999946,-64.33705508699995],[-59.65045397199998,-64.40257941499993],[-59.61119243199994,-64.44184095499998],[-59.62313006199997,-64.49118316099998],[-59.54672922699996,-64.53866840199998],[-59.549116752999964,-64.58111330999998],[-59.655494304999934,-64.60366216799997],[-59.71120324699996,-64.57686881999996],[-59.771952521999935,-64.57368545099996],[-59.75232175199994,-64.48481642499996],[-59.76532050499998,-64.42565883299994],[-59.84623111199994,-64.41955737799998],[-59.941732155999944,-64.37976527599994],[-60.006681707999974,-64.39696430699996],[-59.96954241299994,-64.44117775299998],[-60.01552439699998,-64.47371884999995],[-60.24543431799998,-64.52783610799997],[-60.26311969599993,-64.57523292199994],[-60.32183515299994,-64.55471788299997],[-60.38620992999995,-64.56037720399996],[-60.35791332499997,-64.59716279099996],[-60.36498747599995,-64.65446341799998],[-60.43714381999996,-64.64172994499995],[-60.71586538499997,-64.74324401799998],[-60.69924112999996,-64.78462780299998],[-60.775995671999965,-64.83556169299999],[-60.865827311999965,-64.86257346099995],[-60.93048073399996,-64.92604665199997],[-61.02495070699996,-64.92923455499994],[-61.00351124799994,-64.98993688699994],[-61.155069365999964,-65.06731891399994],[-61.297642362999966,-65.03051852999994],[-61.39358926399996,-65.04770195299994],[-61.50320239499996,-64.99436147299997],[-61.56347442099997,-64.99128297799996],[-61.677707134999935,-65.02478093699995],[-61.70556093799996,-65.08055930099994],[-61.522587199999975,-65.12690537799995],[-61.55528549999997,-65.16128051399994],[-61.61649000999995,-65.17469520099996],[-61.59972165099998,-65.23757654699995],[-61.82357924199994,-65.23422287499994],[-61.903228945999956,-65.20152457499995],[-61.971979217999944,-65.20571666499995],[-62.011384860999954,-65.25853699599998],[-62.08097354999995,-65.27111326499994],[-62.13127862699997,-65.30213472899999],[-62.133793880999974,-65.33315619199993],[-62.013900114999956,-65.38010759699995],[-62.00886960699995,-65.41364431499994],[-61.82860974899995,-65.45808046599996],[-61.75184111999994,-65.50236577599998],[-61.828083584999945,-65.54439292799998],[-61.58505378799998,-65.58234345499994],[-61.57216114899995,-65.64307227299997],[-61.870211196999946,-65.68303486699995],[-61.883580378999966,-65.75779755499997],[-62.00513044999997,-65.84211441299993],[-62.12927025399995,-65.84427340699995],[-62.13207240299994,-65.87992053699998],[-62.29055679199996,-65.99219727699995],[-62.21670971899994,-66.00381392999998],[-61.99860176699997,-65.97777561799995],[-61.95009518499995,-65.99614226599994],[-61.947982785999955,-66.08181983299994],[-61.718566263999946,-66.14478853899993],[-61.629399095999986,-66.05280605299998],[-61.56925951799997,-66.02121391799994],[-61.47780566399996,-66.02197463999994],[-61.43095600799995,-66.07944252299995],[-61.369717813999955,-66.02281482099994],[-61.350939740999934,-65.98013725299995],[-61.174424733999956,-65.93140869699994],[-61.09270797399995,-65.96045589999994],[-61.04492639399996,-66.05438140199993],[-60.997243175999984,-66.07160723399994],[-60.990300238999964,-66.02640124999994],[-61.02157164499994,-65.98690052699993],[-61.01629474499998,-65.93940842599994],[-60.97144109399994,-65.90774702599998],[-60.86062619299997,-65.93676997599994],[-60.55456598799998,-65.92885462599997],[-60.54137373799995,-65.96579292599995],[-60.60205808899997,-66.06605402799994],[-60.66010398999998,-66.10035387799996],[-60.71023453999999,-66.16895357899995],[-60.781472690999976,-66.18214582999997],[-60.836880141999984,-66.23755327999999],[-60.852710841999965,-66.32462213199994],[-60.898365025999965,-66.39608085299994],[-60.98484311799996,-66.41434349999997],[-61.09276733799999,-66.37089185699995],[-61.27124265499998,-66.22695007799996],[-61.29267651499998,-66.32318864399997],[-61.520724765999944,-66.33930575899996],[-61.58110870199994,-66.36379432699994],[-61.60054120199999,-66.40647879399995],[-61.58774983899997,-66.47444408599995],[-61.682821855999975,-66.50575293399999],[-61.880384309999954,-66.42527950399995],[-61.95369409299997,-66.27453501999997],[-62.067014547999975,-66.21974259499996],[-62.25123449899996,-66.21758377899994],[-62.26202995699998,-66.24601718999998],[-62.334090196999966,-66.30225672099994],[-62.402575017999936,-66.31566439299996],[-62.55245235399997,-66.29936815499997],[-62.616510181999956,-66.35205024899994],[-62.526333955999974,-66.37830799099999],[-62.457825114999935,-66.45782066399994],[-62.50111015699997,-66.55728601599998],[-62.302267050999944,-66.61344952499996],[-62.28995961199996,-66.66720502199996],[-62.363269643999956,-66.72347754599997],[-62.57303416599996,-66.77075806699997],[-62.73836284799995,-66.71478978799996],[-62.77811690699997,-66.60696766999996],[-62.86491675099995,-66.54489460599996],[-62.96378719699999,-66.51832835899995],[-63.138511464999965,-66.41896676299996],[-63.19776487199994,-66.35005950399994],[-63.326952966999954,-66.30490140599994],[-63.37008309599997,-66.24695152699996],[-63.43148312999995,-66.26725665099997],[-63.497675809999976,-66.32318764499996],[-63.44251361999994,-66.41714272599995],[-63.51661500899996,-66.46579375299996],[-63.62689937099998,-66.46724589999997],[-63.66664607599995,-66.50936653999997],[-63.73736308799994,-66.52941076799993],[-63.66465713399998,-66.55588669699995],[-63.67566792599996,-66.63433985199998],[-63.74027512899994,-66.66882034999998],[-63.856774764999955,-66.64856643999997],[-63.887075193999976,-66.73736603799995],[-63.58083214499999,-66.75062919999993],[-63.53077243299998,-66.82311904399995],[-63.520448820999945,-66.87339620899996],[-63.59704083199995,-66.92919289699995],[-63.87156075599995,-66.97743219299997],[-64.36103403599998,-66.95958360099996],[-64.45875250699999,-66.97519953399996],[-64.62717179899994,-67.04635042899997],[-64.53666584899997,-67.07361639299995],[-64.50777467399996,-67.10654256599997],[-64.55705155099997,-67.18775433399998],[-64.60497156199995,-67.21167703799995],[-64.69380724799998,-67.22025168599998],[-64.66759585999995,-67.26748038899996],[-64.73251325199993,-67.33397095499998],[-64.96230496499999,-67.43209974099994],[-65.12506220999995,-67.40987678599998],[-65.21463955699994,-67.37517779899997],[-65.21997765499998,-67.44317176899995],[-65.30374493199997,-67.50934253899999],[-65.29609951499998,-67.52861022699994],[-65.19863445399994,-67.55390456499998],[-65.15390472699994,-67.60751501699997],[-65.19130996599995,-67.63152321599995],[-65.35721691899994,-67.66271899399999],[-65.24979634699997,-67.74073558299995],[-65.25754380599994,-67.80487194899996],[-65.41679820699994,-67.81359187999993],[-65.30999480199995,-67.84157798099994],[-65.26081611899997,-67.93111988899994],[-65.20710749099999,-67.97309398899995],[-65.24583640499998,-68.02808663999997],[-65.48395211699994,-68.04777272199993],[-65.49169256699997,-68.09526106499999],[-65.29601947699996,-68.12093197499996],[-65.22385287999998,-68.09306102999994],[-65.02251228199998,-68.09237536899997],[-64.78566820799995,-67.98747959299993],[-64.69437193199997,-67.97897645099994],[-64.66163381799998,-67.99525209899997],[-64.68174042999993,-68.03766772599994],[-64.73520615299998,-68.06617162299995],[-64.63739859499998,-68.07209235199997],[-64.65629407499995,-68.17056560699996],[-64.70171826999996,-68.18736220499994],[-64.86676059299998,-68.19883652899995],[-65.18057274899996,-68.28383335699993],[-65.21608363599995,-68.30794620199998],[-65.22031148499997,-68.38299521099998],[-65.02413401599995,-68.36064671099996],[-64.84530905999998,-68.37704444899998],[-64.76884436399996,-68.45046809599995],[-64.81011200499995,-68.48883527699996],[-65.02791785099998,-68.50848762099997],[-65.03192765799997,-68.54179784099995],[-65.13788507799995,-68.60711576799997],[-65.08429590799994,-68.65743032299997],[-64.93064351999993,-68.65770788199995],[-64.82464407099997,-68.71042601499994],[-64.76616791299995,-68.81686735899996],[-64.64010497899994,-68.86757052099995],[-64.45121430199998,-68.88497209699995],[-64.31924785899997,-68.87591481499999],[-63.953290970999944,-68.65561139699997],[-63.795677755999975,-68.45839105799996],[-63.73235986399993,-68.44290826299994],[-63.39721798499994,-68.41796005199996],[-63.20671515899994,-68.42471201899997],[-63.062239097999964,-68.45916406799995],[-62.962833889999956,-68.44280599999996],[-62.86785340999995,-68.46207135599997],[-62.846483932999945,-68.51241224599994],[-62.908703023999976,-68.57227418299993],[-62.986190748999945,-68.58065924099998],[-63.17915866599998,-68.53715444399995],[-63.41382007999994,-68.59762238899998],[-63.55016675599995,-68.58808632299997],[-63.59757999799996,-68.59796381099994],[-63.64246671999996,-68.65079632099997],[-63.646947971999964,-68.69959970899998],[-63.73503292799995,-68.73136288299997],[-63.31825536599996,-68.76732171999998],[-63.169092829999954,-68.80431129999994],[-63.11270279799999,-68.89104419499995],[-63.257558690999986,-68.88517409799994],[-63.315035368999986,-69.00589719799996],[-63.35456935399998,-69.04222776899996],[-63.22141739999995,-69.07182981399995],[-63.23795569199996,-69.12286957499998],[-63.17613462699995,-69.15128913399997],[-63.13011913699995,-69.11263037099997],[-63.03877214899995,-69.10805397199994],[-62.95204190499999,-69.13915880999997],[-62.93470234399996,-69.22412102399994],[-62.99650882499998,-69.23992733999995],[-62.99381609999995,-69.26741373599998],[-62.93130800999995,-69.29576878299997],[-62.92629963899998,-69.33045068499996],[-62.83980091199999,-69.34599141299998],[-62.80860814699997,-69.32374662699993],[-62.658221535999985,-69.30666401399998],[-62.583793765999985,-69.34580317499996],[-62.51731318399993,-69.45881437199995],[-62.41037088099995,-69.46845099599994],[-62.35219498699996,-69.48941496099997],[-62.40898445099998,-69.51501796399998],[-62.32549569199995,-69.56969386499998],[-62.36641435599995,-69.74594456699998],[-62.540863926999975,-69.83705373899994],[-62.40218731199997,-69.89842810999994],[-62.33484321299994,-69.87410428599998],[-62.228573308999955,-69.87884919299995],[-62.200176703999944,-69.91857155699995],[-62.21180317999995,-69.96982153099998],[-62.25644226199995,-69.99324233699997],[-62.18141651999997,-70.02552312599994],[-62.029258494999965,-70.04970677799997],[-61.81798493499997,-70.11111930799996],[-61.74484969799994,-70.19747194199994],[-61.76728210799996,-70.30306540399994],[-62.12487132899997,-70.40560629399994],[-62.09692247899994,-70.49471424799998],[-62.02407557099997,-70.50297666699998],[-61.895562998999935,-70.47769291099996],[-61.81636925399994,-70.53508245099994],[-61.633585522999965,-70.48741464299997],[-61.390677926999956,-70.47023508899997],[-61.287275327999964,-70.49733819199997],[-61.27188083899995,-70.59192623699994],[-61.32633119099995,-70.61805976499994],[-61.48703292299996,-70.64725481399995],[-61.65380229099998,-70.74814076099995],[-61.860567139999944,-70.79941474699996],[-61.94972562299995,-70.84024395999995],[-62.14548207399997,-70.87244894699995],[-61.992939294999985,-70.95714959899993],[-61.80899090999998,-70.94361792899997],[-61.58733234299996,-70.85454700099996],[-61.33948066999994,-70.82595809899993],[-61.20045407899994,-70.82299027699997],[-61.09566757299996,-70.86136812099994],[-61.07622253999995,-70.89929143199998],[-61.277985065999985,-71.06515393499996],[-61.22363266599996,-71.10520219199998],[-61.06217349599996,-71.12307468999995],[-60.94252146499997,-71.17187830899996],[-60.953168835999975,-71.22577339699995],[-61.22462796399998,-71.25850552299994],[-60.92319913699998,-71.28552763099998],[-60.91679728599996,-71.32531000999995],[-60.96913626099996,-71.39040869099995],[-61.23233928299999,-71.38626263499998],[-61.144706723999946,-71.43786191299995],[-61.17886577599995,-71.45756908999994],[-61.34553200299996,-71.47935229799998],[-61.469318501999965,-71.47572889999998],[-61.54827916099998,-71.53486511699998],[-61.665495516999954,-71.54823065099998],[-61.67687339599996,-71.58509180099998],[-61.825371882999946,-71.66352115699993],[-61.65829539699996,-71.66197481499995],[-61.32558855299993,-71.55334771799994],[-61.12438163699994,-71.51751294999997],[-61.00013826099996,-71.51810450399995],[-60.86531284199998,-71.65790547699999],[-60.72713378199995,-71.75787725299995],[-60.86349510699995,-71.80856835799995],[-61.03730692199997,-71.75666320999994],[-61.015653431999965,-71.82499477499994],[-61.05202526499994,-71.87601088699995],[-61.229471590999935,-71.88080499399996],[-61.62352654499995,-71.84988431699998],[-61.77945328799996,-71.89706362999993],[-61.80154395599993,-71.95378123099994],[-61.78287634199995,-72.02789930599994],[-61.35994229999994,-72.05926333299993],[-61.26816132899995,-72.08824293399994],[-61.18621019799997,-72.14274502899997],[-61.15116916799997,-72.12869616599994],[-61.19890936999997,-72.07154559099996],[-61.13679343999996,-72.02918951899994],[-60.898801306999985,-72.03025148499995],[-60.73579244899997,-71.99101383299995],[-60.63399107499998,-71.99132005799999],[-60.60410114999996,-72.12225643999994],[-60.98145805499996,-72.15224952299997],[-61.05127533599995,-72.17755084499998],[-60.752050090999944,-72.19295412699995],[-60.67619740599997,-72.23018501099995],[-60.626331025999946,-72.28155532499994],[-60.653715423999984,-72.32702192399995],[-60.90242331199994,-72.29202589599998],[-60.87733599499995,-72.33233040799996],[-60.787906964999934,-72.36254360299995],[-60.66489613099998,-72.36933503199998],[-60.633020500999976,-72.38650588899998],[-60.66773257999995,-72.45047081799999],[-61.03364771499997,-72.46835324899996],[-61.27264640399994,-72.43299501299998],[-61.45115113799994,-72.38282667899995],[-61.50577866699996,-72.41664950399996],[-61.37911116599997,-72.46442551099994],[-61.381285272999946,-72.49431735599995],[-61.26702399199996,-72.54409960499999],[-61.18554883099995,-72.70691815699996],[-61.14801963699995,-72.74129989699998],[-61.01880151599994,-72.67778179899994],[-60.829066904999934,-72.71271914799996],[-60.753463228999976,-72.64032220599995],[-60.56284638799997,-72.64940371899996],[-60.51745786899994,-72.67514819699994],[-60.46656715499995,-72.75004693099999],[-60.50967865399997,-72.87392994499999],[-60.61056603299994,-72.90148392799995],[-60.72986350299993,-72.87976759599997],[-60.671414149999976,-72.92269984999996],[-60.65318384799997,-72.97406798999998],[-60.79845070899995,-73.07842066599994],[-60.71092525399996,-73.08083569199994],[-60.63396541399999,-72.99978100999994],[-60.50599571299995,-72.98297972499995],[-60.30582368199998,-73.04106017299995],[-60.24429437899994,-72.96628581699997],[-60.13667546499994,-72.90650619899998],[-60.043131346999985,-72.87661222699995],[-59.93635888699998,-72.91081309199996],[-59.91593358499995,-72.99666430799994],[-59.994408807999946,-73.03241534499995],[-59.94838998199998,-73.05665972099996],[-59.99438395699997,-73.10265369699994],[-59.99907453499998,-73.17770294199994],[-59.97249370299994,-73.22706734299999],[-60.04892406699997,-73.28711977199998],[-60.40345975499997,-73.32983491499994],[-60.49102579799995,-73.24013311399995],[-60.63412152799998,-73.24013311399995],[-60.67897242799995,-73.33624218599994],[-60.73663787099997,-73.40031490099994],[-60.83061118599994,-73.38109308699995],[-60.81625570699998,-73.31091074399995],[-60.88131978599995,-73.29760218299998],[-60.96943540099994,-73.31915612899996],[-61.01855781599994,-73.37255005799994],[-61.18523327299994,-73.32290204899994],[-61.22999777399997,-73.38322884399997],[-61.15961106999998,-73.50288624099994],[-60.782964326999945,-73.56412706599997],[-60.77935301399998,-73.63524818799993],[-60.72432210499994,-73.71386377199997],[-60.81002376199996,-73.77385493199995],[-60.947599027999956,-73.92806264999996],[-61.10991545799993,-73.97654939499995],[-61.04845841599996,-74.08162143399994],[-61.09803966499999,-74.12678001999996],[-61.56643209899994,-74.30396649099998],[-61.72335767699997,-74.33150502099994],[-61.94552736899993,-74.47692518299993],[-62.030906706999986,-74.48100802199997],[-62.050128521999966,-74.56430255099997],[-61.85623683699998,-74.67405256099994],[-61.80665220599997,-74.74584190899998],[-61.79810917699996,-74.80350735199994],[-61.85088399899996,-74.84308846899995],[-62.410249858999975,-74.93782311099994],[-62.79737502599994,-74.96452139799999],[-62.93086646299997,-74.77763338699998],[-63.09105618799998,-74.64414194999995],[-63.35803906199993,-74.57739623099997],[-63.61167279199998,-74.72423681199996],[-63.63837107899997,-74.83102996099996],[-63.89200480899996,-74.88442653599998],[-64.13228939599998,-75.00456882899994],[-63.47818135499995,-75.05796540399996],[-63.47818135499995,-75.11136197899998],[-63.70511679799995,-75.15140940999999],[-64.01214710299996,-75.15140940999999],[-64.31917740699998,-75.20480598499995],[-64.21238425799999,-75.28490084699996],[-63.63837107899997,-75.28490084699996],[-63.331340773999955,-75.19145684099993],[-63.37138820499996,-75.31159913399995],[-63.61167279199998,-75.40504313999998],[-63.95875052799994,-75.44509057099998],[-64.54611284999999,-75.56523286499998],[-65.54729862699998,-75.80551745099996],[-65.80093235699997,-75.80551745099996],[-66.62857926599997,-76.00575460599998],[-67.22929073299997,-76.07250032499996],[-67.69651076199995,-76.07250032499996],[-68.37731708999996,-76.12589689999999],[-68.77779140099994,-76.11254775599997],[-68.95133026899998,-76.23269004899998],[-69.35180457999996,-76.21934090599996],[-69.80567546499998,-76.29943576799997],[-70.41973607499995,-76.59311692899996],[-70.87360696099995,-76.64651350399998],[-71.39422356499995,-76.67321179099997],[-71.66120643899995,-76.63316435999997],[-72.70243964699995,-76.67321179099997],[-74.02194690899995,-76.66850366499995],[-74.02985395599995,-73.73801261299997],[-73.90699084799996,-73.67826990499998],[-73.78304725999999,-73.67826990499998],[-73.72087031699994,-73.65579885199998],[-73.67277794699999,-73.57542887199997],[-73.39770665599997,-73.55903389499997],[-73.24286520099997,-73.52624393999997],[-73.17546362599995,-73.47523734299995],[-73.04612546999994,-73.44062572299998],[-72.83299076099996,-73.44791237999993],[-72.60346107499998,-73.47705900699998],[-72.45954960499995,-73.47159401399995],[-72.36846639599997,-73.44791237999993],[-72.24459323199994,-73.38233246999994],[-71.46674262799996,-73.35318584299995],[-71.30461451699995,-73.30400090999996],[-71.08783647899998,-73.26574596199998],[-70.83280349499995,-73.25117264899995],[-70.40835574099998,-73.27121095499996],[-70.32273752499998,-73.29489258899997],[-70.22254599499996,-73.28214093999998],[-70.17176710699994,-73.24684619699997],[-70.07749598499998,-73.23181746699998],[-69.28370581999997,-73.14711008299997],[-69.07740235199998,-73.10065764599995],[-68.79595523699999,-73.08153017199999],[-68.35055834599996,-72.98999154799998],[-68.23169475799995,-72.99135779599999],[-68.12649365199997,-72.95993408899994],[-67.99806632699995,-72.95720159199993],[-67.92975392099999,-72.90255166699995],[-67.80269284399998,-72.86019797499995],[-67.68109676099994,-72.87386045599999],[-67.53217571399995,-72.82604177199994],[-67.50758324799995,-72.75909561299994],[-67.38871965999994,-72.64159827399999],[-67.27805356199997,-72.62383704799998],[-67.23979861399994,-72.58558209999995],[-67.18651493699997,-72.46671851299999],[-67.03349514599995,-72.36698239899994],[-66.98021146899998,-72.31506496999998],[-66.86681287399995,-72.25904879699993],[-66.72199057199998,-72.12242398299998],[-66.78893672999993,-71.96803794399995],[-66.87774285899997,-71.91612051499999],[-66.88184160299994,-71.89152804899999],[-67.03349514599995,-71.86283683799996],[-67.18788118499998,-71.72347952899997],[-67.53900695499993,-71.60324969299995],[-67.61824934699996,-71.43793366899996],[-67.61278435399998,-71.38601623999995],[-67.51987948099998,-71.25622266699997],[-67.53764070699998,-71.10866786899999],[-67.52124572899999,-71.06768042499993],[-67.46249705899999,-71.04718670299997],[-67.46113081099998,-70.98297304099998],[-67.51168199199998,-70.97614179999994],[-67.63601057199998,-70.85181321999994],[-67.70568922699994,-70.72475214399998],[-67.75624040799994,-70.67693345899994],[-67.74804291899994,-70.56080236799994],[-67.83821529599999,-70.51708242699993],[-68.05818124499996,-70.36816138099994],[-68.14835362199995,-70.26705901899999],[-68.23989224699994,-70.19738036399997],[-68.29454217199998,-70.12496921299999],[-68.48308441499995,-70.05255806199995],[-68.47488692599995,-69.94735695599996],[-68.50221188799998,-69.89953827099998],[-68.39427828599997,-69.85445208299996],[-68.41477200799994,-69.75608221799996],[-68.39427828599997,-69.73012350299996],[-68.45029445899996,-69.65088111099993],[-68.55959430999997,-69.58666744899995],[-68.59101801699995,-69.54158126099998],[-68.83721347599999,-69.42572141199997],[-68.81868210799996,-69.39576236599999],[-68.71120017099997,-69.38526125699997],[-68.43971562499996,-69.38155498399993],[-68.39353075699995,-69.40197886099998],[-68.30014511599995,-69.40037452599995],[-68.28550556399995,-69.34957059899995],[-68.35057849499998,-69.30923335899996],[-68.26274117899999,-69.27995425299997],[-68.16327243699993,-69.32019631199995],[-68.14843234199998,-69.27086302399994],[-68.23225986699998,-69.21396972799994],[-68.32231567699995,-69.20765266099994],[-68.37135813299994,-69.17425942999995],[-68.30733515799994,-69.14101962399997],[-67.97654031799993,-69.14072786099996],[-67.87999589999998,-69.15591841599996],[-67.63529425099995,-69.08448078399994],[-67.56488008799994,-69.09248239299995],[-67.37901596799998,-69.05642201499995],[-67.26564941599997,-69.00904998699997],[-67.26249878199997,-68.94446199599997],[-67.37052050899996,-68.91903188099997],[-67.48663013199996,-68.82833519099995],[-67.40303858299995,-68.79292202199997],[-67.26046482999993,-68.78961028099997],[-67.15297550399998,-68.80700400899997],[-67.09821702199997,-68.78048590299994],[-67.03233095099995,-68.79235858799996],[-66.96937640799996,-68.76883308299995],[-67.01195683799995,-68.67561052299999],[-67.00059717099998,-68.63119788799997],[-67.14660449299998,-68.56495454199995],[-67.18833163799997,-68.50126574299998],[-67.10652447299998,-68.47436271499998],[-66.99322030599996,-68.48124270299996],[-66.94729818499997,-68.46062381299998],[-66.96582833199994,-68.38372370499997],[-66.94868794599995,-68.34295738399999],[-67.15738371999998,-68.33971460799995],[-67.17415902099998,-68.27711338599994],[-66.77660403599998,-68.31895993199998],[-66.70363483799997,-68.26640473599997],[-66.62400575399994,-68.24685941499996],[-66.67279666499996,-68.20690009299994],[-66.75257052999996,-68.18663087099998],[-66.88119607899995,-68.22892633799995],[-66.94200374399998,-68.22588595499997],[-66.92622270699997,-68.19664036299997],[-66.99774410299995,-68.18187278799996],[-67.13551850599998,-68.08874965599995],[-67.22889567299995,-68.05926879799995],[-67.10121314999998,-68.07415853199996],[-67.08176887399998,-68.04264019399994],[-67.17674465499994,-68.01175376099997],[-67.19067773399996,-67.98528915499998],[-67.29383359399998,-67.95998882299995],[-67.17851620099998,-67.93718594899997],[-66.84063551699995,-67.91606011199997],[-66.81599093699998,-67.88237582099998],[-66.89498235099995,-67.83073299499995],[-66.84891008899996,-67.80859771799999],[-66.76757581599998,-67.80344997899994],[-66.76500194599998,-67.77745389799998],[-66.89858576799998,-67.76870274199996],[-67.06048215399994,-67.78543289299995],[-67.04491175199996,-67.74498543999994],[-66.81678716799996,-67.72627815199996],[-66.87748360399996,-67.69854638599998],[-66.95894600899999,-67.70607208699994],[-66.97650597599994,-67.68838008999995],[-66.81939047799995,-67.60229663999996],[-66.72393291099996,-67.58302028499998],[-66.61817701699994,-67.60401302799994],[-66.54706244999994,-67.58729475099994],[-66.49476428599996,-67.49584559599998],[-66.52836883299994,-67.48849460199995],[-66.60467915899994,-67.54240189599994],[-66.70899327299998,-67.53750123299994],[-66.79720520799998,-67.49969611699998],[-66.94642383599995,-67.49399690899997],[-66.99525544299996,-67.47174702299998],[-67.06141439499999,-67.48828676099998],[-67.12796714999996,-67.47765407199995],[-67.36481578899998,-67.53579808499995],[-67.50835762399998,-67.55411349199994],[-67.63949411699997,-67.54761573799993],[-67.54714724699994,-67.50272216299999],[-67.56880642799996,-67.48125988399994],[-67.65369987899999,-67.48745959399997],[-67.65301456899994,-67.45842736999998],[-67.57580663599998,-67.40512917999996],[-67.58704055499999,-67.38827830199995],[-67.50503361999995,-67.32533154199996],[-67.58495968899996,-67.28850011399999],[-67.54345422199998,-67.21521118199996],[-67.50746412099994,-67.22212875999998],[-67.46324771099995,-67.18062329299994],[-67.62581078999995,-67.18604517799997],[-67.48735248199995,-67.08570048499996],[-67.51098811599996,-67.05497415999997],[-67.43692979499997,-67.05142881499995],[-67.42905125099998,-67.09318510199995],[-67.36759860199999,-67.08373084799996],[-67.31756984299994,-67.11091182799998],[-67.27423784699994,-67.08373084799996],[-67.21775545199995,-66.96041623599996],[-67.16623715599997,-67.01409497699996],[-67.12435776599995,-67.01991155899998],[-67.06187105799995,-66.98783726399995],[-67.12685058699998,-66.95991767199996],[-67.11621455199997,-66.93249664299998],[-66.95800352599997,-66.92933906999997],[-66.90931042599993,-66.95459965399994],[-66.93664584999993,-66.99167889799998],[-66.90941198499996,-67.07884368899994],[-66.94416375399999,-67.08936893199996],[-66.95125444399997,-67.14675920599996],[-66.89519367399998,-67.15961108199997],[-66.92776653299995,-67.19949621499995],[-66.88743823199997,-67.22497838299995],[-66.85101433999995,-67.21108278199995],[-66.81524288899993,-67.25357068899996],[-66.75130203599997,-67.24858504799994],[-66.69549790599996,-67.21135243199996],[-66.61122498299994,-67.23308671399997],[-66.54628714599994,-67.31151434699996],[-66.54562239299997,-67.34076344399995],[-66.44989807499996,-67.33212166499999],[-66.46651687999997,-67.27046589799994],[-66.44128399399995,-67.17526784199998],[-66.52393485199997,-67.11388905399997],[-66.41070539299994,-67.09217381499997],[-66.54609325999996,-67.04298215199998],[-66.60924471999994,-67.04120947899997],[-66.60281878199999,-66.99002355899995],[-66.49158357799996,-66.91490655899997],[-66.41048380799998,-66.90560002799998],[-66.43153429499995,-66.84953925799994],[-66.59018848999995,-66.80278501899994],[-66.53733895799996,-66.77723187499998],[-66.52986049499998,-66.73180021599995],[-66.56683214399999,-66.66980687899996],[-66.49254608399997,-66.61995046299995],[-66.26076049099998,-66.58079759699996],[-66.06856400799995,-66.60024159899996],[-66.07679031599997,-66.62090085099999],[-65.95489137999994,-66.65268431599998],[-65.97218532399995,-66.68119595399997],[-65.87169348599997,-66.67745672299998],[-65.80850177699995,-66.73113156899996],[-65.75339485799998,-66.74452269099999],[-65.69667539499994,-66.72636404899998],[-65.72577128699999,-66.70378844099997],[-65.62907568599996,-66.66484862499993],[-65.66777672799998,-66.63213035199993],[-65.77677531799998,-66.61249938799995],[-65.69469919299996,-66.61334071499994],[-65.68086403799998,-66.58052896099997],[-65.73283935099994,-66.58099636499998],[-65.70759954099998,-66.53089066699994],[-65.65420528099997,-66.52498348999995],[-65.70493418399997,-66.49020863999993],[-65.63314094499998,-66.44907709699999],[-65.67826100199994,-66.43424481299996],[-65.54801111499995,-66.40557737399996],[-65.64373543399995,-66.37865490899998],[-65.65956484599997,-66.33116667299998],[-65.86671825399998,-66.32468533899998],[-65.84415822499994,-66.29240330999994],[-65.78358267999994,-66.27046648699996],[-65.74070616299997,-66.27906671899996],[-65.63067893699997,-66.20537789799994],[-65.69456990399993,-66.14279527799994],[-65.61912186799998,-66.13320072999994],[-65.61694128799996,-66.09852952299997],[-65.53037229799997,-66.12535064499997],[-65.47106054699998,-66.12556870299994],[-65.50420534899996,-66.16699970599996],[-65.45121727699996,-66.17637619599998],[-65.37162613999993,-66.14214110499995],[-65.14113892899996,-66.18662491799995],[-65.09251201499995,-66.15326205799994],[-65.13241661299998,-66.11684638699995],[-65.22836209299999,-66.09155166899995],[-65.26412358999994,-66.05818880899994],[-65.33521046899995,-66.04815814499995],[-65.33497196799993,-65.98541879599998],[-65.29731609299995,-65.96677484499997],[-65.16656311799994,-65.95549034799996],[-65.08070281599998,-65.99265559299994],[-65.01655290499997,-65.94126206899995],[-64.93020197299995,-65.92556189999993],[-64.81006796399998,-65.94990337099995],[-64.81551941199996,-65.97279945199995],[-64.70561822599996,-66.01575685999995],[-64.70038483599996,-66.04345021499995],[-64.56340200499994,-66.03609151999996],[-64.56167218399997,-66.00581965199996],[-64.48556005799998,-66.00236000899997],[-64.47366753799997,-65.95306010999997],[-64.55929367999994,-65.88170499099994],[-64.61226944999999,-65.89100277999995],[-64.69984163999999,-65.83435113999997],[-64.64837946399996,-65.78742974399995],[-64.67843510499995,-65.77423985899998],[-64.63302730199996,-65.73402151899995],[-64.54372529099999,-65.77402363099998],[-64.39842032299998,-65.80948496299999],[-64.34782305699997,-65.80083585699998],[-64.38458175399995,-65.74115703099994],[-64.33160598499995,-65.71823690199994],[-64.44447680799993,-65.66958568499996],[-64.44490926299994,-65.63693531299998],[-64.27819775999995,-65.63369189899998],[-64.21657288499995,-65.65336861299994],[-64.19949090199998,-65.69337072499997],[-64.03169826099997,-65.69207335899995],[-64.16013747299996,-65.61552877799994],[-64.08099815999998,-65.62634015899994],[-64.20025445599998,-65.54268033799997],[-64.11499319799998,-65.51154355899996],[-64.07193687099993,-65.52820659999998],[-64.00200074699995,-65.51884124099996],[-63.97244513299995,-65.56092454399999],[-63.90117109999994,-65.60787296799998],[-63.84157335899994,-65.61249483399996],[-63.735175427999934,-65.58720760399996],[-63.83669936899997,-65.54206079499994],[-63.685410553999986,-65.52619129099998],[-63.69043784699994,-65.50251436599996],[-63.761306452999975,-65.49829792699995],[-63.74362984399994,-65.47105324599994],[-63.815633644999934,-65.48824334199998],[-63.81441229699993,-65.46317276199994],[-63.89733221499995,-65.47329829599994],[-64.08579486599996,-65.41993399299997],[-64.05012744299995,-65.39293256699995],[-63.98070823799998,-65.37997918099995],[-64.03563850199998,-65.32061962799997],[-64.09872291399995,-65.30359170299994],[-64.11785905899995,-65.26775197299997],[-64.06028845199995,-65.28672594699998],[-64.02752996599997,-65.27196841099993],[-64.08380320699996,-65.24845365699997],[-64.06320752499994,-65.21018136599997],[-64.09128333199993,-65.17424027899995],[-64.02499604899998,-65.13872489099998],[-63.93365338899997,-65.13921140299993],[-63.99689997099995,-65.11622370299995],[-63.929396406999956,-65.07450528499999],[-63.82224210199996,-65.02804337299995],[-63.781861591999984,-65.03655733499994],[-63.80120045099994,-65.07328900399995],[-63.68747823099994,-65.03157058599999],[-63.649043769999935,-65.08776274099995],[-63.50794003699997,-65.08113570199998],[-63.41361748999998,-65.11306306299997],[-63.351131082999984,-65.10987032699995],[-63.344015842999966,-65.08642652199995],[-63.23126664799997,-65.08487576499994],[-63.258268072999954,-65.11525236799997],[-63.20708432899994,-65.12372195599994],[-63.273228321999966,-65.16131898899994],[-63.25954516799993,-65.19899327499996],[-63.21674729999995,-65.19615021999994],[-63.172839576999934,-65.14360690599995],[-63.07286132599995,-65.16379716099993],[-63.067144807999966,-65.12682223599995],[-63.027372437999986,-65.13436317399999],[-62.97896447699998,-65.10833477299997],[-63.03965686999999,-65.05311564199997],[-62.994532866999975,-65.02161397899994],[-63.116039280999985,-65.03620934399999],[-63.20130053899999,-64.97855765199995],[-63.263342242999954,-64.96004358299996],[-63.09709880199995,-64.94297218499997],[-63.06399242799995,-64.90376669399996],[-62.99477659799999,-64.92861128699997],[-62.97317431699997,-64.91470577999996],[-62.89738674399996,-64.93322935099997],[-62.84688058099994,-64.92066400999994],[-62.824104541999986,-64.85864724899994],[-62.85339076899999,-64.82408873199995],[-62.81681327299998,-64.80462088099995],[-62.66474781299996,-64.85442756399993],[-62.61098441799999,-64.90736996999993],[-62.56619155499993,-64.88897882699996],[-62.49728595399995,-64.89467029199994],[-62.39666345399996,-64.87758345299994],[-62.59349563599994,-64.82124306299994],[-62.70181490899995,-64.77203501799994],[-62.551270116999945,-64.75827758799994],[-62.52900078199997,-64.71738205899999],[-62.57964555899997,-64.67238158399994],[-62.55378439599997,-64.62476420499996],[-62.53172030899998,-64.64652042099993],[-62.50801424399998,-64.60136600999994],[-62.43256589799995,-64.58835275999996],[-62.399179000999936,-64.66976753099993],[-62.35737696299998,-64.64041716399998],[-62.301686522999944,-64.65567388099998],[-62.35710329999995,-64.72525272299998],[-62.29614484499996,-64.70924343199994],[-62.334389262999935,-64.75387332199995],[-62.20329323799996,-64.77233417799994],[-62.218983254999955,-64.73703163899995],[-62.15065870199999,-64.72845686199997],[-62.13141106499995,-64.68521809299995],[-62.04210567499996,-64.72353092599997],[-62.04411253699993,-64.69151234399993],[-61.98117002499998,-64.69862758499994],[-61.927075953999974,-64.63194501099997],[-61.973781121999934,-64.60439625899994],[-61.91850117699994,-64.57164790899998],[-61.81779315699998,-64.59244630399996],[-61.80857983299995,-64.49365392599998],[-61.69874971099995,-64.58286809499998],[-61.72857898799998,-64.62364389699997],[-61.598497796999936,-64.66825098099997],[-61.493977076999954,-64.61146138399994],[-61.610577826999986,-64.56945916699993],[-61.620470240999964,-64.53783587599997],[-61.57830585299996,-64.51951058399999],[-61.47970605299997,-64.53686285099997],[-61.45213702999996,-64.47410278199993],[-61.561115755999936,-64.48415736599998],[-61.55535409399994,-64.40699897999997],[-61.46249418299993,-64.41693534899997],[-61.48158978599997,-64.39528555799996],[-61.44570951399999,-64.36001342599997],[-61.36312407299994,-64.37996042399993],[-61.43301514999996,-64.41152064899995],[-61.36320065399997,-64.40470947899996],[-61.29326452899994,-64.43061625199994],[-61.26577659199995,-64.39120876599998],[-61.11763363599994,-64.39656039999994],[-61.13563458599998,-64.36773455399998],[-61.09954473299996,-64.30221377899994],[-60.94285413899996,-64.29962284999993],[-60.93713762099998,-64.24890395599994],[-60.99831652599994,-64.21594275699994],[-60.91366340899998,-64.21071275099996],[-60.952341125999965,-64.19575250199995],[-60.96403599599995,-64.14383946799995],[-60.850903338999956,-64.16923758899998],[-60.83655122999994,-64.14856082099993],[-60.92290713999995,-64.10647751899995],[-61.024169823999955,-64.08186041499994],[-60.99150535599995,-64.04469047299995],[-60.894689433999986,-64.04554186999997],[-60.83849727899997,-64.07375957499994],[-60.72465343099998,-64.07254329499995],[-60.72100458999995,-64.00844531699994],[-60.631243094999945,-64.01306718199999],[-60.408785404999946,-63.957361538999976],[-60.32091065299994,-63.91462720299995],[-60.10467843999999,-63.92443553399994],[-59.961025280999934,-63.95484113599997],[-59.93913223399994,-63.93538064899997],[-59.99248640199994,-63.915595820999954],[-59.92032042999995,-63.90132479699997],[-59.949186818999976,-63.85170055599997],[-59.84491104399996,-63.86678243299997],[-59.861671687999944,-63.815251183999976],[-59.83572437199996,-63.774167933999934],[-59.78145123699994,-63.77503284499994],[-59.765450391999934,-63.81265645199994],[-59.79528980499998,-63.85179365399995],[-59.612577456999986,-63.869524318999936],[-59.612901798999985,-63.89968807399998],[-59.54255574299998,-63.92044592599996],[-59.52064467599996,-63.90631905499998],[-59.42348639399995,-63.90833717899994],[-59.38831336599998,-63.86365013499994],[-59.42907627899996,-63.841210511999975],[-59.33989439399994,-63.77816814499994],[-59.38346025699997,-63.724864029999935],[-59.21377007299998,-63.67709492399996],[-59.084649687999956,-63.73716497999993],[-59.008281291999936,-63.721276252999985],[-58.93172069399998,-63.660091841999986],[-58.94338802999994,-63.54804711799994],[-58.512091718999955,-63.483185866999975],[-58.43802194199998,-63.45826404099995],[-58.14678816299994,-63.46504892099995],[-58.11584059699999,-63.419827914999985],[-58.04594483699998,-63.417826642999955],[-57.94530269999996,-63.38063675999996],[-57.877647475999936,-63.30956460699997],[-57.78407869799997,-63.31030070799994],[-57.708716864999985,-63.281403326999964],[-57.48353875599997,-63.25637726799994],[-57.43908232699994,-63.23266574999997],[-57.311120405999986,-63.21457393999998],[-57.07506049099993,-63.249462032999986],[-57.01044990799994,-63.296623042999954],[-57.03638846299998,-63.34614210199999],[-56.996596361999934,-63.36294321199995],[-57.056726648999984,-63.408925195999984],[-56.99624265399996,-63.39477689299997],[-56.93363641399998,-63.404680704999976],[-56.93222158399993,-63.43545326399993],[-57.005792758999974,-63.47082402099994]]],[[[-62.193041655999934,-69.48754737299998],[-62.247565290999944,-69.46418010099995],[-62.31377256099995,-69.38823646699996],[-62.487079827999935,-69.31229283399995],[-62.54549800799998,-69.23245465399998],[-62.56691800799996,-69.17403647399993],[-62.52602528199998,-69.14093283899996],[-62.40334710399998,-69.13898556599997],[-62.107361658999935,-69.21492919999997],[-62.02947075199995,-69.29866192499998],[-61.842532576999986,-69.35902737699996],[-61.83474348599998,-69.40186737599998],[-61.75879985199998,-69.47781100999998],[-61.791903487999946,-69.52454555399999],[-61.88537257499996,-69.54207100799994],[-61.93405439199995,-69.65306554999995],[-61.984683480999934,-69.71537827499998],[-62.107361658999935,-69.73095645599994],[-62.134623475999945,-69.65111827699997],[-62.189147110999954,-69.61412009599997],[-62.16967438399996,-69.59075282399994],[-62.193041655999934,-69.48754737299998]]],[[[-64.60760676899997,-67.64414757999998],[-64.73007414099993,-67.67637583599998],[-64.80087760999999,-67.64097410099998],[-64.89822330599998,-67.66776926299997],[-64.93186402599997,-67.63035358099995],[-64.85965053699994,-67.56542589399999],[-64.60511653899994,-67.60360599299997],[-64.60760676899997,-67.64414757999998]]],[[[-66.96681160599996,-67.51246612499995],[-66.81528570899997,-67.52102000699995],[-67.01080299499995,-67.54118272699998],[-66.96681160599996,-67.51246612499995]]],[[[-66.91479557399998,-66.31136010699998],[-66.90798964599998,-66.28875058599994],[-66.77603342799995,-66.22984374799995],[-66.75383256999999,-66.19389950199997],[-66.78871963299997,-66.16376976499998],[-66.79098083199995,-66.11798783699999],[-66.64967794799998,-66.09155090199994],[-66.62070037699993,-66.06759495299997],[-66.55744279699996,-66.09100992099997],[-66.63649618799997,-66.12519081799996],[-66.57914397099995,-66.17937148499993],[-66.61965781899994,-66.21738051799997],[-66.84207807599995,-66.32797472899995],[-66.91479557399998,-66.31136010699998]]],[[[-65.98361877599996,-65.89260964899995],[-65.89808398599996,-65.87496816299995],[-65.95099155899999,-65.92532889999995],[-66.01269044799994,-65.92991584399994],[-65.98361877599996,-65.89260964899995]]],[[[-65.28658319799996,-65.89562582299993],[-65.34504694899994,-65.83894551099996],[-65.30193774699995,-65.83205271099996],[-65.19389731899997,-65.86219866799996],[-65.22461802099997,-65.90745313699995],[-65.28658319799996,-65.89562582299993]]],[[[-65.82562467199995,-65.80137993899996],[-65.86532790499996,-65.83530337899998],[-65.94839235099994,-65.85930009899994],[-66.14437985599994,-65.88452101099995],[-66.18326209599996,-65.87266951799995],[-66.18573439999994,-65.80291171599998],[-66.14343265399998,-65.76418625199994],[-66.09540325099994,-65.77585177899994],[-66.03841050899996,-65.73714225199996],[-66.09025349499996,-65.70158777199998],[-66.07233030099997,-65.66352287699993],[-66.00548320699994,-65.65651706799997],[-65.95340669399997,-65.60216366699996],[-65.97191370599995,-65.55715134399998],[-65.76772680999994,-65.52161632499997],[-65.68225594099994,-65.54975632399999],[-65.64557502899999,-65.65458818799993],[-65.67007517899998,-65.67858092099993],[-65.79744443699997,-65.69194545499994],[-65.88618660599997,-65.67640582099995],[-65.91224756699995,-65.71119809499999],[-65.86419090499999,-65.72109069699997],[-65.82562467199995,-65.80137993899996]]],[[[-62.931442380999954,-64.89385796699997],[-63.10045205499995,-64.88911837099994],[-63.09577747299994,-64.84858160399995],[-62.98239303499997,-64.85292509499993],[-62.931442380999954,-64.89385796699997]]],[[[-63.556527555999935,-64.87077129599999],[-63.56090748699995,-64.83597087299995],[-63.47155669699998,-64.83637832999995],[-63.556527555999935,-64.87077129599999]]],[[[-63.47411134899994,-64.79839105399998],[-63.368909332999976,-64.78827547599997],[-63.37126963399999,-64.80344884299996],[-63.16727213499996,-64.71527471799993],[-63.14872690799996,-64.74815034799997],[-63.23959852099995,-64.79434482299996],[-63.27736334699995,-64.79737949599996],[-63.29270530799994,-64.85183502699994],[-63.398918881999975,-64.89145437599996],[-63.59819577799993,-64.91691191499996],[-63.446630693999964,-64.84205663499995],[-63.47411134899994,-64.79839105399998]]],[[[-63.026112516999945,-64.81135702199998],[-62.96200040499997,-64.79596901799994],[-62.85183358699999,-64.81042911699996],[-62.89577653099997,-64.83107836199997],[-63.026112516999945,-64.81135702199998]]],[[[-62.76580061599998,-64.71031118999997],[-62.70481811399998,-64.68059607999999],[-62.661039279999954,-64.68102489599994],[-62.636074202999964,-64.72627751799996],[-62.710583732999964,-64.74911823699995],[-62.76580061599998,-64.71031118999997]]],[[[-62.054946488999974,-64.53648824299995],[-62.020343682999965,-64.57323496499998],[-62.108407959999965,-64.62375342399997],[-62.15081851799994,-64.57934707499999],[-62.054946488999974,-64.53648824299995]]],[[[-63.31970774299998,-64.44858516599999],[-63.239978977999954,-64.42378831499997],[-63.19176287899995,-64.39078324699994],[-63.14704818599995,-64.40702747999995],[-63.24537458999998,-64.47585022199996],[-63.174370642999975,-64.48371403899995],[-63.09711008299996,-64.45443997799998],[-63.13080395299994,-64.49502186199999],[-63.30122490499997,-64.56166339999999],[-63.26689963399997,-64.58232744199995],[-63.19595308799995,-64.56992901699994],[-63.12529354199995,-64.58146644099998],[-63.13120575399995,-64.55890819399997],[-62.94901060199999,-64.51883254699999],[-62.80744516799996,-64.56940763199998],[-62.983880376999934,-64.62165449599996],[-63.05827093099998,-64.62032791499996],[-63.192867830999944,-64.65685990199995],[-63.18419403499996,-64.68206493199995],[-63.319505247999984,-64.74125083199993],[-63.333383320999985,-64.76339452199994],[-63.415937447999966,-64.76451701299999],[-63.41420268799993,-64.72747480299995],[-63.453285790999985,-64.71063743499997],[-63.57880071699998,-64.74665919799997],[-63.556044758999974,-64.76604768299995],[-63.632578250999984,-64.80227353599997],[-63.68147758699996,-64.85390708599994],[-63.76299131999997,-64.82207019899994],[-63.774522365999985,-64.79013022199996],[-64.02728697699996,-64.78064006899996],[-64.11642629199997,-64.71153992099994],[-64.29037510799998,-64.71918241099996],[-64.30873558399998,-64.68575603599999],[-64.24839530199995,-64.68422534799998],[-64.18585523799999,-64.62365980999994],[-64.20226441899996,-64.59480764899996],[-64.03685635199997,-64.54448295799995],[-63.894606102999944,-64.54162570699998],[-63.85572708899997,-64.51162457899994],[-63.94173937399995,-64.45976042299998],[-63.79720766799994,-64.43053415599996],[-63.79605966599996,-64.44987799599994],[-63.70749128299997,-64.44563038699994],[-63.655257174999974,-64.41561012499994],[-63.679996625999934,-64.40126009499994],[-63.64021834399995,-64.35459379899999],[-63.674312949999944,-64.32116637699994],[-63.557676973999946,-64.32055552799994],[-63.56554078999994,-64.27067482499996],[-63.35603035699995,-64.26367201099998],[-63.32027008299997,-64.24484477199996],[-63.261492361999956,-64.28686165899995],[-63.170536492999986,-64.27474126499993],[-63.15390839599996,-64.31258229299993],[-63.22958955699994,-64.36621599599994],[-63.30024910299994,-64.36300158899996],[-63.307309317999966,-64.42017210699998],[-63.36482423599995,-64.44077874999994],[-63.31970774299998,-64.44858516599999]]],[[[-62.905298131999984,-64.40422738399997],[-62.796500401999936,-64.39450762599995],[-62.850846298999954,-64.41969424699994],[-62.905298131999984,-64.40422738399997]]],[[[-62.09084969199995,-64.18688603599998],[-62.04633454599997,-64.21484828099995],[-62.11076928499995,-64.26375883099996],[-62.19680696399996,-64.28966365399998],[-62.21008669199995,-64.35905491199998],[-62.16912527599993,-64.36532069899994],[-62.33886265199993,-64.40226078899997],[-62.32548940399994,-64.44266109099993],[-62.447251422999955,-64.49549944699999],[-62.54091091799995,-64.45374311799998],[-62.60060388599999,-64.53067133199994],[-62.67449532399996,-64.49158722699997],[-62.64626897299996,-64.44510471299998],[-62.68417456299994,-64.40503519299995],[-62.59314919299999,-64.36675466099996],[-62.582300963999955,-64.33134205099998],[-62.53229935599995,-64.31201474599993],[-62.51832603799994,-64.26270716999994],[-62.46683590499998,-64.21625106999994],[-62.56214556499998,-64.17723543099999],[-62.615344419999985,-64.11961454699997],[-62.49804404699995,-64.09943387899995],[-62.56881471299994,-64.04689945999996],[-62.44817492499993,-64.01330268199996],[-62.30237087499995,-64.01587911199994],[-62.26819719499997,-64.03083753499993],[-62.28321871899993,-64.09635943499995],[-61.99555361199998,-64.14078106299996],[-62.21177003799994,-64.18024617199995],[-62.149205682999934,-64.19539628499996],[-62.09084969199995,-64.18688603599998]]],[[[-62.067520135999985,-63.34480267199996],[-62.24154185899994,-63.362744634999956],[-62.24333047999994,-63.27110439699999],[-62.16386065299997,-63.25156991399996],[-62.132783066999934,-63.270216465999965],[-62.064856342999974,-63.25467767199996],[-62.015576169999974,-63.267552671999965],[-62.002701169999966,-63.299962154999946],[-61.95207943299994,-63.31061588899996],[-62.00653703199998,-63.35496060299994],[-62.067520135999985,-63.34480267199996]]],[[[-62.935284947999946,-63.24947645199995],[-62.88901407999998,-63.28203743199998],[-62.94728109799996,-63.295747318999986],[-62.97470087199997,-63.268327545999966],[-62.935284947999946,-63.24947645199995]]],[[[-62.54207600999996,-62.93385247799995],[-62.38220556199997,-62.87950926199994],[-62.29832378899994,-62.87242066199997],[-62.38397771199993,-62.953151944999945],[-62.483923696999966,-63.01127190599993],[-62.584214266999936,-63.047239988999934],[-62.613356290999945,-63.07270644299996],[-62.69974093999997,-63.094291873999964],[-62.62881185599997,-63.00521741399996],[-62.54536977699996,-62.973743646999935],[-62.54207600999996,-62.93385247799995]]],[[[-63.79901479199998,-54.72564798999997],[-63.847894733999965,-54.78750666299993],[-63.91483666499994,-54.78807822899995],[-63.95481889499996,-54.81049406699998],[-63.96275431299995,-54.76579653199997],[-64.03646318699998,-54.80021634599996],[-64.06124006999994,-54.77787096499998],[-64.11321218199998,-54.82599349299994],[-64.17720434899996,-54.82307872399997],[-64.21965993999999,-54.85593087899997],[-64.24220432799996,-54.82337648599997],[-64.23951877399998,-54.78293181299995],[-64.35898755499994,-54.83453421599995],[-64.39951177399996,-54.82383655299998],[-64.40422545999996,-54.84846559099998],[-64.45229675799993,-54.87513287699994],[-64.48889424299995,-54.87493456599998],[-64.47420029599994,-54.833034785999985],[-64.58710137399999,-54.901074645999984],[-64.65716858299999,-54.91238686599996],[-64.70789501299998,-54.905128128999934],[-64.64957589899996,-54.88574186499994],[-64.68911310199996,-54.858351046999985],[-64.67989726299999,-54.837650924999934],[-64.74203571699996,-54.857499968999946],[-64.76256095399998,-54.83498062299998],[-64.71417144199995,-54.79389142699995],[-64.65057580399997,-54.77653048199994],[-64.59089218899999,-54.81846024699996],[-64.53185999899995,-54.801491650999935],[-64.54847044099995,-54.72400931399994],[-64.49409144599997,-54.76371471099998],[-64.39756215599994,-54.74843127199995],[-64.39924262099998,-54.78274451599998],[-64.34737594899997,-54.777015897999945],[-64.37958389499994,-54.75113695099998],[-64.34523080199995,-54.71492861499996],[-64.32861481299994,-54.734973339999954],[-64.22845277799996,-54.732444929999986],[-64.13793538199997,-54.76725326799993],[-64.05135411499998,-54.73015927899996],[-64.01154190999995,-54.74219920499996],[-63.89147924399998,-54.714878864999946],[-63.85866177899999,-54.73073144899996],[-63.79901479199998,-54.72564798999997]]],[[[-60.12430854199994,-72.23331654299994],[-60.25440991499994,-72.25142305599996],[-60.25440991499994,-72.16693829199994],[-60.15690367099995,-72.17469714299995],[-60.12430854199994,-72.23331654299994]]],[[[-60.53358785399996,-71.03313727399996],[-60.61615203499997,-71.06806827299994],[-60.762227123999935,-71.04583945499996],[-60.91147775799993,-71.00773290999996],[-60.93688212099994,-70.96009972899998],[-60.790807032999965,-70.91246654799994],[-60.57486994499993,-70.91881763899994],[-60.536763399999984,-70.96327527399995],[-60.53358785399996,-71.03313727399996]]],[[[-60.46690140099997,-70.60126309799995],[-60.52088567299995,-70.64254518799999],[-60.82256248699997,-70.71875827799994],[-60.93053103099999,-70.66477400599996],[-60.974988665999945,-70.62031636999995],[-60.94323321199994,-70.54727882599997],[-60.87972230399998,-70.50917228099996],[-60.61615203499997,-70.50599673499994],[-60.47007694599995,-70.53140109899994],[-60.46690140099997,-70.60126309799995]]],[[[-61.14998865999996,-69.98334462999998],[-61.26682501999994,-69.99113371999994],[-61.40962501499996,-69.94959190399999],[-61.388854106999986,-69.87429736099995],[-61.32913774499997,-69.84833372499997],[-61.20970502199998,-69.85352645199998],[-61.12142866099998,-69.94180281299998],[-61.14998865999996,-69.98334462999998]]],[[[-59.63387022399996,-65.12295139099996],[-59.44847076999997,-65.23095107299997],[-59.47547068999995,-65.24895101999994],[-59.56907041499994,-65.23275106799997],[-59.610470292999935,-65.20755114199994],[-59.76706983199995,-65.18595120499998],[-59.83546962999998,-65.14095133799998],[-59.80846970999994,-65.10495144399994],[-59.63387022399996,-65.12295139099996]]],[[[-61.549250825999934,-64.35209616599997],[-61.48603580399998,-64.38318308299995],[-61.55222565099996,-64.39820594799994],[-61.60934228299993,-64.38838902599997],[-61.549250825999934,-64.35209616599997]]],[[[-62.098733815999935,-64.28468264299994],[-62.00599513699996,-64.23748363299995],[-62.02830404399998,-64.27067043599993],[-62.098733815999935,-64.28468264299994]]],[[[-61.719357043999935,-64.17334366099993],[-61.75883102499995,-64.15360666999999],[-61.71417470599994,-64.09428543699994],[-61.68153700099998,-64.11457373999997],[-61.66235132299994,-64.16871263499996],[-61.719357043999935,-64.17334366099993]]],[[[-61.79015168199999,-63.97396764399997],[-61.98083520199998,-64.08686698699995],[-62.05637364199998,-64.08502956599995],[-62.06270253799994,-64.05848903299994],[-61.94571722099994,-63.990811246999954],[-61.84507016899994,-63.98682959399997],[-61.82209432199994,-63.95812851199997],[-61.79015168199999,-63.97396764399997]]],[[[-60.68846551399997,-63.88761165999995],[-60.799955738999984,-63.894205167999985],[-60.83222396799994,-63.91798175799994],[-60.89745973599997,-63.901797692999935],[-60.86259406499994,-63.869929070999945],[-60.91294448899998,-63.850248448999935],[-60.84907959399993,-63.830658477999975],[-60.801245209999934,-63.839420220999955],[-60.76690864799997,-63.81242457899998],[-60.80006119099994,-63.75535484499994],[-60.70249799299995,-63.751802786999974],[-60.67957426799995,-63.72806874799994],[-60.782672755999954,-63.72906776399998],[-60.803752000999964,-63.66732855299995],[-60.715938462999986,-63.70089550299997],[-60.61733554899996,-63.69010612599993],[-60.564787287999934,-63.710985567999955],[-60.681372496999984,-63.78591179499995],[-60.70704721799996,-63.81818002299997],[-60.64600731799993,-63.85883998899993],[-60.68846551399997,-63.88761165999995]]],[[[-61.663984390999985,-63.813591223999936],[-61.75001099199994,-63.727792507999936],[-61.627522785999986,-63.730755012999964],[-61.61020352299994,-63.77644596299996],[-61.663984390999985,-63.813591223999936]]],[[[-59.81322979299995,-63.55576495899999],[-59.78676622299997,-63.59769425199994],[-59.83625653599995,-63.605255271999965],[-59.86821902999998,-63.55920178599996],[-59.81322979299995,-63.55576495899999]]],[[[-60.721800858999984,-62.99357900199993],[-60.74279096099997,-62.94263673199998],[-60.72864033099995,-62.91457131499993],[-60.63618954499998,-62.89051524299998],[-60.56614392499995,-62.90443002999996],[-60.49963596199996,-62.96857955499996],[-60.54939901199998,-62.98013590299996],[-60.597039467999934,-62.91810897299996],[-60.690858687999935,-62.921866318999946],[-60.69691933399997,-62.97636240099996],[-60.56195769699997,-62.99947509799995],[-60.655292895999935,-63.01386157199994],[-60.721800858999984,-62.99357900199993]]],[[[-61.33367832299996,-62.70877957599998],[-61.24357734399996,-62.72972513199994],[-61.277175855999985,-62.77100614899996],[-61.39530022399998,-62.834625305999964],[-61.45560270999994,-62.83484150099997],[-61.50835588299998,-62.80959770299995],[-61.499308102999976,-62.75512636999997],[-61.40155146799998,-62.747807302999945],[-61.33367832299996,-62.70877957599998]]],[[[-60.04702678999996,-62.70333071599998],[-60.15812848499996,-62.71467803199994],[-60.14782052099997,-62.728720764999935],[-60.31678148699996,-62.76293125299998],[-60.33112300199997,-62.689430991999984],[-60.43240994699994,-62.72125122699998],[-60.42210198299995,-62.685397440999964],[-60.36891886799998,-62.64043081699998],[-60.35846151299995,-62.60801301899994],[-60.595992844999955,-62.65014121799999],[-60.68174314999993,-62.61697646599998],[-60.763459902999955,-62.628180773999986],[-60.76211538599995,-62.656714411999985],[-60.87146943299996,-62.68390353299998],[-60.95124410699998,-62.66179369799994],[-60.96768677699998,-62.611862730999974],[-60.82360628899994,-62.583388439999965],[-60.84491998799996,-62.53809905899993],[-60.81217637799995,-62.487633495999944],[-60.70504595899996,-62.49666801799998],[-60.68486160499998,-62.560053969999956],[-60.59137617799996,-62.579175988999964],[-60.43556713299995,-62.56571975299994],[-60.43415068799993,-62.54518128799998],[-60.36553175499995,-62.564067232999946],[-60.27912855699998,-62.54919455199996],[-60.25186197399995,-62.519095076999974],[-60.16829166799994,-62.49749427799998],[-60.12620897099998,-62.46800233699997],[-60.03540248599995,-62.50685167399996],[-60.04116565199996,-62.53609242699997],[-60.09322003799997,-62.55627678099995],[-60.094213733999936,-62.58120693999996],[-59.97353036199996,-62.636305971999946],[-59.96573990999997,-62.62001684499995],[-59.804973304999976,-62.611164057999986],[-60.04702678999996,-62.70333071599998]]],[[[-59.72055458899996,-62.556854861999966],[-59.782543070999964,-62.53322457699994],[-59.74448214599994,-62.52679778199996],[-59.93733368399995,-62.50346938399997],[-59.97578233999997,-62.44912869199999],[-59.725132333999966,-62.45420473899998],[-59.779987690999974,-62.48865421299996],[-59.70317467399997,-62.51123258499996],[-59.65623338499995,-62.468403508999984],[-59.556454050999946,-62.49819764899996],[-59.58368775799994,-62.54141466999994],[-59.72055458899996,-62.556854861999966]]],[[[-59.74337736399997,-52.382189722999954],[-59.650789207999935,-52.35033773599997],[-59.64177197499998,-52.36655454999993],[-59.700699887999974,-52.397910999999965],[-59.74337736399997,-52.382189722999954]]],[[[-59.74758643399997,-52.37815381099995],[-59.81214528299995,-52.35609820899998],[-59.75733604599998,-52.34080831499995],[-59.756905366999945,-52.311423607999984],[-59.68175192699994,-52.306097568999974],[-59.74885676499997,-52.348854753999944],[-59.74758643399997,-52.37815381099995]]],[[[-59.77227827199994,-52.13772728899994],[-59.76868640999999,-52.163570462999985],[-59.67902731899994,-52.18159369999995],[-59.67723700799996,-52.244680838999955],[-59.75045746899997,-52.28590461199997],[-59.752130490999946,-52.22656770899994],[-59.73131697699995,-52.210194790999935],[-59.75611374199997,-52.17917136799997],[-59.80509134099998,-52.16806490899995],[-59.77227827199994,-52.13772728899994]]],[[[-59.73816680899995,-52.06493759199998],[-59.71171569799998,-52.04317474399994],[-59.72329330399998,-52.08966827399996],[-59.73816680899995,-52.06493759199998]]],[[[-60.37605361799996,-52.15283094399996],[-60.37224644099996,-52.106390456999975],[-60.39412616599998,-52.12351522499995],[-60.45465597899994,-52.103523188999986],[-60.48133642499994,-52.114730143999964],[-60.40215856999998,-52.12348860499998],[-60.366155626999955,-52.17600368999996],[-60.40196361799997,-52.17290877399995],[-60.41177835199994,-52.143457969999986],[-60.46256834099995,-52.159127843999954],[-60.46064537299998,-52.17817963099998],[-60.549901111999986,-52.12040307199993],[-60.55261675199995,-52.13474006599995],[-60.493195843999956,-52.16683273799998],[-60.48914493399997,-52.18484937499994],[-60.55080644599997,-52.22841188199993],[-60.63807601199994,-52.260324062999985],[-60.67874929299995,-52.22974066399996],[-60.68537514399998,-52.20071069599993],[-60.62976552199996,-52.206575473999976],[-60.740144946999976,-52.14702864599997],[-60.68347925399996,-52.131363601999965],[-60.71328859099998,-52.107764258999964],[-60.84517818399996,-52.10610373299994],[-60.71471987399997,-52.185919411999976],[-60.79514793699997,-52.18867240999998],[-60.81370286499998,-52.150191432999975],[-60.877716128999964,-52.116957938999974],[-60.92722382499994,-52.116359983999985],[-60.99483486799994,-52.05684013599995],[-61.04463699699994,-52.07192593299993],[-61.03950397899996,-52.01397614299998],[-60.98321553899996,-52.01433479899998],[-61.000323338999976,-52.03674348199996],[-60.85558269399996,-52.040622058999986],[-60.74140337799997,-52.016612359999954],[-60.74321658599996,-52.00000487199998],[-60.807417689999966,-52.00053920899995],[-60.837512893999985,-51.95442836999996],[-60.633429656999965,-51.96895336899996],[-60.56570941199993,-51.98853408599996],[-60.45347432999995,-51.96788677999996],[-60.394086150999954,-51.92547071299998],[-60.49686121199994,-51.952887353999984],[-60.539230560999954,-51.95316544699995],[-60.59631854799994,-51.92909461299996],[-60.50062169499995,-51.93455131999997],[-60.44756902299997,-51.87619145299993],[-60.44198576499997,-51.85077851799997],[-60.47365822499995,-51.82369447999997],[-60.455337476999944,-51.786960454999985],[-60.37897696599998,-51.765313849999984],[-60.351714870999956,-51.81494971199999],[-60.39943188999996,-51.857184952999944],[-60.34585391099995,-51.86649587499994],[-60.323345992999975,-51.81881627299998],[-60.29531085699995,-51.83115060899996],[-60.323690832999944,-51.803324705999955],[-60.29482893699998,-51.78685135999996],[-60.31920397099998,-51.76028067699997],[-60.26770536199996,-51.74958389899996],[-60.25504542699997,-51.78656347899994],[-60.210925920999955,-51.77470521999993],[-60.18086494099998,-51.715039711999964],[-60.22895289699994,-51.69027542899994],[-60.284270910999965,-51.720537021999974],[-60.311436481999976,-51.69747899899994],[-60.375034685999935,-51.71532559399998],[-60.370454767999945,-51.742436848999944],[-60.45432452499995,-51.774554267999974],[-60.514412472999936,-51.76410176899998],[-60.56603457799997,-51.79815884699997],[-60.64633577099994,-51.70881093699995],[-60.64333282999996,-51.666788191999956],[-60.542106531999934,-51.70552645499998],[-60.43136652399994,-51.69628762399998],[-60.36392652799998,-51.67135836299997],[-60.292553614999974,-51.681020227999966],[-60.21310903299997,-51.659073862999946],[-60.16435379699993,-51.69139730399996],[-60.11796645199996,-51.70018953299996],[-60.09250190399996,-51.67273833999997],[-60.14454878799995,-51.675722416999974],[-60.21797645199996,-51.62981725299994],[-60.21618732199994,-51.61488577399996],[-60.477467442999966,-51.532213129999946],[-60.50963772999995,-51.50402240799997],[-60.47799051699997,-51.49021008099999],[-60.38256879499994,-51.505023397999935],[-60.37845231599994,-51.48586689899997],[-60.45019324499998,-51.43757563699995],[-60.51477008399996,-51.45147960899993],[-60.57695510499997,-51.438500799999986],[-60.660431836999976,-51.36142919499997],[-60.60890410099995,-51.36313390399994],[-60.649552667999956,-51.339136132999954],[-60.52845125999994,-51.37065805599997],[-60.22480305299996,-51.49605431699996],[-60.09542781599998,-51.50190096299997],[-60.07721998599993,-51.48317064999998],[-59.97539867399996,-51.473762729999976],[-60.01067990599995,-51.45289385899997],[-60.08672336799998,-51.44892027599997],[-60.02907009499995,-51.41589005299994],[-60.050872493999975,-51.38739100999993],[-59.99031367899994,-51.37781480299998],[-60.013254977999964,-51.40234648499995],[-59.97764403999997,-51.42006206499997],[-59.94304028199997,-51.38892956999996],[-59.876096734999976,-51.382435913999984],[-59.882445408999956,-51.40097977399995],[-59.81725149399995,-51.40226154599998],[-59.73156401799997,-51.428050137999946],[-59.80385195399998,-51.436088893999965],[-59.77341872399995,-51.480195599999945],[-59.72355489599994,-51.453927989999954],[-59.56839906799996,-51.43353179799993],[-59.50027731899996,-51.39325407999996],[-59.477291176999984,-51.414465855999936],[-59.59486358699996,-51.44793454399996],[-59.46035680399996,-51.46278303699995],[-59.37815746999996,-51.43247646699996],[-59.42941483799996,-51.40563213299998],[-59.468034444999944,-51.40597290799997],[-59.429666976999954,-51.38047802199998],[-59.44989830399999,-51.35463824699997],[-59.40973258599996,-51.36046380399995],[-59.387043166999945,-51.33439352999994],[-59.30493538899998,-51.37511012699997],[-59.234599911999965,-51.388772751999966],[-59.21585235499998,-51.41464618899994],[-59.286491388999934,-51.43519256899998],[-59.28719884199995,-51.461366544999976],[-59.194478205999985,-51.43388660499994],[-59.32926310299996,-51.524077956999975],[-59.32723578699995,-51.49404390899997],[-59.35619528199999,-51.49163541699994],[-59.36770724899998,-51.524219449999975],[-59.33179868499997,-51.52722942799994],[-59.371621199999936,-51.568240178999986],[-59.382395034999945,-51.60328289299997],[-59.43788259199994,-51.63742189399994],[-59.46802903399998,-51.615845614999955],[-59.523764763999964,-51.62785771099993],[-59.49828780599995,-51.60602416299997],[-59.58479580299996,-51.66121795399994],[-59.59695477799994,-51.68045320699997],[-59.54230445099995,-51.66209300699995],[-59.62442811599993,-51.75419016899997],[-59.76391632999997,-51.81647009399995],[-59.74292082299996,-51.81822164799996],[-59.831204973999945,-51.899273618999985],[-59.85852082699995,-51.96529142299994],[-59.91517013199996,-51.966744880999954],[-59.98422073199998,-52.003018707999956],[-59.99584435899993,-51.96789524999997],[-60.07187911099999,-51.960575336999966],[-60.09417421799998,-52.00650569399994],[-60.22676652599995,-52.01262400599995],[-60.18410614099997,-51.97866328499998],[-60.322324538999965,-51.99443270299997],[-60.27920078799997,-52.016909099999964],[-60.26107111799996,-52.08907758899994],[-60.32500020499998,-52.14959948099994],[-60.37605361799996,-52.15283094399996]]],[[[-60.87894070899995,-51.96414082399997],[-60.84780692999993,-52.01300046299997],[-60.946561577999944,-51.99524926999993],[-60.87894070899995,-51.96414082399997]]],[[[-59.66081188399994,-51.972355508999954],[-59.69423600499994,-51.99202352699996],[-59.719030722999946,-51.97392142399997],[-59.687904179999975,-51.93249449899997],[-59.69567963099996,-51.955306431999986],[-59.66081188399994,-51.972355508999954]]],[[[-60.85699362399998,-51.764855771999976],[-60.851472240999954,-51.79349142499996],[-60.90403235599996,-51.90988412299998],[-60.864898005999976,-51.901328183999965],[-60.890819319999935,-51.95070526099994],[-60.93247641299996,-51.95510550499995],[-60.98159596399995,-51.98698154699997],[-61.12781631399997,-51.89866740999997],[-61.129394142999956,-51.85921648799996],[-61.15719531399998,-51.850687999999934],[-61.127955982999936,-51.81519212099994],[-61.05052852599994,-51.834588536999945],[-61.025300553999955,-51.778333172999965],[-60.97815137899994,-51.77760552799998],[-60.93443935999994,-51.80284381499996],[-61.010410596999975,-51.86929498999996],[-60.949097783999946,-51.86466617599996],[-60.884463893999964,-51.81189740999997],[-60.911633817999984,-51.77808007599998],[-60.85699362399998,-51.764855771999976]]],[[[-61.19946275899997,-51.850103686999944],[-61.236748484999964,-51.87794655399995],[-61.321212368999966,-51.83688201699994],[-61.26568520899997,-51.83042767099994],[-61.21813380399993,-51.79627939399995],[-61.19946275899997,-51.850103686999944]]],[[[-61.29346867399994,-51.762577317999956],[-61.304121850999934,-51.725041648999934],[-61.27041489299995,-51.74356117099995],[-61.29346867399994,-51.762577317999956]]],[[[-60.67872619599996,-51.67521285999993],[-60.69259262099996,-51.60348129299996],[-60.661537169999974,-51.66688919099994],[-60.67872619599996,-51.67521285999993]]],[[[-59.677817894999976,-51.406300570999974],[-59.71809686299997,-51.42280815799995],[-59.721682131999955,-51.388498066999944],[-59.677817894999976,-51.406300570999974]]],[[[-60.65948869199997,-51.352542030999984],[-60.69954526499998,-51.38070917299996],[-60.727389423999966,-51.326008876999936],[-60.65948869199997,-51.352542030999984]]],[[[-59.73760706599995,-51.37505655799998],[-59.785917610999945,-51.355196845999956],[-59.773742235999975,-51.32044180799994],[-59.65785855799999,-51.370875990999934],[-59.711959528999955,-51.35774683999995],[-59.73760706599995,-51.37505655799998]]],[[[-59.69273757899998,-51.35371398899997],[-59.69200897199994,-51.332008361999954],[-59.64080047599998,-51.33776092499994],[-59.69273757899998,-51.35371398899997]]],[[[-60.11066147799994,-51.40195374899997],[-60.259218042999976,-51.41279587199995],[-60.280614216999936,-51.36853893099993],[-60.23131720599997,-51.33697263099998],[-60.18963600899997,-51.35754160699997],[-60.17967842899998,-51.38938681099995],[-60.13585329599994,-51.39099194399995],[-60.122405783999966,-51.36136209699998],[-60.27981685299994,-51.30422506299993],[-60.31444060899997,-51.27405861699998],[-60.282316514999934,-51.26179463999995],[-60.24458177499997,-51.299649467999984],[-60.18018485299996,-51.31484025499998],[-60.08089953999996,-51.30497868499998],[-60.04161868399996,-51.33284777899996],[-60.11066147799994,-51.40195374899997]]],[[[-59.94580295399999,-51.35769606799994],[-60.04026690899997,-51.30376099999995],[-59.952745153999956,-51.28471020899997],[-59.92138113999994,-51.304337172999965],[-59.91717755099995,-51.34404035199998],[-59.94580295399999,-51.35769606799994]]],[[[-60.58259064899994,-51.24508710899994],[-60.52015889499995,-51.28556268099993],[-60.518281730999945,-51.318517794999934],[-60.53529115599997,-51.29491404099997],[-60.600304663999964,-51.27059635799998],[-60.58259064899994,-51.24508710899994]]],[[[-61.08867294899994,-51.03504560999994],[-61.04573212799994,-51.083142445999954],[-61.12911783599998,-51.05899316499995],[-61.08867294899994,-51.03504560999994]]],[[[-64.00156988999998,-81.72299318699999],[-64.60403191499995,-81.68755424499994],[-65.13561605599995,-81.75843212999996],[-65.77351702399994,-82.00650472899997],[-65.27737182599998,-82.29001626999997],[-63.93069200499997,-82.21913838499995],[-62.052428041999974,-82.07738261399999],[-60.599431391999985,-82.07738261399999],[-60.812065047999965,-82.25457732799998],[-61.485404958999936,-82.32545521299994],[-62.300500640999985,-82.50264992599995],[-62.54857323999994,-82.89247829599998],[-61.87523332899997,-82.99879512399997],[-61.272771302999956,-82.75072252499996],[-61.23733236099997,-83.10511195199996],[-61.52084390199997,-83.31774560799994],[-61.379088130999946,-83.42406243599999],[-59.96153042399993,-83.67213503499994],[-58.01238857599998,-83.14055089499999],[-56.48851404099997,-82.46721098399996],[-55.28358998999994,-82.39633309799996],[-54.25586065199997,-82.25457732799998],[-51.77513466399995,-82.00650472899997],[-48.97545819199996,-81.86474895799995],[-47.770534140999985,-82.07738261399999],[-47.20351105799995,-81.93562684299997],[-46.35297643299998,-81.86474895799995],[-46.246659604999934,-82.11282155699996],[-46.494732203999945,-82.50264992599995],[-46.069464891999985,-82.50264992599995],[-45.53788075199998,-82.43177204099999],[-45.11261343899997,-82.43177204099999],[-44.08488410199993,-82.29001626999997],[-44.014006215999984,-82.46721098399996],[-43.51786101899995,-82.29001626999997],[-43.26579917299995,-81.76725336599998],[-39.70402320299996,-80.89776827599997],[-36.39463353899998,-81.08509221899999],[-35.40234314399993,-80.62438596399994],[-33.59495706699994,-80.51806913599995],[-33.00008411399995,-80.39886802099994],[-33.00051297299996,-89.49999999999994],[-73.74808873599994,-89.99998642299994],[-74.02985395599995,-85.01286535199995],[-74.01080876599997,-81.01337561799994],[-73.85359595599994,-81.04965327599996],[-72.96762238899998,-81.04965327599996],[-71.33743102499994,-80.80158067799994],[-70.41601851599995,-80.83701961999998],[-69.10477763599994,-81.04965327599996],[-68.57319349599999,-80.90789750599998],[-68.04160935599998,-81.15597010399995],[-66.26966222199997,-81.36860376099997],[-64.46227614499998,-81.36860376099997],[-63.82437517599993,-81.58123741699995],[-64.00156988999998,-81.72299318699999]]],[[[-44.25914313299995,-78.70009110899997],[-45.09012732799994,-78.72011482499994],[-45.58070835899997,-78.70009110899997],[-45.700850651999986,-78.76016225599994],[-45.610743931999934,-78.88030454899996],[-45.32040005699997,-78.90032826499998],[-44.75973602099998,-78.82023340299997],[-44.46939214599996,-78.88030454899996],[-44.34924985299995,-78.97041126899995],[-44.22910755999993,-79.10056541999995],[-44.159024554999974,-79.22070771299997],[-44.50943957699997,-79.35086186399997],[-44.819807167999954,-79.34085000699997],[-44.749724163999986,-79.42094486899998],[-43.918739968999944,-79.42094486899998],[-43.72851467099997,-79.62118202399995],[-43.58834866199993,-79.82141917999996],[-43.50825379999998,-79.99162076199997],[-43.61838423599994,-80.06170376599994],[-43.898716252999975,-80.08172748199996],[-44.24913127499997,-80.08172748199996],[-44.659617443999934,-80.11176305499998],[-44.69966487499994,-80.21188163299996],[-44.49942771899998,-80.27195277899995],[-44.57952258199998,-80.35204764099996],[-44.93994946099997,-80.40210692999995],[-45.87105223399993,-80.57230851199995],[-46.32158583399996,-80.70246266299995],[-47.18260560199997,-80.76253380999998],[-48.524194542999965,-80.75252195199994],[-49.71560561699994,-80.76253380999998],[-51.61785859399998,-80.98279468099997],[-52.52893765099998,-81.03285396999996],[-53.50008785399996,-81.12296068999996],[-54.24096532899995,-81.12296068999996],[-54.75157007599995,-81.05287768499994],[-55.292210394999984,-80.96277096499995],[-55.47242383499997,-80.80258124099998],[-55.34226968399997,-80.63237965899998],[-54.891736083999945,-80.48220179199996],[-54.62141592499995,-80.45216621899993],[-54.47123805799998,-80.31200020999995],[-53.98065702699995,-80.22189348999996],[-52.52893765099998,-80.10175119699994],[-51.858143179999956,-79.89150218399999],[-51.457668868999974,-79.80139546399994],[-51.147301278999976,-79.80139546399994],[-50.86696926099995,-79.69126502899996],[-50.77686254099996,-79.51105158899998],[-50.83693368799993,-79.29079071799998],[-50.876981118999936,-79.02047055799994],[-50.74682696799994,-78.78018597199997],[-50.38640008799996,-78.57994881599996],[-49.635510754999984,-78.27959308299995],[-48.394040391999965,-78.07935592799998],[-47.523008765999975,-77.90915434599998],[-47.05831706099997,-77.67362567299995],[-46.75875101799994,-77.68348747599998],[-46.606238695999934,-77.66823624299997],[-46.44610075799994,-77.62502441899994],[-46.23258350699996,-77.62502441899994],[-46.08007118499995,-77.65298501099994],[-45.92501699199994,-77.64790126699995],[-45.54260476899998,-77.71461765699996],[-44.979996891999974,-78.02929663899994],[-44.59954629699996,-78.26958122499997],[-44.19907198599998,-78.56993695799997],[-44.25914313299995,-78.70009110899997]]],[[[-28.000068089999957,-76.18671348099997],[-28.00002565799997,-79.99999555399995],[-30.32276841999993,-80.00001496199997],[-30.155333780999968,-79.93635620399994],[-30.04566389799993,-79.66414289399995],[-30.313961701999972,-79.55605049799993],[-30.486201532999928,-79.55605049799993],[-30.000811485999975,-79.38381531999994],[-30.097199133999936,-79.23950564799998],[-30.439069134999954,-79.26808466599994],[-30.171312118999936,-79.09793992299996],[-30.69602386899993,-79.03620912799994],[-30.93530779699995,-79.15211528199995],[-33.14055895799993,-79.26103755199995],[-35.67214978199996,-78.90850434499998],[-36.240542808999976,-78.74902910299994],[-36.42965718199997,-78.74902910299994],[-36.42965718199997,-78.52975064499998],[-36.03096907699995,-78.13106253999996],[-35.213658460999966,-77.81211205499994],[-34.92315343299998,-77.62970192099993],[-34.92788131899994,-77.48542966599996],[-34.861718063999945,-77.32302894799994],[-34.761626984999964,-77.25826413299995],[-34.593827234999935,-77.24943256699999],[-34.39299271899995,-77.15214829199994],[-33.78288596999994,-76.93522144799994],[-33.51597642699994,-76.88811976299996],[-33.06374576299993,-76.92108498199997],[-31.422568240999965,-76.74158118999998],[-31.228927983999938,-76.74158118999998],[-30.97771900099997,-76.67877894499998],[-30.92516700899995,-76.58445599999999],[-29.784476334999965,-76.43280348299999],[-29.38135630299996,-76.40492816199998],[-29.14245767799997,-76.32813931799996],[-28.336393355999974,-76.20086600399998],[-28.000068089999957,-76.18671348099997]]],[[[-57.45428351399994,-64.44381740399996],[-57.26449032599999,-64.43794419699998],[-56.98916902499997,-64.36309139999997],[-56.93564657799993,-64.33102216499998],[-56.89251898599997,-64.33854184699999],[-56.945599098999935,-64.36552423799998],[-56.933434906999935,-64.40953649799997],[-56.95533045299993,-64.44072106499993],[-57.05951998699999,-64.50766461299997],[-57.25479075699997,-64.57320017999996],[-57.36486790099997,-64.56836080499994],[-57.45561051699997,-64.53538059899995],[-57.45428351399994,-64.44381740399996]]],[[[-56.583643360999986,-64.23739699699996],[-56.70747673699998,-64.30559508799996],[-56.88604805499995,-64.31546586499996],[-56.79990309699997,-64.24547308699994],[-56.721834229999956,-64.25175448999994],[-56.61953709299996,-64.20957935399997],[-56.583643360999986,-64.23739699699996]]],[[[-57.87257606999998,-64.07124143999994],[-57.73191391199998,-64.08340142599997],[-57.69261738499995,-64.06193275099997],[-57.74459166199995,-64.03052701799999],[-57.73176396799994,-64.01239131199998],[-57.57849514199995,-63.97435056499995],[-57.55549375999993,-63.94338716599998],[-57.47631592499994,-63.92104928499998],[-57.51634717699994,-63.94957984499996],[-57.476537091999944,-63.96572504599993],[-57.510154496999974,-64.01681465499996],[-57.34124214299993,-64.06229502899998],[-57.29009319599999,-64.04866272299995],[-57.15938341799995,-64.07542394599994],[-57.165576097999974,-64.11877270499997],[-57.20649201799995,-64.16035212699995],[-57.07025306199995,-64.15902512399998],[-57.067820222999956,-64.18069950399996],[-57.180394295999974,-64.22227892499996],[-57.23458024399997,-64.21365340699998],[-57.32923977899998,-64.25810800099998],[-57.316633251999974,-64.27956121399995],[-57.381214055999976,-64.27911887899995],[-57.38917607299999,-64.31207278299996],[-57.29982454999998,-64.34170917899996],[-57.32039309299995,-64.38373093499996],[-57.508357513999954,-64.38063459499995],[-57.534676402999935,-64.35343103699995],[-57.60611338799998,-64.38107692999995],[-57.70873493999994,-64.38417326899997],[-57.73593849799994,-64.35453687299997],[-57.804279142999974,-64.35055586499993],[-57.81201999299998,-64.38859661199996],[-57.85846509199996,-64.42265635099994],[-57.94029693199997,-64.44189789199999],[-58.01770542999998,-64.42641619299997],[-58.00220299599994,-64.38677889499996],[-58.03255818599996,-64.35393557499998],[-58.14104066599998,-64.39673141599997],[-58.21419169699993,-64.38565923599998],[-58.215684574999955,-64.36164877899995],[-58.29779287499997,-64.33266206099995],[-58.29617558999996,-64.30802957099996],[-58.15547182199998,-64.26983677099997],[-58.133327461999954,-64.22343314099999],[-58.18209481599996,-64.21136570899995],[-58.207224931999974,-64.17105799899997],[-58.444343748999984,-64.13983196299995],[-58.43824782899998,-64.05797247699996],[-58.351536488999955,-63.993654308999965],[-58.290874489999965,-64.01172781099996],[-58.192509153999936,-63.99105806399996],[-58.182281425999975,-63.96860021899994],[-58.29839417299996,-63.96218637199996],[-58.298836506999976,-63.91839527899998],[-58.218110501999945,-63.91242376599996],[-58.18471426399998,-63.88123919999998],[-58.146673516999954,-63.908000423999965],[-58.09868024799994,-63.898490236999976],[-58.10907510399994,-63.85713198199994],[-58.01883891199998,-63.836563437999985],[-57.96951863999993,-63.864209330999984],[-57.94010341099994,-63.83435176699999],[-57.95624861199997,-63.80383070199997],[-57.79634477199994,-63.79100300799996],[-57.80873013199994,-63.83191892899998],[-57.76803537799998,-63.89782673499997],[-57.822221326999966,-63.91308726799997],[-57.80165278299995,-63.93542514899997],[-57.87795544499994,-63.97457173199996],[-57.813374641999985,-63.995803776999935],[-57.82465416499997,-64.05596123799995],[-57.87257606999998,-64.07124143999994]]],[[[-57.23290799499995,-63.903884769999934],[-57.26984955199998,-63.867664023999964],[-57.342110840999965,-63.888026930999956],[-57.34120982799993,-63.909110648999956],[-57.43563605099996,-63.86838483499997],[-57.622155873999986,-63.90723854299995],[-57.63368884699997,-63.84797187099997],[-57.69872200599997,-63.809528624999984],[-57.638494252999976,-63.79222916499998],[-57.615428305999956,-63.80856754399997],[-57.33735549199997,-63.78550159599996],[-57.341029624999976,-63.81594584399994],[-57.20677860099994,-63.80315145099996],[-57.05252507599994,-63.83937219699993],[-57.23290799499995,-63.903884769999934]]],[[[-57.50590534599996,-63.701204297999936],[-57.52104237399993,-63.724270245999946],[-57.59144156899998,-63.72523132699996],[-57.57486291899994,-63.705529163999984],[-57.50590534599996,-63.701204297999936]]],[[[-57.528250482999965,-63.69183375699998],[-57.57294075699997,-63.64450050999994],[-57.41003750099998,-63.62888294199996],[-57.447759935999954,-63.68895051399994],[-57.528250482999965,-63.69183375699998]]],[[[-56.68819529599995,-63.611453566999955],[-56.68674536399993,-63.57556775499995],[-56.548639357999946,-63.55490622599996],[-56.49537701899993,-63.57082149399997],[-56.555526533999966,-63.617253294999955],[-56.68819529599995,-63.611453566999955]]],[[[-56.72734345499998,-63.54729408399999],[-56.69725736999993,-63.53134483399998],[-56.64795968799996,-63.55055643099996],[-56.72734345499998,-63.54729408399999]]],[[[-56.00617781899996,-63.588974975999975],[-56.052190148999955,-63.54416141599995],[-56.11259319699997,-63.54757016499997],[-56.18826744499995,-63.52166366599994],[-56.219840018999946,-63.486334253999985],[-56.202901881999935,-63.447171580999964],[-56.067188648999945,-63.407947768999975],[-55.87520785399994,-63.40044851999994],[-55.75576525699995,-63.43044551899993],[-55.718405357999984,-63.46562381799998],[-55.725359207999986,-63.50271101699997],[-55.77812665699997,-63.525754165999956],[-55.89989461099998,-63.52696903599997],[-55.93545930299996,-63.578710903999934],[-56.00617781899996,-63.588974975999975]]],[[[-58.66567220099995,-63.29880786399997],[-58.627815529999964,-63.31899808899993],[-58.68636718099998,-63.333636000999945],[-58.74542358799994,-63.30688395399994],[-58.66567220099995,-63.29880786399997]]],[[[-55.35626738999997,-63.18612262299996],[-55.213405620999936,-63.214120657999956],[-55.14341053299995,-63.197608995999985],[-55.05833957999994,-63.226324929999976],[-55.04936585099995,-63.31749801899997],[-55.16965888899995,-63.36246549899994],[-55.34256461399997,-63.36244063899994],[-55.40673884199998,-63.33261044699998],[-55.52578365199997,-63.32847104299998],[-55.55464662999998,-63.34406025699997],[-55.77311348499995,-63.287497506999955],[-55.772528774999955,-63.32216435799995],[-55.83355013399995,-63.32467700199999],[-55.88344406799996,-63.293807372999936],[-55.955654606999985,-63.33687195599998],[-56.023075294999956,-63.337958120999986],[-56.04497119399997,-63.38498046199999],[-56.25544340999994,-63.40361239099997],[-56.29408191699997,-63.43092595599995],[-56.42832890599993,-63.438463887999944],[-56.457403787999965,-63.39862053099995],[-56.556832707999945,-63.37134039399996],[-56.537090503999934,-63.32970228999994],[-56.453840766999974,-63.32616669999999],[-56.486598320999974,-63.29452527199999],[-56.35845346699995,-63.226324929999976],[-56.26404983599997,-63.21376170899998],[-56.195490544999984,-63.176430994999976],[-56.06160250499994,-63.144484518999946],[-55.95272105199996,-63.14725381299996],[-55.85197619099995,-63.127972857999964],[-55.75398306799997,-63.156688790999965],[-55.687218522999956,-63.124742314999935],[-55.609685501999934,-63.12079387399996],[-55.48333539499998,-63.156329841999934],[-55.53502407499997,-63.17678994499994],[-55.46644025899997,-63.21035134799996],[-55.35626738999997,-63.18612262299996]]],[[[-56.692689566999945,-63.208715232999964],[-56.701443031999986,-63.17659336099996],[-56.59909856099995,-63.15104474699996],[-56.57073658699994,-63.16045900399996],[-56.61656990899996,-63.21941640499995],[-56.692689566999945,-63.208715232999964]]],[[[-56.31433051899995,-63.18742915399997],[-56.47532035099994,-63.13685799899997],[-56.61947297199998,-63.05821470999996],[-56.61087498599994,-63.03771060599996],[-56.48521147699995,-62.977441545999966],[-56.38824220799995,-62.983947582999974],[-56.31462975699998,-63.00798633699998],[-56.161519848999944,-62.997413274999985],[-56.03185022099996,-63.02434465899995],[-56.045615149999946,-63.07641200299997],[-56.31433051899995,-63.18742915399997]]],[[[-59.49057327099996,-62.459957530999986],[-59.57331814199995,-62.44292964699997],[-59.62324886299996,-62.41109105299995],[-59.60542279799995,-62.38120356999997],[-59.68408807199995,-62.36257932199999],[-59.59859390699995,-62.336416687999986],[-59.52214580499998,-62.337303556999984],[-59.450893002999976,-62.37495169099998],[-59.37400146599998,-62.379031287999965],[-59.34579903399998,-62.40820927599998],[-59.37536899599996,-62.44461469799995],[-59.43266072899996,-62.43565732199994],[-59.49057327099996,-62.459957530999986]]],[[[-59.12172492099995,-62.32510338199995],[-59.21252812499995,-62.29129367799993],[-59.11013302199996,-62.24746181199998],[-59.03437872599994,-62.23934141999996],[-58.97006424899996,-62.274871821999966],[-58.94265423899998,-62.26050269799998],[-58.85245477899997,-62.278977285999986],[-58.83941389299997,-62.31314923699995],[-58.958713847999945,-62.32317139899993],[-59.03659691599995,-62.35106440499993],[-59.10892553299993,-62.34478545999997],[-59.12172492099995,-62.32510338199995]]],[[[-57.76755291499995,-62.01118082399995],[-57.909621200999936,-62.04410217299994],[-57.91759829799997,-62.07423786999993],[-58.04852173499995,-62.07360180999996],[-58.14456089199996,-62.048420755999985],[-58.17998299799996,-62.071307424999986],[-58.18720037099996,-62.11622607399994],[-58.12708725299996,-62.14262646399993],[-58.21815910199996,-62.15791589799994],[-58.23240391699994,-62.186120631999984],[-58.301823646999935,-62.179093189999946],[-58.34208899099997,-62.13303495499997],[-58.393150007999964,-62.11652210799997],[-58.29565089399995,-62.09106023399994],[-58.435019211999986,-62.054168508999965],[-58.50185645899995,-62.08290507799995],[-58.45883711799996,-62.10334638699999],[-58.525060509999946,-62.14848676899999],[-58.59916832799996,-62.15593745199993],[-58.61689520899995,-62.19063148999999],[-58.53843441699996,-62.182828496999946],[-58.48240481299996,-62.154813693999984],[-58.43682140499993,-62.19137538599995],[-58.45239573599997,-62.22936155799994],[-58.517542021999986,-62.22755721499993],[-58.61343157699997,-62.26153849999997],[-58.673479232999966,-62.251036891999945],[-58.67328533099993,-62.221384461999946],[-58.723427078999975,-62.24028258299995],[-58.79189715499996,-62.22375859799996],[-58.795131254999944,-62.17131129999996],[-58.842853143999946,-62.15893062199996],[-58.86468815799998,-62.183241771999974],[-58.92028865999998,-62.15465365999995],[-58.88248711499995,-62.11864278099995],[-58.71972166799998,-62.06303663899996],[-58.612610039999936,-62.09431348399994],[-58.56298727999996,-62.08951128199993],[-58.618212609999944,-62.06830155399996],[-58.641595209999934,-62.03700907599995],[-58.51480580599997,-61.97454292499998],[-58.353069123999944,-61.937569716999974],[-58.20635808399999,-61.96356914199998],[-57.984833822999974,-61.90963112199995],[-57.956597434999935,-61.93495523699994],[-57.801993711999955,-61.945084882999936],[-57.75286492899994,-61.91191029199996],[-57.67170113999998,-61.89874175199998],[-57.64131220099995,-61.93419551299996],[-57.68664236799998,-61.977499749999936],[-57.62155939199994,-62.02308315799996],[-57.76755291499995,-62.01118082399995]]],[[[-55.49173001999998,-61.503324523999936],[-55.685375198999964,-61.48534318499998],[-55.685375198999964,-61.47012820699996],[-55.54705721399995,-61.46044594799997],[-55.454384162999986,-61.488109544999986],[-55.49173001999998,-61.503324523999936]]],[[[-55.944029831999956,-61.50747406299996],[-55.98414204799997,-61.49640862399997],[-55.92189895399997,-61.450763688999984],[-55.89423535699996,-61.474277746999974],[-55.944029831999956,-61.50747406299996]]],[[[-54.03581953199995,-61.13335057499995],[-54.003903020999985,-61.14245933999996],[-54.06373549899996,-61.211020135999945],[-54.042963131999954,-61.23206247899998],[-54.04237845399996,-61.26233512699997],[-54.08976127999995,-61.31013074799995],[-54.21958785199996,-61.28121733299997],[-54.22442230299998,-61.26745719499996],[-54.14557949699997,-61.22522962099998],[-54.115375711999945,-61.238060976999975],[-54.10498161999993,-61.19406118399996],[-54.03581953199995,-61.13335057499995]]],[[[-55.06514893399998,-61.161635374999946],[-55.08699107999996,-61.202253775999964],[-55.142053043999965,-61.20695325099996],[-55.21464713199998,-61.275105725999936],[-55.265177724999944,-61.269940831999975],[-55.346945483999946,-61.23237844799996],[-55.384135123999954,-61.191692098999965],[-55.35036264599995,-61.164696910999965],[-55.369974372999934,-61.136822259999974],[-55.44824537699998,-61.12151302999996],[-55.365213025999935,-61.05802446299998],[-55.249878544999945,-61.08006151899997],[-55.14640463799998,-61.07756748199995],[-54.98390775799999,-61.11432716699994],[-54.90698321499997,-61.09556051699997],[-54.82722540899994,-61.111167440999964],[-54.74530081399996,-61.09397555199996],[-54.65671635599995,-61.10376143199994],[-54.66113449399995,-61.12146595599995],[-54.75033998499998,-61.15407450299995],[-55.06514893399998,-61.161635374999946]]],[[[-44.785381807999954,-60.70628478499998],[-44.68829078599998,-60.725688667999975],[-44.68015267599998,-60.69949195799995],[-44.62892649099996,-60.67924027999999],[-44.52501342199997,-60.663939898999956],[-44.42968301099995,-60.69516690699999],[-44.598751997999955,-60.76960111599993],[-44.66720656299998,-60.766466622999985],[-44.71097517199996,-60.79053935799993],[-44.82258512499993,-60.75224182499994],[-44.82696198599996,-60.724886443999935],[-44.785381807999954,-60.70628478499998]]],[[[-45.636734125999965,-60.68565003599997],[-45.58365700699994,-60.68079016599995],[-45.56623299199998,-60.711273732999985],[-45.66186992899998,-60.74568432199993],[-45.73935570599997,-60.733478772999945],[-45.636734125999965,-60.68565003599997]]],[[[-45.032657997999934,-60.72332465899996],[-45.06417339999996,-60.67556440399994],[-45.008748063999974,-60.619520948999934],[-44.950440593999986,-60.65962306799997],[-44.94205251599993,-60.745132911999974],[-45.032657997999934,-60.72332465899996]]],[[[-45.169878693999976,-60.665801778999935],[-45.10140253099996,-60.67644527099998],[-45.130271137999955,-60.70701520199998],[-45.08647140499994,-60.74783209299994],[-45.10863269499998,-60.76492192799998],[-45.22455816299998,-60.743737874999965],[-45.39277808299994,-60.661016909999944],[-45.666317153999955,-60.65627609699993],[-45.74126639399998,-60.63958021499997],[-45.784684754999944,-60.60717803899996],[-45.88251920399995,-60.61600802899994],[-45.95693650199996,-60.65045955399995],[-45.996265061999964,-60.647559298999965],[-46.00188162699993,-60.613875175999965],[-46.10215283599996,-60.627053081999975],[-46.11818293199997,-60.598567523999975],[-45.985842021999986,-60.56116986799998],[-45.97087310699993,-60.536331539999935],[-45.740824833999966,-60.511287067999945],[-45.57022064999995,-60.544830238999964],[-45.42805044099998,-60.55091684499996],[-45.346468811999955,-60.611767966999935],[-45.214831334999985,-60.61225153099997],[-45.169878693999976,-60.665801778999935]]],[[[-59.147285514999965,-52.43399744599998],[-59.06235824699996,-52.41900946599998],[-59.116554047999955,-52.44885845299996],[-59.147285514999965,-52.43399744599998]]],[[[-58.95950173799997,-52.24388045099994],[-58.84865466499997,-52.20539207199994],[-58.82383784799998,-52.15831102899995],[-58.82155050899996,-52.19978473599997],[-58.862945631999935,-52.225927894999984],[-58.95950173799997,-52.24388045099994]]],[[[-58.413361848999955,-52.001349422999965],[-58.41812307799995,-51.98732807599998],[-58.39209617499995,-51.998528712999985],[-58.43737304399997,-52.049696522999966],[-58.43940562399996,-52.085237517999985],[-58.524401583999975,-52.05751923099996],[-58.54695780299994,-52.01843297099998],[-58.485265820999984,-51.98921526199996],[-58.413361848999955,-52.001349422999965]]],[[[-58.387433560999966,-51.899754033999955],[-58.635834633999934,-51.90361246899994],[-58.74006052799996,-51.88106368299998],[-58.75492030999993,-51.89881912599998],[-58.92788066999998,-51.84044983199993],[-58.93610107999996,-51.78777777899995],[-58.99118105799994,-51.85463886699995],[-58.82759066199998,-51.91924989199998],[-58.888960736999934,-51.92437023599996],[-58.77079509299995,-51.95638712099998],[-58.65012292199998,-51.96046153299994],[-58.602849858999946,-51.98218320899997],[-58.62606388399996,-51.997799380999936],[-58.58331513699994,-52.01575550699994],[-58.64188519299995,-52.02680610899995],[-58.65872442199998,-52.05340650199997],[-58.64349336899994,-52.09076149799995],[-58.65017714199996,-52.13738867099994],[-58.68944430199997,-52.12200272499996],[-58.67060996499998,-52.094621089999976],[-58.73118046299999,-52.049893948999966],[-58.81021100199996,-52.03303474099994],[-58.80786761599995,-52.04993703699995],[-58.871403631999954,-52.04776655499995],[-58.922494607999965,-52.11612018399995],[-58.95243537599998,-52.05975596999997],[-58.984435589999975,-52.09676765599994],[-59.01559411899996,-52.02586725499998],[-59.03802425199996,-52.04115700199998],[-59.07604307699995,-52.01362902799997],[-59.09680790099998,-52.028925794999964],[-59.13584017799997,-51.98231187299996],[-59.16331028099995,-52.01134955499998],[-59.20338614699995,-52.01668185899996],[-59.184483668999974,-52.064160243999936],[-59.13808950099997,-52.034806009999954],[-59.093764643999975,-52.07765761099995],[-59.134097493999946,-52.08464827499995],[-59.10933912999997,-52.116594695999936],[-59.15196139699998,-52.15876663599994],[-59.10690263699996,-52.13908164099996],[-59.020737301999986,-52.14357834599997],[-59.097663687999955,-52.19677312399995],[-59.03162042399998,-52.19714480099998],[-59.04339935599995,-52.234967996999956],[-59.192139321999946,-52.20819807999993],[-59.21542926899997,-52.22447470999998],[-59.244085946999974,-52.17176499699997],[-59.31991905399997,-52.16902255999997],[-59.289172124999936,-52.13972176899995],[-59.343442161999974,-52.16038363499996],[-59.40239053199997,-52.12659919499998],[-59.38274298099998,-52.15513290999996],[-59.43241004799995,-52.13922850499995],[-59.44856640199998,-52.159966492999956],[-59.39297252299997,-52.17599955299994],[-59.43278099099996,-52.18810251999997],[-59.40330371399995,-52.206363470999975],[-59.42430411199996,-52.23879545099993],[-59.370681470999955,-52.20385213299994],[-59.32513111099996,-52.21441870199993],[-59.38358981699997,-52.22724719099995],[-59.33831694599996,-52.23738715099995],[-59.35693707499996,-52.269195251999975],[-59.33111517699996,-52.280703390999975],[-59.381198739999945,-52.30237526399998],[-59.33272115099999,-52.34440567099995],[-59.36918434299997,-52.36074654199996],[-59.401319315999956,-52.317033941999966],[-59.49552098399994,-52.31086687399994],[-59.47371259799996,-52.275674899999956],[-59.516514246999975,-52.245810441999936],[-59.579563951999944,-52.25848354999994],[-59.56506536099994,-52.21069727899993],[-59.625568698999984,-52.209196808999934],[-59.61868234499997,-52.17316089499997],[-59.73038165099996,-52.126057120999974],[-59.662545921999936,-52.09956328199996],[-59.600185598999985,-52.11911114399993],[-59.63641044399998,-52.08342418999996],[-59.597655774999964,-52.09171783199997],[-59.562355913999966,-52.05577613999998],[-59.61029217099997,-52.04792752099996],[-59.59754297099994,-52.02257415799994],[-59.64073931599995,-52.017308483999955],[-59.59190368499998,-51.983471495999936],[-59.52219235899997,-51.96372285299998],[-59.60997925899994,-51.94977671199996],[-59.60444897899998,-51.915649318999954],[-59.505541782999956,-51.937683204999985],[-59.46683926399999,-51.92695405899997],[-59.52202324399997,-51.902008974999944],[-59.519401984999945,-51.87180843599998],[-59.48143529199996,-51.883938117999946],[-59.459497117999945,-51.864995814999986],[-59.51042945599994,-51.85646846599997],[-59.49323546099998,-51.83469426999994],[-59.401769237999986,-51.810735758999954],[-59.38389961699994,-51.85123082299998],[-59.33452718999996,-51.78266148999995],[-59.32348367099996,-51.80452404099998],[-59.267436902999975,-51.79539033899994],[-59.300132445999964,-51.759956381999984],[-59.25133361099995,-51.748145061999935],[-59.22687782699995,-51.72019216099994],[-59.20947097399994,-51.73893921499996],[-59.15914858799994,-51.72317349799994],[-59.15429018499998,-51.703483468999934],[-59.056130490999976,-51.69529586099998],[-59.019895136999935,-51.77435433499994],[-59.03493559999998,-51.80743378599993],[-59.00505609399994,-51.822974518999956],[-58.97077064699994,-51.787408005999964],[-59.00291626799998,-51.745784414999946],[-59.003922139999986,-51.71037941999998],[-59.03119124299997,-51.71281371599997],[-59.026177889999985,-51.67573113199995],[-58.99345785899993,-51.67663297799999],[-59.16271354199995,-51.592723890999935],[-59.13010185599995,-51.531238465999934],[-59.08387880899994,-51.524341220999986],[-59.07288208299997,-51.58271397699997],[-59.03663029499995,-51.57954098899995],[-59.062074086999985,-51.50581989799997],[-58.97039737263795,-51.5084950858893],[-59.139701308999975,-51.46021238299994],[-59.09218369599995,-51.410138991999986],[-59.04218450899998,-51.43300628999998],[-58.99476936499997,-51.408317255999975],[-58.99650622099995,-51.38164551299997],[-58.875522211999964,-51.382945380999956],[-58.856506250999985,-51.351888506999956],[-58.956146151999974,-51.264266547999966],[-58.95625870799995,-51.233868720999965],[-58.90086501999997,-51.27476710999997],[-58.734346699999946,-51.32550332999995],[-58.67109823399994,-51.33317566499994],[-58.567273357999966,-51.29628555199997],[-58.407391820999976,-51.31489173899996],[-58.32728111599994,-51.37992139299996],[-58.31034870999997,-51.41581274499998],[-58.33589608999995,-51.45080644899997],[-58.383578272999955,-51.441444838999985],[-58.45230260499994,-51.45418726899993],[-58.47357336099998,-51.401343019999956],[-58.50265436199999,-51.42405221699994],[-58.545904004999954,-51.42588050399996],[-58.49881941299998,-51.45162407299995],[-58.53315446899995,-51.488369036999984],[-58.435274650999986,-51.466696129999946],[-58.40649475899994,-51.503646284999945],[-58.42953684599996,-51.522391116999984],[-58.417917854999985,-51.56309193799996],[-58.40040047699995,-51.52730049899998],[-58.34896033599995,-51.57043809399994],[-58.32102641199998,-51.53679113399994],[-58.26002189899998,-51.56464759299996],[-58.277330063999955,-51.62241705599996],[-58.21531297699994,-51.65455995699995],[-58.209327186999985,-51.62318876099994],[-58.256551883999975,-51.59999515199996],[-58.24744363199994,-51.58351077499998],[-58.165413273999945,-51.60252618299995],[-58.237399754999956,-51.57313317799998],[-58.24984461399998,-51.53466740099998],[-58.29697776499995,-51.527342303999944],[-58.280607731999964,-51.50414349899995],[-58.37374220799995,-51.51183918299995],[-58.28633907999995,-51.42854178799996],[-58.27508598299994,-51.39150809999995],[-57.92349432999998,-51.36820560599995],[-57.850350128999935,-51.41166453699998],[-57.86603929399996,-51.42901364099998],[-57.83632863899999,-51.470033505999936],[-57.739612817999955,-51.51292872099998],[-57.871770528999946,-51.50825946799995],[-57.76143317299994,-51.525533064999934],[-57.76163062399996,-51.54004339599993],[-57.826078424999935,-51.54530694399995],[-57.95300396499994,-51.53890517499997],[-57.987887496999974,-51.50787810799994],[-58.05731841299996,-51.49756465199994],[-58.03133200999997,-51.53477325999995],[-58.10481106699996,-51.514753531999986],[-58.107972864999965,-51.53627092499994],[-58.155366336999975,-51.55129610899996],[-58.065999201999944,-51.569237741999984],[-58.05648012199998,-51.59119995799995],[-57.97265147599995,-51.58609504599997],[-57.779687911999986,-51.615777881999975],[-57.724992989999976,-51.643808467999975],[-57.91623673299995,-51.68625029499998],[-57.78680113599995,-51.69826666499995],[-57.820653317999984,-51.683621022999944],[-57.779708966999976,-51.672148152999966],[-57.717376882999986,-51.680177276999984],[-57.86429607399998,-51.729074356999945],[-57.85291184799996,-51.738145618999965],[-58.04606566599995,-51.756336731999966],[-58.056570815999976,-51.76983901199998],[-58.256765524999935,-51.756594553999946],[-58.203816116999974,-51.785459739999965],[-58.10583173099997,-51.78733011899993],[-58.24270606999994,-51.80639142599995],[-58.16360329599996,-51.81523389899996],[-58.22848928199994,-51.82714603199997],[-58.27384910099994,-51.86342112899996],[-58.387433560999966,-51.899754033999955]]],[[[-58.46641922099997,-51.906101226999965],[-58.39114379999995,-51.902744292999955],[-58.40707778999996,-51.92068862899998],[-58.46641922099997,-51.906101226999965]]],[[[-59.56283434699998,-51.80049651999997],[-59.62018611099995,-51.78854504499998],[-59.530803952999975,-51.75709583799994],[-59.56283434699998,-51.80049651999997]]],[[[-59.66339111299993,-51.38383865399993],[-59.639408111999956,-51.367938994999975],[-59.58967590299994,-51.378215789999956],[-59.66339111299993,-51.38383865399993]]],[[[-59.59798267899998,-51.26048748599993],[-59.59515355899998,-51.30534074499997],[-59.542590512999936,-51.30141149999997],[-59.54095462199996,-51.27590644999998],[-59.473854004999964,-51.28036527799998],[-59.417587467999965,-51.33426266999993],[-59.46684811299997,-51.31935377999997],[-59.45377583699997,-51.344396260999986],[-59.58258156499994,-51.342934939999964],[-59.610868952999965,-51.30648175299996],[-59.80679750099995,-51.27911357399995],[-59.81992635299997,-51.25320608199996],[-59.749976421999975,-51.245067640999935],[-59.74130747199996,-51.263669655999934],[-59.66890371299996,-51.27058851899994],[-59.59798267899998,-51.26048748599993]]]]}},{"type":"Feature","properties":{"PROV":"San Juan"},"geometry":{"type":"MultiPolygon","coordinates":[[[[-69.41204050299996,-32.06470740299994],[-69.52133977599993,-32.13238174899993],[-69.58904775699995,-32.134515894999936],[-69.61651411199995,-32.16906517899997],[-69.62417742599996,-32.242537408999965],[-69.71243890799997,-32.338895484999966],[-69.69593886599995,-32.37168229599996],[-69.68992168099999,-32.428386649999936],[-69.70152813499993,-32.45025286899994],[-69.68562512799997,-32.49816275899997],[-69.70187697199998,-32.51686385299996],[-69.77258490099996,-32.52687280599997],[-69.84711204699994,-32.56610135999995],[-70.00137511399998,-32.52786598499995],[-70.02303904199994,-32.55946965199996],[-70.01313766999994,-32.577953126999944],[-70.05593557399999,-32.620693005999954],[-70.09044886499998,-32.62019626899996],[-70.12630195099996,-32.57592191799995],[-70.13516616799996,-32.491773604999935],[-70.16682815599995,-32.45470046999998],[-70.23672103899997,-32.42906761199998],[-70.21754646299996,-32.38188743599994],[-70.22270011899997,-32.32456779499995],[-70.32331848099994,-32.26651382399996],[-70.30099868799994,-32.20691871599996],[-70.31726074199997,-32.17700385999996],[-70.30391120899998,-32.13601493799996],[-70.32729911799998,-32.12741470299994],[-70.35022163399998,-32.08823203999998],[-70.33526420599998,-32.07039642299998],[-70.38823318499993,-32.045402526999965],[-70.35122489899999,-32.02632904099994],[-70.32110977199994,-32.050487517999954],[-70.28902625999996,-32.05203056299996],[-70.24863243099998,-32.023885726999936],[-70.24900054899996,-31.992364882999937],[-70.20827865599995,-31.97817802399993],[-70.24023437499994,-31.91818237299998],[-70.28005218499999,-31.88408470199994],[-70.34734344499998,-31.890443801999936],[-70.45508766199998,-31.84881782499997],[-70.46967697099996,-31.69676971399997],[-70.51327705399996,-31.687835692999954],[-70.50675201399997,-31.652265548999935],[-70.56738471999995,-31.60013389599993],[-70.55225944499995,-31.51115989699997],[-70.56919097899998,-31.476423263999948],[-70.55099677999993,-31.454315185999974],[-70.56020736699998,-31.41995811499993],[-70.53380584699994,-31.409040450999953],[-70.52761459399994,-31.364240645999928],[-70.54504775999999,-31.307123183999977],[-70.49774551399997,-31.12223243699998],[-70.45585250899995,-31.08422088599997],[-70.43229484599993,-31.101709365999966],[-70.40815925599998,-31.16604423499996],[-70.36019706699994,-31.13423538199993],[-70.36680793799997,-31.106500625999956],[-70.32114791899994,-31.043191909999962],[-70.26908302299995,-31.042858123999963],[-70.28952789299996,-31.024085998999965],[-70.29240608199996,-30.975032805999945],[-70.32148361199995,-30.931934356999932],[-70.28263473499999,-30.838977813999975],[-70.27271652199994,-30.754705428999955],[-70.24499130199996,-30.727085113999976],[-70.25800704999995,-30.698240279999936],[-70.23679351799996,-30.611074447999954],[-70.17897224399997,-30.50891685499994],[-70.19386291499995,-30.489845275999983],[-70.13118934599999,-30.453071593999937],[-70.11604881299996,-30.42447090099995],[-70.15394401599997,-30.345727920999934],[-70.13557243299994,-30.339101790999962],[-70.06691169699997,-30.391033172999983],[-70.02060127299995,-30.395282744999975],[-69.99376487699993,-30.377315520999957],[-69.95404624899999,-30.38397407499997],[-69.93416976899994,-30.357137679999937],[-69.89672660799994,-30.354093551999938],[-69.90693283099995,-30.31614875799994],[-69.87755393999998,-30.255649566999978],[-69.88672256499996,-30.22262382499997],[-69.83388709999997,-30.21834182699996],[-69.80879211399997,-30.14322090099995],[-69.82806587199997,-30.12371253999993],[-69.90378761299996,-30.104505538999945],[-69.92891693099995,-30.118192672999953],[-69.96375083899994,-30.083358764999957],[-69.91482925399998,-30.024633407999943],[-69.91998290999999,-29.983581542999957],[-69.89678955099998,-29.95550537099996],[-69.89274787899996,-29.81760024999994],[-69.91328811599993,-29.790277480999976],[-69.87765312199997,-29.72368049599993],[-69.94067001299999,-29.643321990999937],[-69.93194389299998,-29.574378966999973],[-69.95508575399998,-29.533138274999942],[-69.95490455599997,-29.465234755999973],[-69.98038864099993,-29.449975966999943],[-69.96548652599995,-29.41263389599993],[-70.02021789599996,-29.38286590599995],[-70.01762199399997,-29.319746016999943],[-69.99609374999994,-29.28399658199993],[-69.93518066399997,-29.243591308999953],[-69.95148277299995,-29.187683104999962],[-69.93155670199997,-29.186994552999977],[-69.88179588299994,-29.142143249999947],[-69.78709793099995,-29.13146209699994],[-69.78667640699996,-29.030063628999983],[-69.75213622999996,-28.935222625999984],[-69.76394462599995,-28.901596068999936],[-69.69165611299996,-28.774923324999975],[-69.72693824799995,-28.739965438999945],[-69.72517394999994,-28.673353194999947],[-69.64918327299995,-28.53422164899996],[-69.67882728599994,-28.472173690999966],[-69.63068199199995,-28.43115234399994],[-69.64746765699994,-28.408176312999956],[-69.47008368799999,-28.41395421599998],[-69.43714271299996,-28.445437133999974],[-69.35542942299998,-28.442527792999954],[-69.31452225399994,-28.41236000799995],[-69.30172961590779,-28.462536433437265],[-69.31452178999996,-28.412359237999965],[-69.22812271099997,-28.55697250399993],[-69.32569564466326,-28.69256785197279],[-69.22812235199996,-28.55697391299998],[-69.20240439099996,-28.59546681599994],[-69.21722920299999,-28.608554813999945],[-69.20142798299997,-28.695223278999947],[-69.16096764399998,-28.757800825999936],[-69.04373252399995,-28.813579982999954],[-69.03940216255722,-28.851211685604046],[-69.04367276999994,-28.81383811099994],[-68.93289939299996,-28.87533947999998],[-68.96394995495474,-28.89208811208409],[-68.92330245499994,-28.88378737299996],[-68.95717709799999,-28.95138639199996],[-68.97776283799993,-29.107774715999938],[-68.9946940809755,-29.12388671585852],[-68.97776222199997,-29.107774733999975],[-68.95138560299995,-28.960529674999975],[-68.93339556699993,-28.97860918699996],[-68.93525897199999,-29.016060124999967],[-68.91468457199994,-29.02853418099994],[-68.91022522099996,-29.070367954999938],[-68.92366044299996,-29.089882228999954],[-68.91303051299997,-29.112751094999965],[-68.93678099299996,-29.164990157999966],[-68.96472045099995,-29.145571213999972],[-68.99575805699993,-29.178703307999967],[-68.97235869699995,-29.354074803999936],[-68.99467262799993,-29.411273810999944],[-68.97336372599995,-29.42834645199997],[-69.03364181499995,-29.565277099999946],[-69.01634241599999,-29.639966976999972],[-68.95438397699996,-29.653033952999976],[-68.93211871199998,-29.64503006999996],[-68.93196213299996,-29.625301202999935],[-68.81980829999998,-29.66736723799994],[-68.77489972199999,-29.70666696099994],[-68.74552831063218,-29.807127289511378],[-68.77489948899995,-29.706667049999965],[-68.81980770099995,-29.667366993999963],[-68.91236949999995,-29.626148729999954],[-68.88449227799998,-29.595058291999976],[-68.85711166699997,-29.636881862999928],[-68.73437837899996,-29.627986533999945],[-68.60616622499998,-29.65124021799994],[-68.45159991099996,-29.64801211599996],[-68.29827050199998,-29.78094429999993],[-68.22755031699995,-29.949760778999973],[-68.15246368999993,-29.918472373999975],[-68.12917002099994,-29.93140297499997],[-68.17246711899998,-29.942379551999977],[-68.15084146499998,-30.01070149399993],[-68.08803795499995,-30.092835799999932],[-68.05265960199995,-30.256731730999945],[-67.85553056499998,-30.50135738299997],[-67.87017615799994,-30.63879785399996],[-67.83452984899998,-30.75065151299998],[-67.70400776899999,-30.847479759999942],[-67.68166533399994,-30.98978053099995],[-67.62412269299995,-31.123940137999966],[-67.61597587599994,-31.178172744999983],[-67.64702819699994,-31.21478607399996],[-67.63061590099994,-31.255269677999934],[-67.58962104699998,-31.281184748999976],[-67.52273029899999,-31.29074937699994],[-67.53482939099996,-31.315857739999956],[-67.47865524199995,-31.343106414999966],[-67.46267304999998,-31.368507482999973],[-67.45441532799998,-31.46344430099998],[-67.40912355399996,-31.49163363499997],[-67.40320839399993,-31.58270119799994],[-67.37635824199998,-31.602508198999942],[-67.35695383099994,-31.59716376199998],[-67.35524950399997,-31.554085475999955],[-67.37594351599995,-31.458076839999933],[-67.33174142699994,-31.32796506699998],[-67.34822209599997,-31.191621793999957],[-67.32087396999998,-31.09518107499997],[-67.32446846099998,-31.006941901999937],[-67.34659371399994,-30.89394963899997],[-67.50427394499997,-30.651187309999955],[-67.60851789699996,-30.528767864999963],[-67.54168706199994,-30.68648269199997],[-67.56613978199994,-30.689997757999947],[-67.65912271399998,-30.52474528299996],[-67.66895973399994,-30.41322334299997],[-67.70076970999997,-30.305580610999982],[-67.68024809099995,-30.222748257999967],[-67.60033609999994,-30.28309117699996],[-67.62648491599998,-30.314280500999928],[-67.60287228899995,-30.436937574999945],[-67.56702560899998,-30.423906055999964],[-67.47478002399998,-30.55511699899995],[-67.37338671985108,-30.640466724826794],[-67.29916586699994,-30.676714041999958],[-67.21384236699998,-30.762788952999983],[-67.19968632899997,-30.810239992999982],[-67.12923647799994,-30.895116771999938],[-67.08488480299997,-30.913972814999966],[-67.11166989499998,-31.00244629499997],[-67.06128535899995,-31.077918937999982],[-67.08837852399995,-31.291668492999975],[-67.14916994399994,-31.29306031799996],[-67.17689624999997,-31.327560954999967],[-67.14779617999994,-31.518784832999984],[-67.10115135699994,-31.525077043999943],[-67.03289427199996,-31.63688790499998],[-66.98182507799999,-31.56935806699994],[-66.94138566099997,-31.629239171999984],[-66.86405916199993,-31.62985634399996],[-66.87635543399995,-31.75275718599994],[-66.86256363099994,-31.815484812999955],[-66.79694756999999,-31.89600184799997],[-67.12987635899998,-31.83978895599995],[-67.24096436699995,-31.880842688999962],[-67.46775383399995,-31.859079858999962],[-67.45686727099996,-31.88459198499993],[-67.51299721699996,-32.11674307299995],[-67.55094441399996,-32.15876191999996],[-67.61525078199998,-32.16469964699996],[-67.61526393939027,-32.16470445583296],[-67.55094337499997,-32.15876197799997],[-67.51299667399996,-32.116743087999964],[-67.45686724399997,-31.884592020999946],[-67.43815064099994,-31.94095406899993],[-67.48375378199995,-32.21890256399996],[-67.29687325999998,-32.33140175099993],[-67.39669096999995,-32.334518721999984],[-67.47402429399995,-32.30397223399996],[-67.50079521999999,-32.242300098999976],[-67.52739010799996,-32.223260470999946],[-67.59524159499995,-32.24451427599996],[-67.66397652799998,-32.22879424499996],[-67.71189742199994,-32.246357588999956],[-67.74080680099996,-32.223039685999936],[-67.81860594599993,-32.22666353599993],[-67.87495453199995,-32.186037677999934],[-67.81311035199997,-32.202831267999954],[-67.71761167121547,-32.19977455710598],[-67.81311067999997,-32.20283099899996],[-67.88392941699993,-32.16684206499997],[-67.87495484099998,-32.18603829199998],[-67.91585246299996,-32.17398783599998],[-67.95854154799997,-32.09445359499995],[-68.06470507699999,-32.08129463299997],[-68.15752669199998,-32.11790353899994],[-68.21170966399995,-32.11657641299996],[-68.26547449899994,-32.14461318499997],[-68.46112441299994,-32.139486674999944],[-68.46066561099997,-32.23790529499996],[-68.66509208599996,-32.33623708699997],[-68.91717738999995,-32.338230059999944],[-68.91680348999995,-32.11597998499997],[-68.99389130999998,-32.116375672999936],[-69.08479270499998,-32.052270034999935],[-69.11357468699998,-32.00684780399996],[-69.19162597899998,-31.99977782299993],[-69.24794067799996,-32.01753099299998],[-69.30810721299997,-32.08099074099994],[-69.41204050299996,-32.06470740299994]],[[-69.01325798099998,-28.964895247999948],[-69.01325786828923,-28.96489572152465],[-69.0054745874129,-28.926603093604115],[-69.01325798099998,-28.964895247999948]],[[-69.07395935099998,-29.12473678599997],[-69.07084405790522,-29.13349073726653],[-69.07395917911548,-29.124736701536428],[-69.07395935099998,-29.12473678599997]],[[-69.03227043199996,-29.181407927999942],[-69.01813496350127,-29.15340730671419],[-69.03227093882433,-29.18140802138124],[-69.03227043199996,-29.181407927999942]],[[-68.92658100899996,-29.69197621799998],[-68.92034319099997,-29.673958556999935],[-68.93196197723523,-29.62530313300852],[-68.92658100899996,-29.69197621799998]],[[-68.84950472699995,-29.83734934299997],[-68.84337023311795,-29.79995145600688],[-68.84950482670483,-29.837349005622524],[-68.84950472699995,-29.83734934299997]],[[-68.75935219899998,-29.812345295999933],[-68.75730331678115,-29.811571918754133],[-68.75935226152023,-29.8123452306285],[-68.75935219899998,-29.812345295999933]],[[-68.48121441999996,-30.19345378299994],[-68.46741942899996,-30.176030871999956],[-68.46701450899997,-30.093225952999944],[-68.46742032699996,-30.176031484999953],[-68.48121441999996,-30.19345378299994]],[[-68.38495244664621,-30.672800243100276],[-68.37330039499994,-30.646524727999974],[-68.38393330799994,-30.648298728999976],[-68.38495244664621,-30.672800243100276]],[[-68.38949684399995,-30.782053891999965],[-68.38641311420305,-30.82734924990073],[-68.38606687790794,-30.69959272454799],[-68.38949684399995,-30.782053891999965]],[[-68.21592709399994,-31.20792536299996],[-68.29275355499993,-31.198544398999957],[-68.35341025899999,-31.305858711999974],[-68.31968267999997,-31.353513136999936],[-68.28152476699995,-31.36474112899998],[-68.23776294399994,-31.35686766999993],[-68.24154748399997,-31.318209399999944],[-68.21491856599994,-31.273925772999974],[-68.21592709399994,-31.20792536299996]],[[-68.65895979999993,-31.47069444799996],[-68.70021095099997,-31.477657035999982],[-68.70657595499995,-31.525696788999937],[-68.67473222899997,-31.51504705399998],[-68.69067809699999,-31.53361959299997],[-68.6906886450165,-31.533677193191682],[-68.66312333999997,-31.505988901999956],[-68.65895979999993,-31.47069444799996]],[[-69.49739074799999,-28.462575911999977],[-69.46868101399997,-28.456983698999977],[-69.46903856044376,-28.44602259784053],[-69.46868133599997,-28.456983565999963],[-69.49739074799999,-28.462575911999977]],[[-69.51649284399997,-28.523645400999953],[-69.47542574599998,-28.490208000999928],[-69.47542589494643,-28.49020781363086],[-69.51649284399997,-28.523645400999953]],[[-69.47646059354611,-28.523485150886167],[-69.49038084999995,-28.52904086099994],[-69.49796437285396,-28.527474257223126],[-69.49038124099997,-28.529041289999952],[-69.47646059354611,-28.523485150886167]],[[-69.43787105565927,-28.64350706225332],[-69.41808311599993,-28.616741759999968],[-69.41263203392074,-28.592306760431104],[-69.41808319099994,-28.616741179999963],[-69.43787105565927,-28.64350706225332]],[[-69.53158950899996,-28.647396087999937],[-69.47531121199995,-28.666429645999983],[-69.44613868163174,-28.65468990957752],[-69.47531127999997,-28.66642951999995],[-69.53158950899996,-28.647396087999937]],[[-69.58213888898943,-28.708370629806588],[-69.56866088599998,-28.67729665099995],[-69.553525940662,-28.66508879745949],[-69.56866073699996,-28.677295684999933],[-69.58213888898943,-28.708370629806588]],[[-69.44760474634818,-28.708660273259223],[-69.47233434143371,-28.722966911895167],[-69.47233390899999,-28.722967147999952],[-69.44760474634818,-28.708660273259223]],[[-69.42311079234074,-28.67120375796246],[-69.43686699726389,-28.70244802768871],[-69.43686676099998,-28.702447890999963],[-69.42311079234074,-28.67120375796246]],[[-69.31305749055427,-28.77786221966123],[-69.35127029399996,-28.800178167999945],[-69.34361160908489,-28.764605991451816],[-69.35127067599996,-28.800178527999947],[-69.31305749055427,-28.77786221966123]],[[-69.28059810013985,-28.736677295524405],[-69.28761044523772,-28.763001273028014],[-69.28760910099999,-28.763000487999932],[-69.28059810013985,-28.736677295524405]],[[-69.27934043999994,-28.731956104999938],[-69.2793405437411,-28.731956494438855],[-69.26128018139629,-28.733078299894494],[-69.27934043999994,-28.731956104999938]],[[-69.26138305699993,-29.017076491999944],[-69.28727722199994,-29.001876830999947],[-69.29806958576845,-28.938931908346948],[-69.28727805599993,-29.001876660999983],[-69.26138285399998,-29.017077179999944],[-69.24185926499996,-28.896629943999983],[-69.21130586361565,-28.862102785423758],[-69.24185943599997,-28.896629332999964],[-69.26138305699993,-29.017076491999944]],[[-69.323312607294,-28.999252941597764],[-69.29931474917989,-28.941907317367196],[-69.32331275999996,-28.999252318999936],[-69.323312607294,-28.999252941597764]],[[-69.30224844299994,-29.145926490999955],[-69.3022484471687,-29.14592603872941],[-69.32845139989838,-29.17627293663722],[-69.30224844299994,-29.145926490999955]],[[-69.25439866156387,-29.170009606900344],[-69.2851432662501,-29.23655260198135],[-69.28514289899994,-29.236553191999974],[-69.25439866156387,-29.170009606900344]],[[-69.16775321999995,-29.008300780999946],[-69.15286994652206,-28.932853058567325],[-69.16775419099997,-29.008300917999975],[-69.19929598199997,-29.038848997999935],[-69.20895980926069,-29.0890745123028],[-69.19929504399994,-29.038848876999964],[-69.16775321999995,-29.008300780999946]],[[-68.51914696399996,-30.976221529999975],[-68.45530954599997,-30.936673447999965],[-68.45530924433827,-30.936673091144552],[-68.51914696399996,-30.976221529999975]],[[-68.60285410699998,-31.120430429999942],[-68.60285320483301,-31.120429821806393],[-68.60458446845128,-30.997409847842416],[-68.60285410699998,-31.120430429999942]],[[-68.58090325299997,-30.914983897999946],[-68.58090350399993,-30.914984064999942],[-68.59122566828049,-30.94842234600744],[-68.58090325299997,-30.914983897999946]],[[-68.54193078714795,-30.719899944220153],[-68.55753534599995,-30.605594077999967],[-68.6224882093165,-30.555660889517846],[-68.55753657299994,-30.605595299999948],[-68.55541785499997,-30.645315293999943],[-68.54193078714795,-30.719899944220153]],[[-68.5845571514485,-30.354801739589284],[-68.63159829699998,-30.540105954999945],[-68.63025736212742,-30.542395521781305],[-68.5845571514485,-30.354801739589284]],[[-68.58454215499995,-30.354740180999954],[-68.59230857199998,-30.328148504999945],[-68.59230897867698,-30.328148696343167],[-68.58454215499995,-30.354740180999954]],[[-68.62316749499996,-30.34266775699996],[-68.66826085120755,-30.322812406488936],[-68.62316761799997,-30.342667914999936],[-68.60114915053853,-30.332308034080956],[-68.62316749499996,-30.34266775699996]],[[-68.66560706299998,-30.243766084999947],[-68.62678132180662,-30.18199802089537],[-68.66560870044711,-30.24378397642619],[-68.66560706299998,-30.243766084999947]],[[-68.60829415399996,-30.15258669399998],[-68.62922629499997,-30.121101004999957],[-68.6413897947687,-30.058756513626598],[-68.62922775799996,-30.121102033999932],[-68.60829415399996,-30.15258669399998]],[[-68.64076006772154,-30.048838607361713],[-68.61918214599996,-29.95099916399994],[-68.6725643443307,-29.915794107731458],[-68.61918234999996,-29.95099931799996],[-68.63866561999998,-30.015852035999956],[-68.64076006772154,-30.048838607361713]],[[-68.70854434499995,-29.913707556999952],[-68.70854488209513,-29.913708396558164],[-68.67488224826576,-29.91565968794098],[-68.70854434499995,-29.913707556999952]],[[-68.77354857099994,-30.13663416999998],[-68.82053881999997,-30.09958584499998],[-68.82556736945041,-30.106405155469343],[-68.77354817299994,-30.13663537499997],[-68.76447764629755,-30.114979874101675],[-68.77354857099994,-30.13663416999998]],[[-68.8169627413379,-30.239321553815028],[-68.81495612399993,-30.209238316999972],[-68.81495634531686,-30.209237657499127],[-68.8169627413379,-30.239321553815028]],[[-68.80716777499998,-30.34549113999998],[-68.78897907599998,-30.30371135799993],[-68.76046581059924,-30.30296904821917],[-68.78898016599999,-30.303710888999944],[-68.80716777499998,-30.34549113999998]],[[-68.78541191699998,-30.344848440999954],[-68.79065242590023,-30.365355964892288],[-68.78541179399997,-30.34484892699993],[-68.72374927499999,-30.35283282399996],[-68.78541191699998,-30.344848440999954]],[[-68.79503671399993,-30.382512865999956],[-68.77240931113619,-30.391892846878523],[-68.79503663900387,-30.382512572520135],[-68.79503671399993,-30.382512865999956]],[[-68.77664173130702,-30.403811664160507],[-68.76835712099995,-30.39357270299996],[-68.76835745021357,-30.393572566522774],[-68.77664173130702,-30.403811664160507]],[[-68.81869022499995,-30.50128686299996],[-68.8186896024084,-30.501286931439417],[-68.81270641387327,-30.4772459477647],[-68.81869022499995,-30.50128686299996]],[[-68.77850946999996,-30.50570380199997],[-68.75029198433907,-30.460560917866122],[-68.78533045248379,-30.504953993701168],[-68.77850946999996,-30.50570380199997]],[[-68.74946364614405,-30.4592358973108],[-68.74946372399995,-30.459235898999964],[-68.74946376097053,-30.459235958144067],[-68.74946364614405,-30.4592358973108]],[[-68.70225068472067,-30.471007475673275],[-68.70440100799993,-30.45825821699998],[-68.71405411901723,-30.458467651178015],[-68.70225068472067,-30.471007475673275]],[[-68.70225048251275,-30.471008498993918],[-68.65944642499994,-30.62523921899998],[-68.70225048251275,-30.471008498993914],[-68.70225048251275,-30.471008498993918]],[[-68.69314473696897,-30.732670950856633],[-68.69146809399996,-30.718742196999983],[-68.69181294419553,-30.710966753829304],[-68.69146819199995,-30.71874136599996],[-68.69314473696897,-30.732670950856633]],[[-68.68419673299996,-30.94252329099993],[-68.73127459002208,-30.92558776632856],[-68.68419654499996,-30.942524590999938],[-68.68350848700977,-30.932199573727946],[-68.68419673299996,-30.94252329099993]],[[-68.76065544599999,-31.113534716999936],[-68.76065544399995,-31.113535001999935],[-68.7175487515081,-30.972012021883824],[-68.76065544599999,-31.113534716999936]],[[-68.83360295499995,-31.331801048999978],[-68.83360274899997,-31.33180105599996],[-68.82930654195543,-31.30986437569465],[-68.83360295499995,-31.331801048999978]],[[-68.68486741099997,-31.093596984999976],[-68.74225353430165,-31.19448130448383],[-68.6848671010854,-31.093598219951467],[-68.68486741099997,-31.093596984999976]],[[-68.75155106599993,-31.32998761799996],[-68.7562270651657,-31.357509102600446],[-68.75155093299998,-31.32998734299997],[-68.72107176399999,-31.26455887399993],[-68.67391045864603,-31.13725838722462],[-68.75155106599993,-31.32998761799996]],[[-68.76100916540898,-31.57873738012984],[-68.7806495224876,-31.53471367336845],[-68.77709362899998,-31.558819529999937],[-68.76100916540898,-31.57873738012984]],[[-68.75437103299998,-31.593616701999963],[-68.7580779470354,-31.585307683185707],[-68.74405769809742,-31.64026176429873],[-68.75437103299998,-31.593616701999963]],[[-68.74405753299999,-31.640262510999946],[-68.74405759838177,-31.64026221529179],[-68.74833829616466,-31.654200497860543],[-68.74405753299999,-31.640262510999946]],[[-68.79814307410014,-31.705597243455877],[-68.77777726739845,-31.693040113451726],[-68.79814308199997,-31.705597091999948],[-68.79814307410014,-31.705597243455877]],[[-68.78731069899999,-31.772715989999938],[-68.7981429093019,-31.70560040297832],[-68.79466895099995,-31.772203355999977],[-68.78731069899999,-31.772715989999938]],[[-68.67781732913012,-31.80073057797419],[-68.67781801546197,-31.800730290722857],[-68.67781730999997,-31.80073065199997],[-68.67781732913012,-31.80073057797419]],[[-69.61702905681072,-31.8450171931659],[-69.59160598599993,-31.857525159999966],[-69.57630706399993,-31.84745757199994],[-69.58933056699993,-31.849773983999967],[-69.61702905681072,-31.8450171931659]],[[-69.316934298384,-31.83521464737396],[-69.32005626799997,-31.88430672399994],[-69.33755983799995,-31.901145946999975],[-69.33226050499997,-31.911387740999942],[-69.32005624099997,-31.88430670899993],[-69.316934298384,-31.83521464737396]],[[-69.20711388099994,-31.92414722099994],[-69.28524441199994,-31.817471458999933],[-69.31423080299999,-31.79270295799995],[-69.28524449099996,-31.81747144899998],[-69.20711388099994,-31.92414722099994]],[[-69.25328986099998,-32.001239064999936],[-69.21139599399999,-31.963724154999966],[-69.20884358650501,-31.940133824018798],[-69.21139604599995,-31.963724162999938],[-69.25357786399996,-31.977092754999944],[-69.25328986099998,-32.001239064999936]],[[-69.71389907432223,-31.921460930157956],[-69.71389901199996,-31.92146078299993],[-69.74321779201406,-31.926518403428908],[-69.71389907432223,-31.921460930157956]],[[-69.84182333299998,-31.931918931999974],[-69.82632588457038,-31.9640087903299],[-69.84182325099994,-31.93191887699993],[-69.81982286199933,-31.906417348192836],[-69.84182333299998,-31.931918931999974]],[[-69.81060142645931,-31.89572843106745],[-69.77181541852637,-31.87077843537664],[-69.81060116499998,-31.895728127999973],[-69.81060142645931,-31.89572843106745]],[[-69.76926132639929,-31.869135465489595],[-69.76925723820958,-31.86913532259507],[-69.76926110799997,-31.869135324999945],[-69.76926132639929,-31.869135465489595]],[[-69.66078627499996,-31.931771011999956],[-69.71667737696062,-32.002004993304936],[-69.69245236599994,-31.98077204599997],[-69.65505853299999,-31.924898564999978],[-69.65611926899999,-31.885779112999955],[-69.70096085565471,-31.869092879921205],[-69.65611956099997,-31.88577934099993],[-69.66078627499996,-31.931771011999956]],[[-69.07858248799994,-31.76186297499993],[-69.08665252993063,-31.78670000594733],[-69.04799143513499,-31.799113608823298],[-69.07858248799994,-31.76186297499993]],[[-69.04568421126514,-31.799854430080888],[-69.02573230110772,-31.806260743472173],[-69.02805834899993,-31.795261723999943],[-69.04568421126514,-31.799854430080888]],[[-69.02049745099998,-31.92105348399997],[-69.01447684099998,-31.85948364799998],[-69.01888593379272,-31.838634680253175],[-69.01598212899995,-31.87138724099998],[-69.02049745099998,-31.92105348399997]],[[-69.13452336699999,-31.974822979999942],[-69.13302388599993,-31.90419919699997],[-69.14519678299996,-31.808276012999954],[-69.15918716211074,-31.80528589292165],[-69.14519679299997,-31.808276057999933],[-69.13452336699999,-31.974822979999942]],[[-69.20279092057073,-31.822947235590643],[-69.15056444299995,-31.979534116999957],[-69.15056443538836,-31.979534114764494],[-69.20279092057073,-31.822947235590643]],[[-69.20480890490722,-31.811290980033437],[-69.18769396970475,-31.65872836372726],[-69.19054953499995,-31.654563982999946],[-69.20480890490722,-31.811290980033437]],[[-69.16786713399995,-31.687642600999936],[-69.16786730770049,-31.687642347685745],[-69.16813906174906,-31.75108226562485],[-69.16786713399995,-31.687642600999936]],[[-69.24091132595076,-31.590868244391324],[-69.26002942099996,-31.593183013999976],[-69.26002948714385,-31.593183219611007],[-69.24091132595076,-31.590868244391324]],[[-69.22126577323947,-31.646134896825068],[-69.22113995734288,-31.698182835033418],[-69.21443277399999,-31.66535741499996],[-69.22126577323947,-31.646134896825068]],[[-69.23253841499996,-31.81432407699998],[-69.22093742099997,-31.781900072999974],[-69.22093760852151,-31.781891167903847],[-69.22093758699998,-31.78190007099994],[-69.23253841499996,-31.81432407699998]],[[-69.31556239299994,-31.620496361999983],[-69.33604258099996,-31.588017133999983],[-69.39691134199995,-31.539499065999962],[-69.36745344099995,-31.31762856199998],[-69.36880832699995,-31.26662995299995],[-69.43623975699995,-31.081040274999964],[-69.39163341522521,-31.017990682018368],[-69.43688794799994,-31.081719487999976],[-69.36880859899998,-31.266629853999973],[-69.39691167799998,-31.539499116999934],[-69.31556281299999,-31.620496196999966],[-69.321955582871,-31.67614227942289],[-69.31556239299994,-31.620496361999983]],[[-69.41365564899996,-31.621213976999968],[-69.42021624621961,-31.633397357957794],[-69.41293673592465,-31.62162379584141],[-69.41365564899996,-31.621213976999968]],[[-69.61757721399994,-31.812821766999946],[-69.62564888417099,-31.80558105699664],[-69.61703036203754,-31.84501526453968],[-69.61757721399994,-31.812821766999946]],[[-69.65385278599996,-31.780280682999944],[-69.68755008598619,-31.759989533972647],[-69.65171478180002,-31.7821985845085],[-69.65385278599996,-31.780280682999944]],[[-69.66753734717132,-31.53040432074462],[-69.69488058071578,-31.55417731004338],[-69.66753729399994,-31.53040436699996],[-69.66753734717132,-31.53040432074462]],[[-69.71648978859848,-31.480250952313796],[-69.71920399299995,-31.485457612999937],[-69.71920396649516,-31.485457636057333],[-69.71648978859848,-31.480250952313796]],[[-69.56594767582159,-31.341381811624313],[-69.6782619950968,-31.433324612331347],[-69.56594760199994,-31.341381885999965],[-69.56594767582159,-31.341381811624313]],[[-69.61288399055583,-31.26224466704267],[-69.63737467499993,-31.269418232999953],[-69.63737459150312,-31.269418317123307],[-69.61288399055583,-31.26224466704267]],[[-69.54609663699995,-31.169317261999936],[-69.54609653199998,-31.169317324999952],[-69.54942901436988,-31.166850738225865],[-69.54609663699995,-31.169317261999936]],[[-69.53198209385305,-31.00789267972249],[-69.55749490699998,-31.04134337299996],[-69.59894738870858,-31.040248673626404],[-69.55749496399994,-31.041343599999948],[-69.53198209385305,-31.00789267972249]],[[-69.59339923299996,-31.60747786199994],[-69.61538774899998,-31.651922396999964],[-69.54435365399996,-31.66451292199997],[-69.55651107999995,-31.607219363999945],[-69.59339923299996,-31.60747786199994]],[[-69.54582690799998,-30.902334994999933],[-69.52241302599998,-30.81091431599998],[-69.50145466305646,-30.774634999491244],[-69.51930502099998,-30.797025834999943],[-69.54582690799998,-30.902334994999933]],[[-69.06867849511042,-30.16852770543089],[-69.06867849511042,-30.168527705430886],[-69.10886010099995,-30.118828950999955],[-69.06867849511042,-30.16852770543089]],[[-69.31813285099997,-30.819944094999983],[-69.33519816110734,-30.885316502750367],[-69.31813215199998,-30.819943129999956],[-69.33250007699996,-30.745192019999934],[-69.37252705499998,-30.713816407999957],[-69.33250140199993,-30.745191846999944],[-69.31813285099997,-30.819944094999983]],[[-69.22511597699997,-30.62126339499997],[-69.23418308499998,-30.681491953999966],[-69.23842780625769,-30.687041697932468],[-69.23418257699996,-30.681491639999933],[-69.22511597699997,-30.62126339499997]],[[-69.17819310299996,-30.380410273999928],[-69.15770718126703,-30.4819090916915],[-69.17830029499999,-30.379011969999965],[-69.23328133499996,-30.47070804899994],[-69.24391578035502,-30.555427941019683],[-69.23328022499999,-30.470708015999946],[-69.17819310299996,-30.380410273999928]],[[-69.12025235499993,-30.320229792999953],[-69.0777408981568,-30.195184338529018],[-69.12101195899999,-30.321978961999946],[-69.08006921925156,-30.318352522880012],[-69.12025235499993,-30.320229792999953]],[[-69.08199523999997,-30.579114355999934],[-69.10078048699995,-30.429216733999965],[-69.08006241499999,-30.31835220499994],[-69.10078075899997,-30.429216272999952],[-69.08199523999997,-30.579114355999934]],[[-69.1126681272063,-30.545544526327713],[-69.10625906795204,-30.546981294374838],[-69.10625925699998,-30.54698104399995],[-69.1126681272063,-30.545544526327713]],[[-69.23742605482818,-31.051509130819305],[-69.21591134599998,-30.967634130999954],[-69.15820089999994,-30.896471290999955],[-69.13315137099994,-30.72397746699994],[-69.14247519199995,-30.53886341499998],[-69.13315211599996,-30.72397730399996],[-69.15820184999995,-30.896471377999944],[-69.21591258399997,-30.96763425399996],[-69.23742605482818,-31.051509130819305]],[[-69.30158651199997,-31.149171612999965],[-69.28437972614131,-31.128355242628174],[-69.30158668602397,-31.14917139472515],[-69.30158651199997,-31.149171612999965]],[[-69.29060410899996,-30.934315133999974],[-69.28417959536074,-30.909118105922463],[-69.30145441108579,-31.010325539574385],[-69.29060410899996,-30.934315133999974]],[[-69.24671929214189,-30.762203946195868],[-69.21689536183628,-30.771435431646317],[-69.24671918499996,-30.76220352599995],[-69.24671929214189,-30.762203946195868]],[[-69.17500739529834,-30.746792387609496],[-69.18647903622521,-30.75354148773382],[-69.17500736299996,-30.746792694999954],[-69.17500739529834,-30.746792387609496]],[[-69.18532125099995,-30.64863294199995],[-69.18532117615936,-30.64863365425844],[-69.18139689409375,-30.625150894662607],[-69.18532125099995,-30.64863294199995]],[[-70.11346293014586,-30.602692498841567],[-70.10347378899996,-30.54477669299996],[-70.04615392499994,-30.57015179299998],[-70.10347426399994,-30.54477636499996],[-70.11346293014586,-30.602692498841567]],[[-70.15953736176304,-30.69628535053767],[-70.12073006799994,-30.644826465999984],[-70.1207300263655,-30.644826224608575],[-70.16196479899997,-30.68817728099998],[-70.15953736176304,-30.69628535053767]],[[-70.12319785487045,-30.71641809345704],[-70.14867560408766,-30.732546585707397],[-70.13116552299994,-30.723169188999975],[-70.12319785487045,-30.71641809345704]],[[-69.46541443699994,-30.77822292899998],[-69.42162290439869,-30.759526312764194],[-69.49546913360547,-30.775224939166257],[-69.46541443699994,-30.77822292899998]],[[-69.43363894799995,-30.668810319999977],[-69.43363882093412,-30.66881119957982],[-69.41812543883024,-30.654708567579355],[-69.43363894799995,-30.668810319999977]],[[-69.38792167212407,-30.524352339993666],[-69.38456514499995,-30.515598601999955],[-69.3845652406975,-30.5155983002843],[-69.38792167212407,-30.524352339993666]],[[-69.47684167518241,-30.27716799101139],[-69.47684174699998,-30.277167754999937],[-69.48350618867319,-30.27008482020973],[-69.47684167518241,-30.27716799101139]],[[-69.51074337299997,-30.218254155999944],[-69.47661820896901,-30.194605188734783],[-69.50989146610887,-30.229725620763496],[-69.51074337299997,-30.218254155999944]],[[-69.47210201721413,-30.113102134669305],[-69.46848963899998,-30.094150015999958],[-69.43936723754085,-30.079914642704683],[-69.46848991899998,-30.09414959399993],[-69.47210201721413,-30.113102134669305]],[[-69.45370614199999,-30.04968806499994],[-69.40149528999996,-30.039488036999956],[-69.38609461485328,-29.996288497059233],[-69.40149565899998,-30.039487098999928],[-69.45370614199999,-30.04968806499994]],[[-69.2698582594883,-29.885565715064864],[-69.26716332699993,-29.87829464699996],[-69.26716361838108,-29.878293644541152],[-69.2698582594883,-29.885565715064864]],[[-69.28572922199999,-29.81442095899996],[-69.28572886259757,-29.814422195471852],[-69.2856896141012,-29.81438736699496],[-69.28572922199999,-29.81442095899996]],[[-69.21477376199994,-29.592432345999953],[-69.21306980454891,-29.596495217030355],[-69.24082052860452,-29.57488659177735],[-69.21477376199994,-29.592432345999953]],[[-69.27639983490911,-29.590948928587675],[-69.26046208030654,-29.58375340349369],[-69.27639961299997,-29.59094810499994],[-69.27639983490911,-29.590948928587675]],[[-69.295383912757,-29.66140614808403],[-69.29345954250944,-29.6542638744416],[-69.29538395799995,-29.661406098999976],[-69.295383912757,-29.66140614808403]],[[-69.22748408299998,-29.762736725999957],[-69.27457299593783,-29.724612534306605],[-69.22945381655434,-29.764484635498377],[-69.22748408299998,-29.762736725999957]],[[-69.18112056299998,-29.750919391999957],[-69.19913216699996,-29.714093102999982],[-69.1991104081574,-29.71403820036191],[-69.19913240699998,-29.71409270299995],[-69.18112078999997,-29.750919650999947],[-69.1894621281895,-29.77116056057753],[-69.18112056299998,-29.750919391999957]],[[-69.11238065499998,-29.92089231999995],[-69.11522008599997,-29.856920273999947],[-69.14306412999997,-29.796368769999958],[-69.14306941012349,-29.79636606204216],[-69.11522138999999,-29.85691979799998],[-69.11238065499998,-29.92089231999995]],[[-68.97718975199996,-29.74610862199995],[-68.97719022706563,-29.746109097886578],[-68.96116970297578,-29.777495122828128],[-68.97718975199996,-29.74610862199995]],[[-69.00106542799995,-29.77002555699994],[-68.99950989865899,-29.797959821076336],[-69.00106533688772,-29.77002546573026],[-69.00106542799995,-29.77002555699994]],[[-69.03280517762825,-29.900123637851546],[-68.99770233599997,-29.830422117999944],[-68.99770235265622,-29.83042181886776],[-69.03280517762825,-29.900123637851546]],[[-69.0893875371533,-29.972632002507552],[-69.08765372699997,-29.97653346499993],[-69.0434642892663,-29.921288769988347],[-69.0893875371533,-29.972632002507552]],[[-69.0383623353238,-30.081019772736642],[-68.98419672199998,-30.012554226999953],[-68.98049797018828,-29.95823067474931],[-68.98419741399994,-30.01255443699995],[-69.02322706999996,-30.05441779299997],[-69.0383623353238,-30.081019772736642]],[[-68.95237488499998,-29.954985673999943],[-68.95237485495258,-29.954985525686862],[-68.95901055003917,-29.955751223921514],[-68.95237488499998,-29.954985673999943]],[[-68.93975870299994,-29.892712565999943],[-68.9510717276852,-29.856943188654018],[-68.93975919699994,-29.892713176999962],[-68.95217980884841,-29.954022783780463],[-68.93975870299994,-29.892712565999943]],[[-69.02240468599996,-30.11710405799994],[-68.98799530399998,-30.17600063499998],[-68.98068806299995,-30.27222167599996],[-69.00872179699996,-30.318817412999977],[-68.98068768199994,-30.272221892999937],[-68.98799493199994,-30.17599975899998],[-69.02240339699995,-30.11710302599994],[-69.04986508755835,-30.101237190489957],[-69.02240468599996,-30.11710405799994]],[[-69.05605143710484,-30.168191070421592],[-69.05948501199998,-30.160217085999932],[-69.06489563184503,-30.165138920127912],[-69.05605143710484,-30.168191070421592]],[[-69.34507205929583,-30.89825022985298],[-69.34507293199994,-30.898251372999937],[-69.35046718379121,-30.943391290188647],[-69.34507205929583,-30.89825022985298]],[[-69.33008135799997,-30.96591635699997],[-69.36411466975208,-31.140604970574323],[-69.33008068299995,-30.965914948999966],[-69.35080893411494,-30.946251108734153],[-69.33008135799997,-30.96591635699997]],[[-69.38587763799995,-31.149868064999964],[-69.37808873257549,-31.146552829431112],[-69.38587769588268,-31.149867801553246],[-69.38587763799995,-31.149868064999964]],[[-69.36857876999994,-31.048012123999968],[-69.37346275660539,-31.041635757684034],[-69.37299532636277,-31.057761695417696],[-69.36857876999994,-31.048012123999968]],[[-69.23644065899998,-29.353889464999952],[-69.33701515199994,-29.369359969999948],[-69.38548660299995,-29.352306365999937],[-69.37755587944618,-29.36968608720218],[-69.38548644199994,-29.35230648499993],[-69.33701574399998,-29.369361099999935],[-69.23644135399996,-29.353890577999948],[-69.21355266699999,-29.370727057999943],[-69.18459071399997,-29.44876021899995],[-69.21113521151477,-29.500636556121687],[-69.18458938599997,-29.448759078999956],[-69.21355247499997,-29.37072563199996],[-69.23644065899998,-29.353889464999952]],[[-69.74995214414304,-29.807952459759623],[-69.75826445599995,-29.750787361999983],[-69.7582533361812,-29.730957155007424],[-69.75826454199995,-29.75078773499996],[-69.74995214414304,-29.807952459759623]],[[-69.74368731899995,-29.851036663999935],[-69.7436873294124,-29.8510365923919],[-69.75244355725965,-29.88385264084206],[-69.74368731899995,-29.851036663999935]],[[-69.73630660989842,-29.948285865776278],[-69.7436995795019,-29.979806365547446],[-69.74369923599994,-29.97980705599997],[-69.73630660989842,-29.948285865776278]],[[-69.66066551310912,-29.7975237936242],[-69.67051590399996,-29.83250761299996],[-69.71497644597007,-29.904324329618625],[-69.67051456799999,-29.832507008999983],[-69.66066551310912,-29.7975237936242]],[[-69.70476913499994,-29.779767989999982],[-69.71303367699994,-29.70461273199993],[-69.70378412688876,-29.679156569288946],[-69.71303484199996,-29.704613223999957],[-69.70476993399996,-29.77976814599998],[-69.65875577399999,-29.790740521999965],[-69.70476913499994,-29.779767989999982]],[[-69.70306022783218,-29.6771642894538],[-69.74022293199994,-29.552818297999977],[-69.74033146321653,-29.552791410777814],[-69.70306022783218,-29.6771642894538]],[[-69.76844073486457,-29.59063222960532],[-69.77192969296432,-29.544963353102084],[-69.77204322899996,-29.54493522599995],[-69.76844073486457,-29.59063222960532]],[[-69.81455987397447,-29.58509139191185],[-69.76843652299993,-29.590687360999937],[-69.81455993699996,-29.58509063699995],[-69.81455987397447,-29.58509139191185]],[[-68.91216556099994,-30.441569148999974],[-68.91355000405807,-30.435017681821883],[-68.92192605708199,-30.48881651997564],[-68.91216556099994,-30.441569148999974]],[[-68.9373088570618,-30.322585939158717],[-68.94925056999995,-30.338957569999934],[-68.94925056963974,-30.338957602365902],[-68.9373088570618,-30.322585939158717]],[[-68.98055020739751,-30.735196435951295],[-68.97674339283465,-30.710833371463696],[-68.98055024299998,-30.73519536499998],[-68.98055020739751,-30.735196435951295]],[[-68.94131362277858,-30.903307551232743],[-68.94151122899996,-30.901822938999942],[-68.97447860214135,-30.91766193465775],[-68.94131362277858,-30.903307551232743]],[[-68.93567386599995,-30.94567907399994],[-68.96197368878444,-30.99298513403411],[-68.9356740338946,-30.945677688097746],[-68.93567386599995,-30.94567907399994]],[[-68.97043864868172,-31.044071249800737],[-69.01876799399997,-31.15965542999993],[-69.01876751999917,-31.1596561712425],[-68.97314247899993,-31.063266898999984],[-68.97043864868172,-31.044071249800737]],[[-68.91658682999997,-31.065519991999963],[-68.92970783694113,-31.037093795083766],[-68.91658753240323,-31.065520467636972],[-68.91658682999997,-31.065519991999963]],[[-68.91872093399996,-30.963612873999978],[-68.90318162312171,-30.93552996611518],[-68.92748648704179,-31.022235776719953],[-68.91872093399996,-30.963612873999978]],[[-68.84397921610055,-30.929016485583094],[-68.82030948414435,-30.914636842726875],[-68.82030946599997,-30.914636642999938],[-68.84397921610055,-30.929016485583094]],[[-68.80216713899995,-31.13639629599993],[-68.80216713485693,-31.136396274457823],[-68.8028518703421,-31.13611079026126],[-68.80216713899995,-31.13639629599993]],[[-68.77479530499994,-30.994073258999947],[-68.77559879685589,-30.954424866268955],[-68.79935651363367,-31.121782122247527],[-68.77479530499994,-30.994073258999947]],[[-68.79269471199996,-30.84891045699993],[-68.91178601299998,-30.64012206999996],[-68.96910530699995,-30.66195332899997],[-68.91178634199997,-30.640122233999932],[-68.79269471199996,-30.84891045699993]],[[-69.05300710169928,-30.65751041297347],[-69.05706354706747,-30.718569960645773],[-69.04694862399998,-30.694604898999955],[-69.05300710169928,-30.65751041297347]],[[-69.09758663799994,-30.932980165999936],[-69.09758653668545,-30.932980388569987],[-69.09490785040109,-30.920542539483325],[-69.09758663799994,-30.932980165999936]],[[-69.08066106099994,-30.970162672999948],[-69.07865061063896,-30.96498223384962],[-69.0817529272113,-30.967764035538625],[-69.08066106099994,-30.970162672999948]],[[-69.06909344805815,-30.940355762010125],[-69.05983247699999,-30.87143561499994],[-69.01243571326255,-30.702415365907637],[-69.05983328999997,-30.87143689399994],[-69.06909344805815,-30.940355762010125]],[[-68.99868177399998,-30.67714504999998],[-69.03287791299994,-30.64773790399994],[-69.04140625603318,-30.651878324663013],[-69.02599076899997,-30.657087570999977],[-68.99868177399998,-30.67714504999998]],[[-68.65892342599994,-32.27287779799997],[-68.63409331899999,-32.17438553299996],[-68.66303917499994,-32.180451681999955],[-68.67725804999998,-32.24265484499995],[-68.65892342599994,-32.27287779799997]],[[-68.45901185999998,-31.148248145999958],[-68.49936989599996,-31.00422505699993],[-68.54077837499995,-31.068323176999968],[-68.56238405199997,-31.308016358999964],[-68.59990801899994,-31.397759855999936],[-68.57222218399994,-31.40079255699993],[-68.47389733499995,-31.295833640999945],[-68.45901185999998,-31.148248145999958]],[[-68.17165824999995,-31.69371541099997],[-68.10297208799994,-31.73774041699994],[-68.00449208699996,-31.72342790199997],[-67.95560062199996,-31.69848409399998],[-67.90951201699994,-31.699701783999956],[-67.86572102299994,-31.65057657999995],[-67.89310742499998,-31.590507634999938],[-67.89189241799994,-31.494369461999952],[-67.81520956899993,-31.36744108199997],[-67.76988688099993,-31.20951499499995],[-67.82484005599997,-31.096600253999952],[-67.85550153899999,-31.067578822999963],[-68.06904403299995,-31.098638405999964],[-68.12454847499998,-31.186206355999957],[-68.11802536199997,-31.24922616799995],[-68.13492647199996,-31.28595841599997],[-68.17545128099994,-31.322314888999983],[-68.19426027799994,-31.406318530999954],[-68.30396216399998,-31.543124785999964],[-68.30714577999998,-31.57577904699997],[-68.27333194899995,-31.616522765999946],[-68.20805717499996,-31.634590849999938],[-68.17165824999995,-31.69371541099997]],[[-68.07564100099995,-31.79033464099996],[-68.08723250299994,-31.79242560399996],[-68.08038720099995,-31.79655857199998],[-68.07564100099995,-31.79033464099996]],[[-67.37579548099995,-31.674845467999944],[-67.39208550199999,-31.668446010999958],[-67.38644525399997,-31.684223061999944],[-67.37579548099995,-31.674845467999944]],[[-67.81140100299996,-31.664778187999957],[-67.82008972399996,-31.66457890299995],[-67.82608278599997,-31.67310542399997],[-67.81140100299996,-31.664778187999957]]],[[[-67.89173516199997,-30.10159871899998],[-67.87758116799995,-30.081936536999933],[-67.82667261799998,-30.125008281999953],[-67.85325186599994,-30.162550736999947],[-67.89173516199997,-30.10159871899998]]]]}},{"type":"Feature","properties":{"PROV":"Santa Cruz"},"geometry":{"type":"MultiPolygon","coordinates":[[[[-71.91860771199998,-51.99929428099995],[-72.02437019299998,-51.95536041299994],[-71.94116592399996,-51.913394927999946],[-71.94342422499994,-51.87449073799996],[-72.15757560699996,-51.724172591999945],[-72.29539871199995,-51.69650077799997],[-72.27865018699998,-51.63940888999997],[-72.21993528299998,-51.642106129999945],[-72.14194568818291,-51.67673344954675],[-72.21993446399995,-51.64210510299995],[-72.31547546399997,-51.62405776999998],[-72.33501815799997,-51.582750319999946],[-72.43739891099995,-51.58421516399994],[-72.40086936999995,-51.511638640999934],[-72.34123802199997,-51.51865768399995],[-72.34967613199996,-51.49213981599996],[-72.32018470799994,-51.474195479999935],[-72.33288764999998,-51.420274733999975],[-72.30428084299996,-51.37618220799993],[-72.26384009461046,-51.39341829399029],[-72.31421852099999,-51.35114479099997],[-72.36544418299997,-51.34116744999994],[-72.35885238599997,-51.320823668999935],[-72.30357170099995,-51.30590057399996],[-72.25928878799994,-51.272010802999944],[-72.25458145099998,-51.24269676199998],[-72.30039596599994,-51.200122832999966],[-72.34349441499995,-51.20274734499998],[-72.40485763499998,-51.10655784599993],[-72.37228393599997,-51.07822227499997],[-72.37047386199998,-51.023319243999936],[-72.26165580699995,-51.03337669399997],[-72.26666482599995,-50.94211079599995],[-72.25056457499994,-50.90115356399997],[-72.26407623299997,-50.83834266699995],[-72.35368728599997,-50.756259917999955],[-72.29064750699996,-50.66024970999996],[-72.34256172199997,-50.651126861999956],[-72.36401367199994,-50.61791419999997],[-72.41044807399999,-50.637414931999956],[-72.42900657699994,-50.618513106999956],[-72.49546623199996,-50.60183143599994],[-72.57957839999995,-50.647727965999934],[-72.57917976399995,-50.67997360199996],[-72.64543724099997,-50.655223845999956],[-72.67202186599997,-50.66108703599997],[-72.73165130599995,-50.61644744899996],[-72.89288330099998,-50.67021369899993],[-72.94517707799997,-50.70820236199995],[-72.95527458199996,-50.74133682299998],[-73.03442474799994,-50.759935379999945],[-73.07067680399996,-50.789001464999956],[-73.09350395199993,-50.77349853499993],[-73.20989799499995,-50.82202148399995],[-73.26751518199995,-50.82397460899995],[-73.28442192099999,-50.786499022999976],[-73.25610160799994,-50.75170898399995],[-73.28539848299994,-50.741027831999986],[-73.16930961599996,-50.68572997999996],[-73.23632621799999,-50.666503905999946],[-73.28869438199996,-50.58599853499993],[-73.38641166699995,-50.516418456999986],[-73.36309623699998,-50.489501952999944],[-73.43279838599994,-50.48107910199997],[-73.40789604199995,-50.46771240199996],[-73.45709037799998,-50.39178466799996],[-73.48669242899996,-50.380798339999956],[-73.46990776099994,-50.34448242199994],[-73.51440238999999,-50.29107665999993],[-73.56542777999994,-50.27069091799996],[-73.55352592499997,-50.18139648399995],[-73.52221488999999,-50.157775878999985],[-73.53491020199993,-50.111999511999954],[-73.48950004599999,-50.081604003999985],[-73.48321342499997,-50.05169677699996],[-73.56658744799995,-50.020385741999974],[-73.51080131499998,-49.96069335899995],[-73.54742240899998,-49.946105956999986],[-73.48998832699993,-49.85058593799994],[-73.49651908899995,-49.814392089999956],[-73.44531059299999,-49.79388427699996],[-73.46618461599996,-49.77368164099994],[-73.43877983099998,-49.75781249999994],[-73.50451469399997,-49.70941162099996],[-73.50610160799994,-49.66619872999996],[-73.46099662799998,-49.62451171899994],[-73.49218559299999,-49.57922363299997],[-73.53600883499996,-49.564025878999985],[-73.53960990899998,-49.49822997999996],[-73.48779106099994,-49.500488280999946],[-73.46380424499995,-49.48248290999993],[-73.48950004599999,-49.43432617199994],[-73.45739555399996,-49.39880371099997],[-73.42761039699997,-49.39361572299998],[-73.42748832699993,-49.34100341799996],[-73.41058158899995,-49.31939697299998],[-73.49670219399997,-49.26831054699994],[-73.47070121799999,-49.201110839999956],[-73.14367484999997,-49.27099609399994],[-73.04559135399995,-49.27368164099994],[-73.08030700699999,-49.25058746299993],[-73.12834739699997,-49.26337623599994],[-73.14200973499999,-49.24374580399996],[-73.13779640199994,-49.17636108399995],[-73.05819511399994,-49.12316131599994],[-73.04182434099994,-49.07773780799994],[-73.00133895899995,-49.06012916599997],[-73.00988006599994,-49.03302764899996],[-72.97726058999996,-49.02610778799993],[-72.98956108099998,-48.99778556799998],[-72.91614532499995,-48.93261337299998],[-72.85955429099994,-48.943401336999955],[-72.84716224699997,-48.96214485199994],[-72.79498290999999,-48.964782714999956],[-72.73483276399998,-48.903293609999935],[-72.69236755399999,-48.89386558499996],[-72.68890380899995,-48.86431884799998],[-72.60621243599996,-48.92605945299994],[-72.57633276999996,-48.896991329999935],[-72.54034751299997,-48.92851474299994],[-72.59923399299998,-48.94013546599996],[-72.53053362099996,-49.00215330299994],[-72.56910220799995,-49.033073670999954],[-72.56205368399998,-49.072424696999974],[-72.51231897999997,-49.08656980799998],[-72.52988764399998,-49.04269949899998],[-72.48674925699999,-48.98398146899996],[-72.42754469399995,-48.97867398599993],[-72.44077079699997,-48.99944025599996],[-72.43222089899996,-49.062029378999966],[-72.46715315999995,-49.091713066999944],[-72.47357280999995,-49.139078594999944],[-72.27702328899994,-49.184140387999946],[-72.22123596299997,-49.17769282399996],[-72.18720264399997,-49.14591002699996],[-72.29131976899998,-49.09843292199997],[-72.33254768999996,-49.10632148999997],[-72.31305946799995,-49.06400065199995],[-72.40888279699993,-49.098338127999966],[-72.33950564699995,-48.97499327699995],[-72.30518417899998,-48.94785422099994],[-72.27416072399996,-48.96223426199998],[-72.25747724999997,-49.012547136999956],[-72.23253989399996,-49.01438705399994],[-72.24619044199994,-48.945424334999984],[-72.33254882799997,-48.922012853999945],[-72.34565930899998,-48.93825577299998],[-72.38186113599994,-48.91617986199998],[-72.41764130999996,-48.93069615199994],[-72.52327352399993,-48.87466609299997],[-72.61296016199998,-48.848219847999985],[-72.53201293899997,-48.800720214999956],[-72.54080772399993,-48.633657454999934],[-72.58404731799999,-48.488149642999986],[-72.53497695899995,-48.48361778299994],[-72.50246429399994,-48.51729774499995],[-72.46274670399998,-48.51652358499996],[-72.39256668099995,-48.483684539999956],[-72.37354659999994,-48.449539184999935],[-72.40559196499999,-48.416959762999966],[-72.34592195299996,-48.38767392899996],[-72.38034248399998,-48.351667403999954],[-72.27710533099997,-48.36332702599998],[-72.22623825099998,-48.32338523899995],[-72.31561469999997,-48.235406875999956],[-72.29857063299994,-48.159458159999986],[-72.36112022399993,-48.074308394999946],[-72.44303703299994,-48.06547355699996],[-72.41858863799996,-48.00219726599994],[-72.42667770399999,-47.96645164499995],[-72.49783515899998,-47.961545943999965],[-72.52718353299997,-47.93872642499997],[-72.51289645999998,-47.89887629599997],[-72.47741317699996,-47.87183570899998],[-72.47374682299994,-47.834943548999945],[-72.50376892099996,-47.76345634499995],[-72.43427467299995,-47.73445510899995],[-72.44896507299995,-47.70583915699996],[-72.41655158999998,-47.69567871099997],[-72.41954994199995,-47.66276740999996],[-72.35838890099996,-47.64064788799993],[-72.30958557099996,-47.590444564999984],[-72.32607650799997,-47.57275581399995],[-72.28999900799994,-47.513059615999964],[-72.34163284299996,-47.45852851899997],[-72.29236411999995,-47.446901320999984],[-72.23083496099997,-47.40452766399994],[-72.19665718099998,-47.417985915999964],[-72.16091155999999,-47.396400451999966],[-72.12689971899994,-47.32970809899996],[-72.05278015099998,-47.34303283699995],[-72.00243316899997,-47.301598781999985],[-71.95188659099995,-47.370270105999964],[-71.95459411499996,-47.39865194199996],[-71.90126103199998,-47.412209505999954],[-71.90137576399997,-47.45809872499996],[-71.85152768699999,-47.46457322699996],[-71.81274448499994,-47.44452364699998],[-71.86787034499997,-47.39621034199996],[-71.94762792699998,-47.27099830299994],[-72.00259308699998,-47.23288528899997],[-72.01849365199996,-47.19958496099997],[-71.86709594699994,-47.234901427999944],[-71.88796566899998,-47.19745791999998],[-71.84964179999997,-47.16391181899996],[-71.87995529199998,-47.10811424299993],[-71.94957923899995,-47.08776092499994],[-71.87998771699995,-47.01244163499996],[-71.95400810199999,-46.97732925399998],[-71.97019958499999,-46.905807494999976],[-71.93035697899995,-46.86889839199995],[-71.95530891399994,-46.81546401999998],[-71.91440010099996,-46.79820823699998],[-71.83331870999996,-46.797142028999986],[-71.64999728599997,-46.688685857999985],[-71.64596939099994,-46.63447761499998],[-71.66129302999997,-46.620586394999975],[-71.67030202199999,-46.531409923999945],[-71.62953726599994,-46.526312288999975],[-71.45267506399995,-46.608920265999984],[-71.33895349099998,-46.60090625199996],[-71.27467984999998,-46.623813876999975],[-71.21475589299996,-46.61521081899997],[-71.14497005399994,-46.537120896999966],[-71.25972905099997,-46.48078856899997],[-71.27148295999996,-46.459056154999985],[-71.25128362599997,-46.44053815999996],[-71.26556022799997,-46.42836958099997],[-71.40144548999996,-46.43023887299995],[-71.50346883199995,-46.37835151499996],[-71.65360309499994,-46.35554115899998],[-71.63376330699998,-46.33527463599995],[-71.51466254499996,-46.29187096399994],[-71.64868774399997,-46.31421421099998],[-71.67555800599996,-46.296236084999975],[-71.72627651999994,-46.304787741999974],[-71.72415733299994,-46.27300453199996],[-71.75674438499993,-46.22181510899998],[-71.79648590099998,-46.19018554699994],[-71.85934638999998,-46.19483184799998],[-71.87456321699995,-46.16175651599997],[-71.91478729199997,-46.140117644999975],[-71.81743812599996,-46.11011695899998],[-71.78540801999998,-46.122060775999955],[-71.66660118099998,-46.04021072399996],[-71.64403533899997,-45.998662948999936],[-67.59586640399993,-45.99968586199998],[-67.60131835899995,-46.04272460899995],[-67.62280273399995,-46.049316405999946],[-67.62100784599994,-46.20133944999998],[-67.55792236299999,-46.366027831999986],[-67.44311523399995,-46.54650878899997],[-67.38250732399996,-46.604309081999986],[-67.13531494099993,-46.707824706999986],[-67.03222656299994,-46.813293456999986],[-66.95617675799997,-46.852905272999976],[-66.79241943399995,-46.99981689499998],[-66.62988281299994,-47.04608154299996],[-66.51062011699997,-47.04052734399994],[-66.19702148399995,-47.08807372999996],[-65.94512939499998,-47.07690429699994],[-65.85430908199999,-47.10888671899994],[-65.83477783199999,-47.145202636999954],[-65.74450683599997,-47.20208740199996],[-65.75677490199996,-47.21539306599993],[-65.71801757799994,-47.32788085899995],[-65.74078369099993,-47.513610839999956],[-65.85778808599997,-47.750793456999986],[-66.03442382799994,-47.744079589999956],[-66.08507144099997,-47.785252405999984],[-66.19500732399996,-47.82000732399996],[-66.25984352999996,-47.85793803499996],[-65.95178222699997,-47.75897216799996],[-65.88659667999997,-47.77990722699997],[-65.84368896499996,-47.89489746099997],[-65.76361083999996,-47.91387939499998],[-65.79248046899994,-47.93908691399997],[-65.76519775399998,-47.94927978499993],[-65.84197997999996,-47.960510253999985],[-65.84112548799993,-47.94091796899994],[-65.90429687499994,-47.93182372999996],[-65.95178222699997,-47.97558593799994],[-65.92529296899994,-47.99011230499997],[-65.94080227899997,-48.03013952899994],[-65.96728515599995,-48.04852294899996],[-65.89440917999997,-48.090698241999974],[-65.92327880899995,-48.11511230499997],[-66.04498290999999,-48.10479736299993],[-66.11709928123759,-48.1233014703764],[-66.15948486299993,-48.19091796899994],[-66.22607421899994,-48.20019531299994],[-66.33892822299998,-48.27929687499994],[-66.35937499999994,-48.31109619099993],[-66.34259033199999,-48.369079589999956],[-66.42907714799998,-48.34948730499997],[-66.47619628899997,-48.36810302699996],[-66.49560546899994,-48.41821289099994],[-66.61627197299998,-48.42749023399995],[-66.75579833999996,-48.476501464999956],[-66.83068847699997,-48.52368164099994],[-66.87689208999996,-48.59539794899996],[-66.99728133899998,-48.61687583099996],[-67.05412158478791,-48.606884504324654],[-66.99745884399994,-48.61696608799997],[-67.14068603499999,-48.69757080099998],[-67.15112304699994,-48.74902343799994],[-67.18627929699994,-48.77362060499996],[-67.19262695299994,-48.81420898399995],[-67.24578857399996,-48.85498046899994],[-67.32891845699999,-48.87408447299998],[-67.49029540999999,-48.96130371099997],[-67.57867431599993,-49.04748535199997],[-67.63690185499996,-49.15069580099998],[-67.61389160199997,-49.18518066399997],[-67.66832160899997,-49.206682204999936],[-67.66760253899997,-49.24591064499998],[-67.73558069799998,-49.28985995499994],[-67.73327636699997,-49.31201171899994],[-67.78192138699995,-49.32037353499993],[-67.80468749999994,-49.34277343799994],[-67.78717040999999,-49.37451171899994],[-67.83752441399997,-49.38677978499993],[-67.81375348399996,-49.40161305899994],[-67.72857665999999,-49.39031982399996],[-67.68310546899994,-49.34179687499994],[-67.69909667999997,-49.30889892599998],[-67.67272949199997,-49.29852294899996],[-67.66809081999997,-49.25518798799993],[-67.61279296899994,-49.25018310499996],[-67.60449218799994,-49.295593261999954],[-67.68298339799998,-49.463378905999946],[-67.72119140599995,-49.63580322299998],[-67.73437499999994,-49.785827636999954],[-67.85662841799996,-49.96429443399995],[-68.03778076199995,-50.06781005899995],[-68.14221191399997,-50.10522460899995],[-68.33538818399995,-50.12377929699994],[-68.41638183599997,-50.05902099599996],[-68.45568847699997,-49.992309569999975],[-68.52661132799994,-49.93658447299998],[-68.56325009399995,-49.86606016799993],[-68.64070308299995,-49.778634083999975],[-68.58629760899998,-49.892475041999944],[-68.57141113299997,-49.93682861299993],[-68.65911865199996,-49.96490478499993],[-68.81403541599997,-49.95873641999998],[-68.95597253330897,-49.98740380376813],[-68.85335567699997,-49.96917724599996],[-68.67291259799998,-49.99328613299997],[-68.58068847699997,-49.964416503999985],[-68.50927734399994,-50.01977539099994],[-68.50061035199997,-50.07818603499993],[-68.45172119099993,-50.110717772999976],[-68.36077880899995,-50.13537597699997],[-68.36981201199995,-50.16967773399995],[-68.76300048799999,-50.286376952999944],[-68.88012695299994,-50.33618164099994],[-68.97131347699997,-50.42169189499998],[-69.07897949199997,-50.565979003999985],[-69.14019775399998,-50.73358154299996],[-69.13378906299994,-50.89868164099994],[-69.23150634799998,-50.95880126999998],[-69.32122802699996,-50.988403319999975],[-69.38238525399998,-51.03680419899996],[-69.40792588999994,-51.08393468099996],[-69.46330642699996,-51.101165770999955],[-69.50410979938677,-51.13059726565131],[-69.46330658499994,-51.10116692099996],[-69.43981022799994,-51.11497514399997],[-69.50053598506973,-51.14467064143503],[-69.40546226499998,-51.10134696999995],[-69.29760742199994,-51.02221679699994],[-69.20788574199997,-50.98480224599996],[-69.15759277299998,-50.99047851599994],[-69.12799072299998,-51.13262939499998],[-68.94500732399996,-51.55242919899996],[-68.97772216799996,-51.58300781299994],[-69.01269531299994,-51.55841064499998],[-69.15460205099998,-51.60137939499998],[-69.28918456999997,-51.55877685499996],[-69.39050292999997,-51.55767822299998],[-69.54434776299996,-51.59598731999995],[-69.58082008399998,-51.62022590599997],[-69.32177734399994,-51.58709716799996],[-69.11230468799994,-51.64678955099998],[-69.00848388699995,-51.60528564499998],[-68.95581054699994,-51.627075194999975],[-68.69830322299998,-51.991577147999976],[-68.35070800799997,-52.323608397999976],[-68.41888809199997,-52.38638877899996],[-68.41896820099998,-52.332361220999985],[-68.57400703399998,-52.32486343399995],[-68.58617401099997,-52.30640983599994],[-68.83836555499994,-52.27731704699994],[-68.98688316299996,-52.20319557199997],[-69.19000053399998,-52.15006446799998],[-69.48591613799994,-52.151443480999944],[-69.99529647799994,-52.00040435799997],[-71.91860771199998,-51.99929428099995]],[[-69.45411560799994,-46.01275378199995],[-69.45176919399995,-46.007297619999974],[-69.45176397499995,-46.007285483999965],[-69.45411560799994,-46.01275378199995]],[[-71.07413228599995,-46.57496860699996],[-71.0741322855576,-46.574968607129314],[-71.07263024199995,-46.57337748699996],[-71.07413228599995,-46.57496860699996]],[[-69.30053930899999,-50.023293991999935],[-69.3539148524863,-50.02625102949116],[-69.26688842740379,-50.0162695920683],[-69.30053930899999,-50.023293991999935]],[[-69.72910173098893,-50.10736442248257],[-69.71567344699997,-50.07864952099993],[-69.71567359449429,-50.078649289517834],[-69.72910173098893,-50.10736442248257]],[[-69.85692629199997,-50.184513627999934],[-69.81087134599994,-50.19213510099996],[-69.71985988242807,-50.15982417187513],[-69.81087112399996,-50.192134856999985],[-69.85692629199997,-50.184513627999934]],[[-69.60390276899994,-50.06158542299994],[-69.55085649195266,-50.062544248106654],[-69.60390281699995,-50.06158447299998],[-69.67187562637233,-50.09107696930332],[-69.60390276899994,-50.06158542299994]],[[-69.47380901199995,-50.08919238899995],[-69.38862836099997,-50.09002396499994],[-69.24582867199996,-50.127674430999946],[-69.13160337090733,-50.11196138286989],[-69.24582862899996,-50.12767410299995],[-69.38862800599998,-50.09002304099994],[-69.47380828899998,-50.089191436999954],[-69.54444791428199,-50.062660199462606],[-69.47380901199995,-50.08919238899995]],[[-70.19829901199995,-50.28682264899993],[-70.17439669699996,-50.29422596399996],[-70.01450730599998,-50.27719433699997],[-69.94074249299996,-50.286815642999954],[-70.01450729399994,-50.27719306899996],[-70.19829901199995,-50.28682264899993]],[[-70.10217987943963,-50.335745163741386],[-69.97753906299994,-50.30779647799994],[-69.97584050970255,-50.30682798918506],[-70.10217987943963,-50.335745163741386]],[[-70.25289939822392,-50.38356204525687],[-70.22784805299995,-50.38387870799994],[-70.22231830967381,-50.38175928128067],[-70.25289939822392,-50.38356204525687]],[[-70.44872168599994,-50.377860958999975],[-70.46809958046975,-50.38084179692651],[-70.35180458036018,-50.382311829510016],[-70.44872168599994,-50.377860958999975]],[[-70.57595122799995,-50.39743226199994],[-70.597379181922,-50.410191897582],[-70.57594832194631,-50.39743181497124],[-70.57595122799995,-50.39743226199994]],[[-70.82445943899995,-50.58051690899998],[-70.83751738085687,-50.59447994309396],[-70.80761093147987,-50.56830114109007],[-70.82445943899995,-50.58051690899998]],[[-71.12329271399994,-50.79822194399998],[-71.08819346568912,-50.803763283278776],[-71.12329247338418,-50.79822165898774],[-71.12329271399994,-50.79822194399998]],[[-70.99149084899994,-50.772339674999955],[-70.73264499962191,-50.78161077091883],[-70.99149131799999,-50.772338866999974],[-71.0682835970645,-50.806502383476065],[-70.99149084899994,-50.772339674999955]],[[-70.73188660930154,-50.78765419405307],[-70.76547468499996,-50.87359843599995],[-70.64718830099997,-50.93605137099996],[-70.63677781399997,-50.98043948299994],[-70.49163112642071,-51.073668638918136],[-70.63677787799998,-50.98043823199998],[-70.64718818699998,-50.936050414999954],[-70.76547431899996,-50.873598098999935],[-70.72947120699996,-50.80690193199996],[-70.73188660930154,-50.78765419405307]],[[-70.4619926722537,-51.1500017356013],[-70.46199226399995,-51.15000152599998],[-70.47260812797708,-51.10325641794533],[-70.4619926722537,-51.1500017356013]],[[-70.48873334499996,-51.16373041999998],[-70.48873309340705,-51.16373051904049],[-70.47893500790845,-51.158700089895135],[-70.48873334499996,-51.16373041999998]],[[-70.39022121299996,-51.25286722799996],[-70.31223716199997,-51.29014887899996],[-70.39022064199997,-51.25286674499995],[-70.40470756451435,-51.19680762106264],[-70.39022121299996,-51.25286722799996]],[[-70.37646092699998,-51.040620058999934],[-70.35986587499997,-51.07207481699999],[-70.38081976463896,-51.08696571356462],[-70.35986518899995,-51.07207488999995],[-70.37646102899998,-51.040618895999955],[-70.41467943939335,-51.07619206636201],[-70.37646092699998,-51.040620058999934]],[[-70.39945349599998,-51.10020778799998],[-70.36005451599993,-51.12381787199996],[-70.27560963199994,-51.12296721699994],[-70.25123857399996,-51.15172224999998],[-70.27934649704768,-51.21823487942436],[-70.25123786899997,-51.15172195399998],[-70.27560996999995,-51.122966765999934],[-70.36005401599994,-51.12381744399994],[-70.39945349599998,-51.10020778799998]],[[-70.29223902499996,-51.29273543599999],[-70.26312783876848,-51.33822410734568],[-70.29223823499996,-51.29273414599999],[-70.28899050915764,-51.24958029281624],[-70.29223902499996,-51.29273543599999]],[[-69.84920758711274,-51.40710931163051],[-69.77396765899994,-51.299202047999984],[-69.73846899316042,-51.287212650013394],[-69.77396774299996,-51.29920196499995],[-69.84920758711274,-51.40710931163051]],[[-69.52690426558907,-51.14192538104566],[-69.59351921099994,-51.170881270999985],[-69.5935203393279,-51.1708821765576],[-69.52690426558907,-51.14192538104566]],[[-69.62215536299993,-51.22671927599998],[-69.67776003998095,-51.27073738226325],[-69.57837169904667,-51.19717959812699],[-69.62215536299993,-51.22671927599998]],[[-69.80452269704384,-51.42182392705435],[-69.80452156099994,-51.42182350199994],[-69.76346726168197,-51.35269514439118],[-69.80452269704384,-51.42182392705435]],[[-69.91206948657239,-51.46206287214361],[-69.91206932099993,-51.46206283599997],[-69.89059021430167,-51.45402636040575],[-69.91206948657239,-51.46206287214361]],[[-69.99250100799998,-51.47638305899994],[-70.01044468999999,-51.483537669999976],[-69.91207482314229,-51.46206403709],[-69.99250100799998,-51.47638305899994]],[[-71.63715461599998,-51.92365569599997],[-71.64450531216505,-51.93497970168458],[-71.63715362499994,-51.923654555999974],[-71.69595146199998,-51.83717346199995],[-71.76634406999995,-51.78337669399997],[-71.97740364099997,-51.695888518999936],[-72.04559516899997,-51.68355178799993],[-72.05924081007528,-51.68339831852217],[-71.97740403299997,-51.69588976599994],[-71.76634506799996,-51.78337775999995],[-71.69595127299993,-51.83717413599993],[-71.63715461599998,-51.92365569599997]],[[-71.5528147053651,-51.943774300728236],[-71.64869675812241,-51.94143677143445],[-71.64869723299995,-51.941437502999975],[-71.5528147053651,-51.943774300728236]],[[-71.47383689899993,-51.96955871599994],[-71.49564823024448,-51.95440858199702],[-71.47383810969933,-51.969558851160535],[-71.47383689899993,-51.96955871599994]],[[-71.10687359638362,-51.74716810919234],[-71.24937629699997,-51.67393684399997],[-71.28329025599999,-51.619432460999974],[-71.24937664399994,-51.673937612999964],[-71.10687359638362,-51.74716810919234]],[[-71.24432945299998,-51.762701034999964],[-71.15835288614454,-51.77305467289428],[-71.24935465388172,-51.76101007397442],[-71.24432945299998,-51.762701034999964]],[[-71.89062881499996,-51.641920089999985],[-71.89062868453479,-51.64192009711073],[-71.89500955290697,-51.64021909622024],[-71.89062881499996,-51.641920089999985]],[[-72.2493321520006,-51.46539897078484],[-72.24679183999996,-51.47800445599995],[-72.24538320422653,-51.48051591715062],[-72.24679180199996,-51.478004392999935],[-72.2493321520006,-51.46539897078484]],[[-71.56847001699998,-47.29690047099996],[-71.54120770799994,-47.33714459699996],[-71.48610469999994,-47.34281267999995],[-71.46904233799995,-47.31204723399998],[-71.52863867699995,-47.25874918399995],[-71.58183840899994,-47.23370431699993],[-71.61297108999997,-47.242882135999935],[-71.60000220899997,-47.28484561799996],[-71.56847001699998,-47.29690047099996]],[[-71.56504371399996,-48.52478711499998],[-71.57676958999997,-48.502607136999984],[-71.52939199499997,-48.50003274399995],[-71.54107305499997,-48.47066709899997],[-71.60019100099998,-48.482850172999974],[-71.63389390599997,-48.50754622399995],[-71.60535755499996,-48.54005189299994],[-71.56504371399996,-48.52478711499998]],[[-71.30174364399994,-48.82321105199998],[-71.32663444199994,-48.82616589099996],[-71.34428758599995,-48.87778787499997],[-71.38503373399993,-48.91849635899996],[-71.29287320599997,-48.97790116199997],[-71.27478781599996,-49.01288734399998],[-71.17082578299994,-49.032903730999976],[-71.08328497199994,-48.87507003899998],[-71.19070089699994,-48.81097869699994],[-71.19815542599997,-48.83693145099994],[-71.24911899899996,-48.860206491999975],[-71.30174364399994,-48.82321105199998]],[[-72.06244663099994,-49.19756841399993],[-72.06679506899997,-49.21573074099996],[-72.01117027699996,-49.22472179399995],[-72.00955371299995,-49.25120462799998],[-71.96471389199996,-49.26547464999993],[-71.95439354599995,-49.25184774999997],[-72.00130185399996,-49.19583958299995],[-72.06244663099994,-49.19756841399993]],[[-72.14519967599995,-49.62752881999995],[-72.31798023199997,-49.60770659399998],[-72.51023252899995,-49.556302147999986],[-72.54490254999996,-49.56286308399996],[-72.75637884499997,-49.47608387799994],[-72.79728500899995,-49.477936700999976],[-72.85346959499998,-49.45037113199999],[-72.84429539299998,-49.39360574199998],[-72.87733238799996,-49.38447754599997],[-72.88170342099994,-49.415730285999985],[-72.93896807899995,-49.47778009199993],[-73.00731134199998,-49.50528775999993],[-72.96314787199998,-49.56284605399998],[-72.91361620199996,-49.589973388999965],[-72.88903827199994,-49.637288963999936],[-73.01387459199998,-49.65674417399998],[-73.01795172999994,-49.69510615299998],[-72.84708915499994,-49.64618871699997],[-72.74131358099999,-49.67285892999996],[-72.76250870499996,-49.61809880799996],[-72.71944144999998,-49.609203701999945],[-72.66092117499994,-49.64439488399995],[-72.53052997999998,-49.64620148199998],[-72.54555246999996,-49.66078355899998],[-72.19598965399996,-49.78436391099996],[-72.06360094299998,-49.771109293999984],[-72.03914564299998,-49.74296890099998],[-72.04997908199994,-49.69273858799994],[-72.14519967599995,-49.62752881999995]],[[-72.01007765699995,-50.15809415899997],[-72.04224947599994,-50.17090076599993],[-72.11462743399994,-50.13323348499995],[-72.12003600999998,-50.111737097999935],[-72.19911976099996,-50.14700868999995],[-72.57379453399994,-50.16014180999997],[-72.56337831899998,-50.175999666999985],[-72.71837394099998,-50.19908166199997],[-72.78418839499994,-50.18613654699993],[-72.82774491599997,-50.22788779599995],[-72.90642812199997,-50.20492024199996],[-72.96149772499996,-50.20954095199994],[-73.01524379099999,-50.19095221199996],[-73.04424392399994,-50.16160414999996],[-73.06162049199997,-50.086199283999974],[-73.08924912599997,-50.07055778899996],[-73.10355497299997,-50.09949969999997],[-73.12786479399995,-50.07854607799993],[-73.13982745199996,-50.016192313999966],[-73.11602104799994,-49.978882459999966],[-73.15262723599994,-49.977313813999956],[-73.16041596199995,-50.004637430999935],[-73.22687407799998,-49.98023092999995],[-73.23450255599994,-49.99178762399998],[-73.16329411199996,-50.06009687799997],[-73.17655169999995,-50.09138822099993],[-73.23343045199994,-50.037097452999944],[-73.24190435299994,-50.00618364799993],[-73.28394017299996,-50.00437493499993],[-73.26786085299995,-50.06290209599996],[-73.29423622999997,-50.09696656299997],[-73.26901706299998,-50.10925262799998],[-73.24104295999996,-50.08093017999994],[-73.21687310399994,-50.10340626899995],[-73.24879948099993,-50.12938775599997],[-73.27816707399995,-50.20214960299995],[-73.32688326999994,-50.24889466399998],[-73.23995258399998,-50.210375115999966],[-73.23993549799997,-50.18021299399993],[-73.20927766599993,-50.186989058999984],[-73.19753823299999,-50.11369710799994],[-73.15584043299998,-50.11435157699998],[-73.07436613899995,-50.213663561999965],[-73.00271650999997,-50.23874686199997],[-72.94871454999998,-50.23402619799998],[-72.83386615999996,-50.260746627999936],[-72.86648228099995,-50.30118228499998],[-72.94555400399997,-50.308274798999946],[-72.99786927899999,-50.33368481599996],[-73.24473186799997,-50.27468658999993],[-73.31077911599994,-50.386329445999934],[-73.24044360599999,-50.334839590999934],[-73.23229324099998,-50.299529563999954],[-73.08074540399997,-50.356258982999975],[-73.05351555299995,-50.467381408999984],[-73.06702569899994,-50.48163396799998],[-72.91055281199993,-50.50947330099996],[-72.96559150899998,-50.63492565299998],[-72.95636915099993,-50.672224634999964],[-72.93254212999994,-50.61630511699997],[-72.87358404199995,-50.55421022999997],[-72.87663649899997,-50.52066419899995],[-72.77001170299997,-50.482790455999975],[-72.73441826799996,-50.44051938599995],[-72.87937939499994,-50.49100131899996],[-73.02850409499996,-50.47453573399997],[-73.02895015899998,-50.35181449999993],[-72.97130297299998,-50.35504325199997],[-72.93175075799996,-50.32098962799995],[-72.81102742899998,-50.32347912399996],[-72.75512748299997,-50.29588748899994],[-72.76248115299995,-50.27067875599994],[-72.59738892599995,-50.26953628199993],[-72.61100373299996,-50.298370284999976],[-72.51243650099997,-50.33050135199994],[-72.40594537599998,-50.30122800399994],[-72.29205876399993,-50.28834607599998],[-72.26334874699995,-50.31163082799998],[-72.20456223499997,-50.28575743699997],[-72.03880193099997,-50.27041493899998],[-71.96698767999999,-50.21989284699998],[-71.97855521199995,-50.17753044699998],[-72.01007765699995,-50.15809415899997]],[[-72.77977869799997,-50.50501120699994],[-72.83155684299999,-50.52566058799994],[-72.78274008599993,-50.524515529999974],[-72.77977869799997,-50.50501120699994]],[[-72.27247489199993,-48.093588358999966],[-72.25611920299997,-48.07631806399996],[-72.33858785199999,-47.94870608699995],[-72.32095500599996,-47.90542146499996],[-72.39478085799993,-47.94601116899997],[-72.46654708299997,-47.926585140999975],[-72.34264071899997,-47.98961720899996],[-72.29277744899997,-48.039884436999955],[-72.27247489199993,-48.093588358999966]],[[-72.18012489899996,-47.966446202999975],[-72.13893613299996,-47.94906680899993],[-72.25036457199997,-47.928232278999985],[-72.26735848499999,-47.94599649099996],[-72.18012489899996,-47.966446202999975]],[[-72.22822925099996,-47.785457178999934],[-72.36521327199995,-47.79792415199995],[-72.43680957099997,-47.82255846199996],[-72.25677887099994,-47.800606724999966],[-72.22822925099996,-47.785457178999934]],[[-72.16408603799994,-47.79530932899996],[-72.29876357099994,-47.84173233299998],[-72.21467466199994,-47.83223184499997],[-72.18981223699996,-47.87816465999998],[-72.11158534099997,-47.904146140999956],[-72.07229079699994,-47.88592195599995],[-72.07140296799997,-47.859756337999954],[-72.12909710299994,-47.82977707099997],[-72.12502103999998,-47.801118745999986],[-72.16408603799994,-47.79530932899996]],[[-71.80938763499995,-47.45147397499994],[-71.86077015899997,-47.48479130399994],[-71.87552198999998,-47.534319488999984],[-71.80177251299995,-47.53459029399994],[-71.77500555899996,-47.51227246999997],[-71.80938763499995,-47.45147397499994]],[[-71.55637634499993,-47.48743918399998],[-71.60357035699997,-47.47267650899994],[-71.67327795799997,-47.472379230999934],[-71.58259241799993,-47.533275998999954],[-71.55637634499993,-47.48743918399998]],[[-70.75886535699993,-51.49369430399997],[-70.7459231042695,-51.49170998430335],[-70.74592314699998,-51.491709594999975],[-70.75886535699993,-51.49369430399997]],[[-70.74011034899996,-51.54466807499995],[-70.74017032412794,-51.54412166144565],[-70.73669087599244,-51.546605243436304],[-70.74011034899996,-51.54466807499995]],[[-71.19983200599995,-48.375723490999974],[-71.27866586499994,-48.397200416999965],[-71.30824274999998,-48.420576117999985],[-71.20256779799996,-48.47637625699997],[-71.12412456399994,-48.48152486699996],[-71.09998302299994,-48.46745853599998],[-71.11962091599997,-48.44039919699998],[-71.09697162299994,-48.414333418999945],[-71.10992619199999,-48.368530429999964],[-71.16027685299997,-48.383781788999954],[-71.19983200599995,-48.375723490999974]],[[-71.53547414399998,-48.38356225899997],[-71.60783690199997,-48.40238961499995],[-71.62825404099993,-48.420654215999946],[-71.56427198899996,-48.427991529999986],[-71.53078211199994,-48.45500075999996],[-71.47973833999998,-48.434957261999955],[-71.48002338899994,-48.40734124299996],[-71.51132737799998,-48.43162879799996],[-71.53547414399998,-48.38356225899997]],[[-67.17491743751025,-48.681286477866486],[-67.14846420299995,-48.657623290999936],[-67.14141257016516,-48.65379602460872],[-67.14846527499998,-48.65762377899995],[-67.17491743751025,-48.681286477866486]],[[-67.2954699125023,-48.771461366751254],[-67.30750223687915,-48.75510285153334],[-67.30750400099998,-48.75510352699996],[-67.2954699125023,-48.771461366751254]],[[-67.25039960318165,-48.80217975739732],[-67.24411964399997,-48.775688170999956],[-67.2674857462471,-48.774738183986564],[-67.24412079299998,-48.77568841899995],[-67.25039960318165,-48.80217975739732]],[[-68.04572341195892,-49.070186410512],[-68.05441573861918,-49.061520537588834],[-68.05441640799995,-49.06152084499996],[-68.04572341195892,-49.070186410512]],[[-67.81820721099996,-49.03283093999994],[-67.85638675630138,-49.056466834890564],[-67.81820678699995,-49.032831191999946],[-67.82733154299996,-48.996030806999954],[-67.96548423851083,-49.048468735181984],[-67.82733169999995,-48.996031234999975],[-67.81820721099996,-49.03283093999994]],[[-68.10031483296768,-49.128196044071565],[-68.04636622357637,-49.111896661706155],[-68.04636679099997,-49.111896661999936],[-68.10031483296768,-49.128196044071565]],[[-68.24818275502915,-49.16211953963364],[-68.2446711121213,-49.15773422185718],[-68.24467135599997,-49.157734232999985],[-68.24818275502915,-49.16211953963364]],[[-68.36940804199998,-49.21262264799998],[-68.35822868299994,-49.249219893999964],[-68.36940741282609,-49.21262247856561],[-68.36940804199998,-49.21262264799998]],[[-70.02218152699999,-49.04313942899995],[-70.01296513999995,-49.05936635799998],[-70.13474569899995,-48.99283381399994],[-70.02218152699999,-49.04313942899995]],[[-69.76489950699994,-49.077488295999956],[-69.71679183899994,-49.10988745699996],[-69.76489829999997,-49.07748794599996],[-69.80278656499996,-49.07543255799993],[-69.76489950699994,-49.077488295999956]],[[-69.59679412799994,-49.212804793999965],[-69.65491747799996,-49.21599660499993],[-69.59562076399999,-49.21277241699994],[-69.59679412799994,-49.212804793999965]],[[-68.48307043299997,-49.61478604699994],[-68.37901965499998,-49.65612293799995],[-68.32694183599995,-49.66215651599998],[-68.37901878399998,-49.65612220799994],[-68.48307043299997,-49.61478604699994]],[[-68.75249601726775,-49.84983832519019],[-68.84921559599996,-49.89729499599997],[-68.8492175915985,-49.89729550849339],[-68.84921455399996,-49.89729499799995],[-68.75249601726775,-49.84983832519019]],[[-68.74881553599994,-49.87922477699993],[-68.67544812599994,-49.86352653599994],[-68.67544811799762,-49.86352553094313],[-68.74881553599994,-49.87922477699993]],[[-68.7490082338078,-49.87991921417462],[-68.75560760499997,-49.903701781999985],[-68.75560706009465,-49.90370171629923],[-68.7490082338078,-49.87991921417462]],[[-68.64031539435888,-49.890617372155475],[-68.58642989868538,-49.892469917180684],[-68.63877213099994,-49.89044221199998],[-68.64031539435888,-49.890617372155475]],[[-68.89099173099999,-49.908023603999936],[-69.05236138552316,-49.99362475000049],[-68.88493508515874,-49.90646818536139],[-68.89099173099999,-49.908023603999936]]],[[[-72.51748576199998,-48.98661279799995],[-72.54319507199995,-48.95783862299999],[-72.51498793299999,-48.95030207999997],[-72.51748576199998,-48.98661279799995]]],[[[-72.13924809299994,-47.82195707999995],[-72.16997350899999,-47.844410332999985],[-72.19140306599996,-47.81282033399998],[-72.13924809299994,-47.82195707999995]]]]}},{"type":"Feature","properties":{"PROV":"Salta"},"geometry":{"type":"MultiPolygon","coordinates":[[[[-68.10312496199998,-25.158828867999944],[-68.10017748999996,-25.093692089999934],[-68.12476608699995,-25.01815419999997],[-68.16110399699994,-25.00268335499993],[-68.18493128799997,-25.069864526999936],[-68.12693012299997,-25.169349659999966],[-68.12172733599994,-25.208824513999957],[-68.50102037499994,-25.165652896999973],[-68.45909309399997,-25.12816238399995],[-68.41578565799995,-25.140907306999964],[-68.34675565299995,-25.114958911999963],[-68.37712669399997,-25.033773421999967],[-68.40529441799998,-25.03199768099995],[-68.43083763099997,-24.908054351999965],[-68.48550987199997,-24.896747588999972],[-68.49213493599996,-24.87786310299998],[-68.52728257899997,-24.862446155999976],[-68.53147888199999,-24.830656051999938],[-68.56707763699995,-24.796047210999973],[-68.54245567299995,-24.726415633999977],[-68.49127477399998,-24.65724249799996],[-68.50134277299998,-24.620960235999974],[-68.48682594299999,-24.601774215999967],[-68.46040153499996,-24.624227523999934],[-68.43393897999994,-24.60856819199995],[-68.38526725799994,-24.486257552999973],[-68.30978774999994,-24.492500304999965],[-68.24652862499994,-24.39676284799998],[-67.96061286099996,-24.285660468999936],[-67.94322850199995,-24.317710430999966],[-67.92613210399998,-24.272132646999978],[-67.63121951099998,-24.15614980099997],[-67.66159302399996,-24.24476180399995],[-67.62880618599996,-24.253877557999942],[-67.60033474499994,-24.314993640999944],[-67.58243819999996,-24.324106652999944],[-67.52252660499994,-24.26571613699997],[-67.50589029199995,-24.28906477299995],[-67.50218801799997,-24.22692194399997],[-67.53632751899994,-24.18943973399996],[-67.51832586599994,-24.173439305999977],[-67.56001595399994,-24.159040239999968],[-67.56649882099998,-24.13080483999994],[-67.32162696199998,-24.028694752999968],[-67.22759517699996,-23.737372260999962],[-67.14496231999993,-23.77638638299993],[-67.00166666399997,-23.877252965999958],[-67.00112095999998,-23.96870583799995],[-66.93972438699996,-23.970428182999967],[-66.92284468099996,-24.00937406099996],[-66.87709276899994,-24.018955997999967],[-66.83539452799994,-24.104892399999983],[-66.79380558599996,-24.08983047299995],[-66.77765581899996,-24.118826179999928],[-66.73232724599995,-24.10453668599996],[-66.65992400699997,-24.19316178799994],[-66.59644180499998,-24.21632929599997],[-66.49648864599993,-24.201920307999956],[-66.42348357599997,-24.16204289199993],[-66.38310874899997,-24.109234971999967],[-66.38943188899998,-24.06459603299993],[-66.36629112099996,-24.031571032999977],[-66.37255147299999,-23.754457541999955],[-66.40090003899996,-23.56710353999995],[-66.34288823099996,-23.338703046999967],[-66.30301816599996,-23.378056181999966],[-66.24222870899996,-23.391534675999935],[-66.20293093699996,-23.42678570099997],[-66.14583310599994,-23.42477892499994],[-66.07766159499994,-23.47522822999997],[-65.98728551899995,-23.513824427999964],[-66.02717951799997,-23.67831837199998],[-66.25264816899994,-23.732998520999956],[-66.25762093299994,-23.754331590999982],[-66.03554538099996,-23.75737771499996],[-66.05384511599993,-23.866519669999946],[-66.01548106099995,-23.931309110999962],[-66.02590159299996,-23.964913296999953],[-66.00008553699996,-23.991100461999963],[-65.97387157599996,-23.98028140699995],[-65.89744435599994,-23.990855084999964],[-65.84139645599998,-24.01697318999993],[-65.77384580599994,-24.08217987699993],[-65.78204907399999,-24.105082968999966],[-65.74681467799996,-24.11871670299996],[-65.73831972299996,-24.18904871199993],[-65.71217318799995,-24.20663144499997],[-65.71397911299994,-24.236269706999963],[-65.66763076499996,-24.269916231999957],[-65.66775748399994,-24.30080745999993],[-65.62629816499998,-24.331269350999946],[-65.62811721299994,-24.37926286299995],[-65.56853633499998,-24.431056746999957],[-65.50549406699997,-24.45800195099997],[-65.46077535299997,-24.43352861799997],[-65.39894653899995,-24.47155115099997],[-65.34564836399994,-24.470812561999935],[-65.34264137199995,-24.49458822799994],[-65.26978850599994,-24.508900745999938],[-65.17732002199995,-24.463750322999942],[-65.06831771099996,-24.53899081999998],[-65.05006145699997,-24.575401822999936],[-64.87395548599994,-24.61118350099997],[-64.84704644499993,-24.594774015999974],[-64.84553441199995,-24.525164786999937],[-64.80593434599996,-24.492311926999946],[-64.69249331799995,-24.553506254999945],[-64.61427656599994,-24.63028985699998],[-64.57365246999996,-24.61951004599996],[-64.48848136999999,-24.510907523999947],[-64.44752296299998,-24.509632996999983],[-64.41219967299998,-24.471122503999936],[-64.35059406499994,-24.441674759999955],[-64.28836416799999,-24.449514223999984],[-64.23077733799994,-24.38940846199995],[-64.22663549899994,-24.354230770999948],[-64.18160627599997,-24.29621459899994],[-64.16654688799997,-24.213460462999933],[-64.18198578899995,-24.18297001299993],[-64.18318690599995,-24.11018665499995],[-64.17083560199995,-23.509615552999946],[-64.34638814399995,-23.506219430999977],[-64.40611664299996,-23.613423602999944],[-64.44126916799996,-23.624977030999958],[-64.45128183799994,-23.58946999699998],[-64.48002237199995,-23.572849575999953],[-64.47513741999995,-23.55482460299993],[-64.48122481199994,-23.57068491299998],[-64.53082495299998,-23.523460230999945],[-64.86368405699994,-23.517462744999932],[-64.88806811299997,-23.477093181999976],[-64.87837179099995,-23.44690832699996],[-64.90494705899994,-23.427167527999927],[-64.94323306299998,-23.33977777299998],[-65.02926205499995,-23.277110981999954],[-65.01216092999994,-23.029525616999933],[-65.03456756799994,-22.999271936999946],[-65.18771285499997,-22.982814622999967],[-65.24495812199996,-22.94131506399998],[-65.25007148499998,-22.857359306999967],[-65.29205745499996,-22.745243123999956],[-65.27005439099997,-22.63954332999998],[-65.33795123999994,-22.59024458999994],[-65.33707622799994,-22.49153433899994],[-65.31723520699995,-22.47110091099995],[-65.29096865799994,-22.379690584999935],[-65.24379488499994,-22.33339269499993],[-65.22184083299999,-22.16243951599995],[-65.19726395199996,-22.135589422999942],[-65.19016769799998,-22.08511114099997],[-64.99747085599995,-22.08273887599995],[-64.88698196399997,-22.127943038999945],[-64.87674522399993,-22.115421294999976],[-64.73736381499998,-22.192508697999983],[-64.62748336799996,-22.20125007599995],[-64.53552055399996,-22.291633605999948],[-64.55945396399994,-22.315298079999934],[-64.56262167399996,-22.349426970999957],[-64.55645179699997,-22.38649558999998],[-64.51271247899996,-22.416601180999976],[-64.52562522899996,-22.440498351999963],[-64.49405288699995,-22.434280395999963],[-64.48580932599998,-22.476301192999983],[-64.41436576799998,-22.538188933999947],[-64.44161605799997,-22.639261245999933],[-64.39792633099995,-22.683124541999973],[-64.40406981399997,-22.71684054399998],[-64.34942824399997,-22.73950261699997],[-64.33013720799994,-22.81769474799995],[-64.34386030399997,-22.87217385599996],[-64.32986272199997,-22.91338243399997],[-64.29661178599997,-22.85871887199994],[-64.26206397999994,-22.735349654999936],[-64.27002334599996,-22.66025161699997],[-64.24405479399996,-22.561077117999957],[-64.11664962799995,-22.403804778999927],[-64.11788558999996,-22.361701964999952],[-64.05849647499997,-22.23783302299995],[-64.04145812999997,-22.246128081999927],[-64.02359771699997,-22.17350768999995],[-64.00108528099997,-22.157434463999948],[-63.97804641699997,-22.079343795999932],[-63.964597701999935,-22.09197044399997],[-63.93173789999997,-21.99940681499993],[-63.70597648599994,-21.99940681499993],[-63.67672920199993,-22.052354812999965],[-63.65858551399998,-21.99942398099995],[-62.81088066099994,-21.998796462999962],[-62.80496406599997,-22.08015632599995],[-62.82003402699996,-22.10107421899994],[-62.78939979099994,-22.16655699399996],[-62.773431777999974,-22.15048599199997],[-62.73123741099994,-22.194557189999955],[-62.69142723099998,-22.209632873999965],[-62.66146278399998,-22.250102996999942],[-62.64237022399993,-22.23691558799993],[-62.63243300499994,-22.27623530699998],[-62.64260864299996,-22.29629135099998],[-62.57324218799994,-22.308088302999977],[-62.511703490999935,-22.378463744999976],[-62.467023848999986,-22.369701384999928],[-62.37906265299995,-22.470266341999945],[-62.35149008399998,-22.451908147999973],[-62.337668450999956,-24.381289547999927],[-62.42881119699996,-24.48991399099998],[-62.65832365699998,-24.541060080999955],[-62.773384233999934,-24.58640128999997],[-63.01395905299995,-24.71236039599995],[-63.11632880999997,-24.80919407099998],[-63.24731892899996,-24.881022005999966],[-63.30533790499999,-24.884765734999974],[-63.32108128899995,-24.872029488999942],[-63.283529483999985,-24.84967391699996],[-63.271469465999985,-24.74775612999997],[-63.140322880999975,-24.618765302999975],[-63.10467578699996,-24.56083896599995],[-63.06250188499996,-24.539268825999955],[-63.08546215599995,-24.523714708999933],[-63.14045352699998,-24.543734677999964],[-63.208590571999935,-24.607431307999946],[-63.25373339799995,-24.620140809999953],[-63.24242040199994,-24.501222044999963],[-63.194321111999955,-24.38252228999994],[-63.189368281999975,-24.31814000999998],[-63.21433760499997,-24.335184002999938],[-63.23958937699996,-24.429565492999927],[-63.28174347399994,-24.49060037499993],[-63.30143383199999,-24.47969269699996],[-63.24302200699998,-24.365536334999945],[-63.25982307999993,-24.358936808999943],[-63.293092876999935,-24.39316366299994],[-63.415047469999934,-24.408096014999956],[-63.48796871099995,-24.37660366999995],[-63.41709105499996,-24.288422019999928],[-63.45858976499994,-24.283169166999983],[-63.53687484899996,-24.311336980999954],[-63.54094947699997,-24.354172304999963],[-63.64573816999996,-24.448015632999955],[-63.65347072299994,-24.495356949999973],[-63.71210330499997,-24.536974872999963],[-63.65970814099995,-24.524298551999948],[-63.61910569899999,-24.49378427499994],[-63.46386151499996,-24.478398247999962],[-63.45782135099995,-24.49684127699993],[-63.537365499999964,-24.561718549999966],[-63.62329969299998,-24.566887306999945],[-63.67671739299993,-24.543821752999975],[-63.71902917699998,-24.545645503999935],[-63.75551128699993,-24.579844211999955],[-63.67001733099994,-24.586094095999954],[-63.671718443999964,-24.60095583599997],[-63.74529988699999,-24.589686708999977],[-63.77181056499995,-24.608857820999958],[-63.71392664799998,-24.630042453999977],[-63.726127050999935,-24.66024594099997],[-63.67702893599994,-24.732651171999976],[-63.59148887599997,-24.73072753899993],[-63.542885576999936,-24.747885721999978],[-63.61463261299997,-24.905764314999942],[-63.56473855799999,-24.881680407999966],[-63.566159486999936,-24.90572323899994],[-63.73036900899996,-24.985904624999932],[-63.77245410499995,-24.97363298099998],[-63.84232378499996,-25.00796162599994],[-64.00143768299995,-25.013491832999932],[-63.936335429999986,-25.053825392999954],[-63.931519942999955,-25.07064894499996],[-64.00648891199995,-25.07762052199996],[-63.93834502999994,-25.15146642199994],[-63.98926980699997,-25.152378192999947],[-64.00623758999996,-25.169790408999972],[-64.09099925499999,-25.164607711999963],[-63.98491362899995,-25.189308728999947],[-63.83377156499995,-25.311042821999933],[-63.75450883899998,-25.351858471999947],[-63.67576381699996,-25.451911992999953],[-63.65642459899993,-25.526814254999977],[-63.62457041999994,-25.543527610999945],[-63.61439086799999,-25.594364564999978],[-63.777170437999985,-25.46671809399993],[-63.89353040799995,-25.32144642299994],[-63.99118664399998,-25.246067977999928],[-64.06864458899997,-25.213083859999983],[-64.06477235899996,-25.231667941999945],[-63.98553872699995,-25.271683637999956],[-63.989770599999986,-25.32034306299994],[-63.964309938999975,-25.370020969999928],[-63.98254429899998,-25.38674464899998],[-63.994289149999986,-25.359487077999972],[-64.04225124499993,-25.328161286999944],[-64.04991222399997,-25.348544496999978],[-64.00202012899996,-25.453150128999937],[-63.99586483199994,-25.538423975999933],[-63.97043700499995,-25.56252396499997],[-63.94421474599994,-25.675066371999947],[-64.00833917699998,-25.66906795899996],[-64.01649320699994,-25.75180553699994],[-64.16552541799996,-25.731427246999942],[-64.19470167199995,-25.80148627699998],[-64.22251463199996,-25.706021991999933],[-64.26490703799993,-25.699531871999966],[-64.39976654099996,-26.04414503199996],[-64.38801382899999,-26.08400324799993],[-64.47477364499997,-26.214109176999955],[-64.63605374299993,-26.23431242299995],[-64.76232599999997,-26.22241193499997],[-64.83625518999997,-26.235293356999932],[-64.87309607299994,-26.276007956999933],[-64.94990471599993,-26.30272952699994],[-64.99237633899997,-26.255977189999953],[-65.04321418399996,-26.257498531999943],[-65.26637723399995,-26.182478840999977],[-65.31066148899998,-26.074744975999977],[-65.37725308399996,-26.07119517999996],[-65.43907231499998,-26.10906300099998],[-65.56143999199998,-26.07917271399998],[-65.63031658799997,-26.10267585899993],[-65.70313023199998,-26.07032997799996],[-65.73189983799995,-26.21960527599998],[-65.72340415999997,-26.275587040999937],[-65.73684508999997,-26.28471403499998],[-65.71365439099998,-26.35411875899996],[-66.10507315699994,-26.226428880999947],[-66.16156949999998,-26.145116856999948],[-66.20639144699999,-26.137835349999932],[-66.23132240699994,-26.13948406299994],[-66.32566590399995,-26.267459518999942],[-66.37123571999996,-26.386470206999945],[-66.45413443399997,-26.355238380999936],[-66.53306793799999,-26.270731122999962],[-66.62202007299999,-26.102943961999983],[-66.78274800299994,-25.909038933999966],[-66.80583988099994,-25.76913270199998],[-66.76160296499995,-25.709722058999944],[-66.60708482699994,-25.681301126999983],[-66.58226604199996,-25.64174776899995],[-66.52908801699994,-25.408096886999942],[-66.54754808599995,-25.308844335999936],[-66.53666074899996,-25.303066850999983],[-66.71269503399998,-25.26918341199996],[-66.75336983099999,-25.177911854999934],[-66.77750045299996,-25.258741611999938],[-66.94724549699998,-25.239485015999946],[-66.94519801899997,-25.17519550999998],[-66.99654358099997,-25.191778357999965],[-67.01779004899998,-25.239611243999946],[-67.04508834399996,-25.23969656199995],[-67.01804703799996,-25.18922226099994],[-67.06351498299995,-25.240054450999935],[-67.43749699999995,-25.240624039999943],[-67.45147133199998,-25.188746882999965],[-67.47096268999996,-25.20269553399993],[-67.47196171599995,-25.240062928999976],[-67.82900018199996,-25.23867972599993],[-68.10832253499996,-25.21145983799994],[-68.11937493299996,-25.15663929799996],[-68.10312496199998,-25.158828867999944]],[[-64.90013281399996,-25.19878349499993],[-64.90567347999996,-25.19924672999997],[-64.89602464199999,-25.205413439999973],[-64.90013281399996,-25.19878349499993]],[[-64.90893967799997,-25.216338737999934],[-64.90376575599998,-25.223315536999962],[-64.91296267699994,-25.209484147999945],[-64.90893967799997,-25.216338737999934]],[[-64.94235187799995,-25.49413812399996],[-64.93772994799997,-25.495968767999955],[-64.94078747799995,-25.49020716499996],[-64.94235187799995,-25.49413812399996]],[[-64.99180588199994,-25.59157164499993],[-64.99173397199996,-25.599204825999948],[-64.98115973199998,-25.59919947399993],[-64.99180588199994,-25.59157164499993]],[[-66.70690607799997,-24.83633802199995],[-66.76365418399996,-24.842849506999983],[-66.78211281999995,-24.957298924999975],[-66.76174785199998,-24.998932414999956],[-66.74241492699997,-24.889713909999955],[-66.70690607799997,-24.83633802199995]],[[-68.26871545299997,-24.892975989999968],[-68.25710292199994,-24.799597784999946],[-68.27773143399997,-24.74049002399994],[-68.30945981399998,-24.746867813999927],[-68.32817190299994,-24.776281456999982],[-68.34877863799994,-24.757091464999974],[-68.35333913899996,-24.831863081999927],[-68.32361769899995,-24.91268701699994],[-68.26871545299997,-24.892975989999968]],[[-68.01161657799997,-24.88346937199998],[-67.94056008899997,-24.893191031999947],[-67.88690697699997,-24.83892437399993],[-67.81118755199998,-24.920167307999975],[-67.78178753699996,-24.995234339999968],[-67.73113089799995,-25.039473982999937],[-67.64914050399994,-25.07789860899993],[-67.63077338499994,-25.043008519999944],[-67.63123733999998,-24.99416957699998],[-67.68272366199994,-24.929870710999978],[-67.66241447999994,-24.891578912999933],[-67.65899443899997,-24.742362527999944],[-67.60195937899994,-24.63318680699996],[-67.55186794599996,-24.584283453999944],[-67.43695106599995,-24.569119409999928],[-67.33781489199998,-24.42697531699997],[-67.31525803399995,-24.354772413999967],[-67.35435389499997,-24.373390881999967],[-67.38039056299993,-24.354577965999965],[-67.48141497199998,-24.37722288699996],[-67.52649015399999,-24.340595019999967],[-67.58573948099996,-24.370808883999928],[-67.56494502599998,-24.415622025999937],[-67.65541056999996,-24.45989033999996],[-67.70920662599997,-24.45858992899997],[-67.72578780999999,-24.517492114999982],[-67.73827391299994,-24.510895839999932],[-67.77714214799994,-24.54395883199993],[-67.81437758599998,-24.632611201999964],[-67.99091095999995,-24.72697233899993],[-68.03851382699997,-24.80484368699996],[-68.01161657799997,-24.88346937199998]],[[-67.88500620299993,-24.476771071999963],[-67.90902339499996,-24.51916747499996],[-67.87252693499994,-24.480049863999966],[-67.88500620299993,-24.476771071999963]],[[-67.78508318499996,-24.434684224999955],[-67.79232982199994,-24.453578035999953],[-67.74720608599995,-24.49398657599994],[-67.76298303399994,-24.464514690999977],[-67.78508318499996,-24.434684224999955]],[[-66.83155216099993,-25.205958627999962],[-66.79118143499994,-25.16569102899996],[-66.76835536499993,-25.06547031699995],[-66.77793583399995,-25.036265859999958],[-66.84352396699995,-25.169492503999948],[-66.83155216099993,-25.205958627999962]],[[-67.07027324499995,-24.111735798999973],[-66.99284151799998,-24.178815155999928],[-66.96499848899998,-24.183693279999943],[-66.97201350599994,-24.08696734399996],[-67.06016360699994,-24.00000880799996],[-67.09925967799995,-23.993420581999942],[-67.15143108899997,-24.036547109999958],[-67.15494930799997,-24.11760434799993],[-67.07027324499995,-24.111735798999973]],[[-67.00484947399997,-24.278465111999935],[-67.05648556999995,-24.27587050799997],[-67.09431020199997,-24.249672792999945],[-67.12387291199997,-24.250726089999944],[-67.09434925099998,-24.301020665999943],[-67.11465588299995,-24.34734598199998],[-67.06060488199995,-24.546148899999935],[-66.98639071499997,-24.60489774299998],[-67.03864344599998,-24.641829770999948],[-67.03141869399997,-24.743509551999978],[-67.00555078199994,-24.80043948499997],[-66.95796609699994,-24.764868856999954],[-66.93815761599996,-24.692287835999934],[-66.94406528399998,-24.642778015999966],[-66.99614154699998,-24.56151235799996],[-66.98585266899994,-24.504885529999967],[-67.01803742699997,-24.403045953999936],[-67.00484947399997,-24.278465111999935]],[[-66.78860817999998,-24.641476594999972],[-66.88660269399998,-24.734740811999927],[-66.85221198199997,-24.77049767799997],[-66.81427260499999,-24.75270316999996],[-66.77882354299999,-24.65953412099998],[-66.78860817999998,-24.641476594999972]],[[-66.73516873299997,-24.605041220999965],[-66.68813185499994,-24.597640379999973],[-66.69456655799996,-24.568233119999945],[-66.74216476399994,-24.571540708999976],[-66.73516873299997,-24.605041220999965]],[[-66.76204982999997,-25.768404105999934],[-66.75920047699998,-25.761053480999976],[-66.76024107399996,-25.76298402799995],[-66.76204982999997,-25.768404105999934]],[[-65.40613706199997,-25.144623749999937],[-65.41774605299997,-25.17977233499994],[-65.39293428999997,-25.267235394999943],[-65.44336113099996,-25.310685718999935],[-65.44982200099997,-25.35255740399998],[-65.47656940299998,-25.38642766499993],[-65.46349257699995,-25.41968282399995],[-65.44163421599995,-25.41726750899994],[-65.39557294899998,-25.306903124999963],[-65.35228997199994,-25.257387565999977],[-65.33204794499994,-25.273038551999946],[-65.31579853099998,-25.23804821999994],[-65.35668491299998,-25.23495264299993],[-65.39400070199997,-25.20579779199994],[-65.37769392799999,-25.131460454999967],[-65.33535737599993,-25.06677475999993],[-65.40613706199997,-25.144623749999937]],[[-63.82475424599994,-23.37308965799997],[-63.826418959999955,-23.372357465999983],[-63.828000832999976,-23.37426843099996],[-63.82475424599994,-23.37308965799997]],[[-64.34273160799995,-25.182899954999982],[-64.34756626099994,-25.19229143299998],[-64.33967064099994,-25.177955082999972],[-64.34273160799995,-25.182899954999982]],[[-64.26364459899997,-25.10460522699998],[-64.25080880799999,-25.09999296799998],[-64.25707309099994,-25.102090200999953],[-64.26364459899997,-25.10460522699998]],[[-64.65944256499995,-25.322236517999954],[-64.66655239599999,-25.31739082599995],[-64.67154576099995,-25.314597440999933],[-64.65944256499995,-25.322236517999954]],[[-64.60239206999995,-25.278303581999978],[-64.60692019799995,-25.277366945999972],[-64.61664203599997,-25.27654887799997],[-64.60239206999995,-25.278303581999978]],[[-64.54595871099997,-25.223152264999953],[-64.55253538499994,-25.21603609999994],[-64.55098503299996,-25.217954189999944],[-64.54595871099997,-25.223152264999953]],[[-64.18172602999994,-25.208158092999952],[-64.18994216999994,-25.210523041999977],[-64.18140523099999,-25.211721661999945],[-64.18172602999994,-25.208158092999952]],[[-64.46853339699999,-25.568835642999943],[-64.47206502199998,-25.587996101999977],[-64.46598761999996,-25.584308911999983],[-64.46853339699999,-25.568835642999943]],[[-64.53966205457291,-25.351755523570542],[-64.53975159941555,-25.35221871138772],[-64.53969893786413,-25.352176239639544],[-64.53966205457291,-25.351755523570542]],[[-64.74317498199997,-25.680760702999976],[-64.72460491299995,-25.76712923399998],[-64.72156216299999,-25.76722738899997],[-64.74317498199997,-25.680760702999976]],[[-64.44380254399994,-25.96200108499994],[-64.46449316599995,-25.96784643799998],[-64.44572806899998,-25.969580212999972],[-64.44380254399994,-25.96200108499994]],[[-64.39607288999997,-26.008619376999945],[-64.40436053199994,-25.99767813799997],[-64.40303882099994,-26.00130351399997],[-64.39607288999997,-26.008619376999945]],[[-64.73437063499995,-25.628903591999972],[-64.72794754199998,-25.62044210099998],[-64.73966096299995,-25.63505641499995],[-64.73437063499995,-25.628903591999972]],[[-64.61115595299998,-25.435467479999943],[-64.61088800499994,-25.432121449999954],[-64.62079437699998,-25.44326471499994],[-64.61115595299998,-25.435467479999943]],[[-64.59650196499996,-25.42441092799993],[-64.59808624499993,-25.418660854999928],[-64.60243145599998,-25.424925062999932],[-64.59650196499996,-25.42441092799993]],[[-64.54500725699995,-25.361416514999974],[-64.54477639899994,-25.356271231999983],[-64.54758883399995,-25.359223394999958],[-64.54500725699995,-25.361416514999974]],[[-64.57475690999996,-25.33393859699993],[-64.56954520499994,-25.330392692999965],[-64.56772992099997,-25.32010598499994],[-64.57475690999996,-25.33393859699993]],[[-64.17977650899996,-25.36586843799995],[-64.17736016599997,-25.36371130899994],[-64.18950652499996,-25.37225007799998],[-64.17977650899996,-25.36586843799995]],[[-64.18073446799997,-25.343208880999953],[-64.18669266999996,-25.34468646099998],[-64.17661131899996,-25.342638102999956],[-64.18073446799997,-25.343208880999953]],[[-63.379339724999966,-22.940343207999945],[-63.38390716599997,-22.941518685999938],[-63.38203558499998,-22.94638572899993],[-63.379339724999966,-22.940343207999945]],[[-62.75771034099995,-23.67345814999993],[-62.75363171999999,-23.675415087999966],[-62.754529298999955,-23.67201199899995],[-62.75771034099995,-23.67345814999993]],[[-62.34791450599994,-23.321467712999947],[-62.35380985699999,-23.32561771899998],[-62.35257025799996,-23.32474514599994],[-62.34791450599994,-23.321467712999947]]],[[[-64.01630964599997,-25.391985014999932],[-64.03352615599994,-25.373293543999978],[-64.03179150299997,-25.343840950999947],[-64.00468729399995,-25.366254048999963],[-64.01630964599997,-25.391985014999932]]],[[[-63.69276409899999,-25.534310259999927],[-63.62889839099995,-25.646093512999983],[-63.47437491199997,-25.701910904999977],[-63.48270833399994,-25.713374872999964],[-63.614515952999966,-25.701299940999945],[-63.69159901499995,-25.636776634999933],[-63.82846268099996,-25.46350975499996],[-63.81357566799994,-25.447991092999928],[-63.69276409899999,-25.534310259999927]]],[[[-63.863151839999944,-25.58935265699995],[-63.80914567499997,-25.687723922999965],[-63.86741990099995,-25.688019262999944],[-63.92600036299996,-25.554362494999964],[-63.98266506899995,-25.51396439299998],[-63.96259919299996,-25.489858905999938],[-63.98445744899993,-25.461293909999938],[-63.994064581999965,-25.392071364999936],[-63.95264981899999,-25.422387166999954],[-63.92438925899995,-25.515870141999983],[-63.863151839999944,-25.58935265699995]]],[[[-63.72581957799997,-25.687988334999943],[-63.787042578999944,-25.688018573999955],[-63.829509790999964,-25.638193308999973],[-63.84412476199998,-25.581450158999928],[-63.913423301999956,-25.513612260999935],[-63.95171687499999,-25.373487870999952],[-63.85823077699996,-25.530247351999947],[-63.72581957799997,-25.687988334999943]]],[[[-63.87170604499994,-25.376123925999934],[-63.847463033999986,-25.45521456199998],[-63.80474926599999,-25.526545965999958],[-63.68963544899998,-25.66696191699998],[-63.645774236999955,-25.692640833999974],[-63.73525468699995,-25.65715509599994],[-63.75365789499995,-25.618027499999982],[-63.84157992599995,-25.536327481999933],[-63.93692036999994,-25.358801613999958],[-63.97002695499998,-25.32887776499996],[-63.940871166999955,-25.30666470099993],[-63.87170604499994,-25.376123925999934]]],[[[-63.64874612099999,-25.373190259999944],[-63.626569717999985,-25.364309194999976],[-63.59845896099995,-25.39338711399995],[-63.60283417199997,-25.40011896799996],[-63.64874612099999,-25.373190259999944]]],[[[-63.62443821099998,-25.339889839999955],[-63.65996926399998,-25.34713953499994],[-63.744450453999946,-25.310189583999943],[-63.82783305799995,-25.22014483099997],[-63.71299368399997,-25.265196466999953],[-63.62443821099998,-25.339889839999955]]],[[[-63.76981450899996,-25.206040856999948],[-63.80521282999996,-25.210692515999938],[-63.827857275999975,-25.187537815999974],[-63.745431285999985,-25.177480663999972],[-63.66826390199998,-25.207686155999966],[-63.52756383199994,-25.156549148999943],[-63.485152995999954,-25.17253924299996],[-63.52425504099995,-25.198014401999956],[-63.59952328199995,-25.33252646699998],[-63.69876515699997,-25.24384546799996],[-63.75193364499995,-25.229012573999967],[-63.76981450899996,-25.206040856999948]]],[[[-63.66040446299996,-25.09422987499994],[-63.72855373699997,-25.09909738999994],[-63.795514553999965,-25.067801344999964],[-63.76991134699995,-25.052871353999933],[-63.619843500999934,-25.049813187999973],[-63.59813682199996,-25.065289442999983],[-63.66040446299996,-25.09422987499994]]],[[[-63.964296246999936,-25.032370362999927],[-63.648185094999974,-25.021790076999935],[-63.66123132699994,-25.036388752999983],[-63.71861592199997,-25.035968156999957],[-63.854980857999976,-25.06800428799994],[-63.964296246999936,-25.032370362999927]]],[[[-63.60631053399999,-24.684963979999964],[-63.545861497999965,-24.723360140999944],[-63.627498670999955,-24.710367039999937],[-63.63447394099995,-24.694910463999975],[-63.60631053399999,-24.684963979999964]]],[[[-63.522426318999976,-24.665921384999933],[-63.55691999399994,-24.698826650999933],[-63.675743989999944,-24.633775385999968],[-63.71392664799998,-24.630042453999977],[-63.65262042499995,-24.60898180099997],[-63.54708532799998,-24.639343027999928],[-63.522426318999976,-24.665921384999933]]],[[[-63.50567480099994,-25.62167957099996],[-63.473099056999956,-25.644661475999953],[-63.44484106099998,-25.66839181599994],[-63.501951761999976,-25.653433586999938],[-63.52039491099998,-25.627881635999984],[-63.50567480099994,-25.62167957099996]]],[[[-63.38492368899995,-25.548620701999937],[-63.41672974399995,-25.56060827799996],[-63.456820704999984,-25.513418934999947],[-63.584201734999965,-25.46959570799993],[-63.55055978199994,-25.38459353299993],[-63.521456402999945,-25.35096839199997],[-63.49859547199998,-25.36048382399997],[-63.50533460499997,-25.383672272999945],[-63.472951388999945,-25.36323351699997],[-63.416954385999986,-25.44868587299993],[-63.384332652999944,-25.472259304999966],[-63.38492368899995,-25.548620701999937]]],[[[-63.28400747499995,-25.381021783999984],[-63.33858342999997,-25.37722367999993],[-63.280422614999964,-25.252961574999972],[-63.30543251499995,-25.235679515999948],[-63.43400656999995,-25.24172557299994],[-63.44151924399995,-25.212999327999967],[-63.32822731999994,-25.16375813199994],[-63.22346682299997,-25.15829167499993],[-63.08718766604657,-25.216544293775804],[-63.06876688699998,-25.211632116999965],[-63.02943297099995,-25.18946371399994],[-62.921075745999985,-25.065968217999966],[-63.11958766899994,-25.29407671799993],[-63.17240503399995,-25.297425287999943],[-63.28400747499995,-25.381021783999984]]],[[[-63.03670627599996,-25.184059329999968],[-63.10966875099996,-25.188041772999952],[-63.19705176299993,-25.144782292999935],[-63.32059136299995,-25.13405465699998],[-63.414780657999984,-25.16488987799994],[-63.53586631199994,-25.139429977999953],[-63.66151082799996,-25.18605485599994],[-63.75395396199997,-25.152506522999943],[-63.85045069599994,-25.178395860999956],[-63.92192258999995,-25.144755110999938],[-63.984097229999975,-25.081902196999977],[-63.671207426999956,-25.110018642999933],[-63.533080439999935,-25.077410231999977],[-63.296537254999976,-25.069647032999967],[-63.20091503699996,-25.030525903999944],[-63.04470909799994,-25.077126714999963],[-63.00777282299998,-25.123919040999965],[-63.03670627599996,-25.184059329999968]]],[[[-63.20928010899996,-25.00095618499995],[-63.28253736499994,-25.003939807999927],[-63.265574457999946,-24.989661240999965],[-63.149888448999945,-24.973670822999964],[-63.052855628999964,-25.000670084999967],[-62.90068641299996,-24.98613572399995],[-62.83903381899995,-24.95433386899998],[-62.769919226999946,-24.888284597999927],[-62.83112179699998,-24.885445152999978],[-62.82521969399994,-24.912804654999945],[-62.94912382199993,-24.976232813999957],[-63.18917069999998,-24.957842424999967],[-63.444934331999946,-25.005194032999952],[-63.552917872999956,-25.054941201999952],[-63.60437461699996,-25.02342564099996],[-63.36765186799994,-24.91890347599997],[-63.23303787599997,-24.90111117899994],[-63.196121912999956,-24.86831498999993],[-63.050400080999964,-24.804988068999933],[-62.96159155199996,-24.70915414899997],[-62.94039920199998,-24.727388640999948],[-63.006145179999976,-24.776071945999945],[-62.98870225699994,-24.80474361199998],[-62.94328737999996,-24.785570286999928],[-62.887764396999955,-24.694927105999966],[-62.685729494999975,-24.623715989999937],[-62.64451333699998,-24.582787787999962],[-62.54141006799995,-24.582687559999954],[-62.49370985699994,-24.566729202999966],[-62.921075745999985,-25.065968217999966],[-62.98939923499995,-25.072856469999977],[-63.05346763799997,-25.036004934999937],[-63.20928010899996,-25.00095618499995]]],[[[-63.33369591799993,-24.693444647999968],[-63.28949306099997,-24.713328210999975],[-63.30876204499998,-24.753652856999963],[-63.37206365499998,-24.812184497999965],[-63.42612178099995,-24.820658354999978],[-63.48396728999995,-24.862787668999943],[-63.33369591799993,-24.693444647999968]]],[[[-63.51207040199995,-24.688633799999934],[-63.44315642099997,-24.624403422999933],[-63.42033344899994,-24.567487467999968],[-63.33326697499996,-24.486049909999963],[-63.32645161999994,-24.501883343999964],[-63.36644936199997,-24.596358195999983],[-63.41270692399996,-24.653170459999956],[-63.39846818799998,-24.671191702999977],[-63.376911303999975,-24.668764265999982],[-63.409194843999956,-24.716040945999964],[-63.46128079499994,-24.765824617999954],[-63.51584180499998,-24.778542684999934],[-63.530444676999934,-24.73304742499994],[-63.486597667999945,-24.691106437999963],[-63.51207040199995,-24.688633799999934]]],[[[-63.53249810899996,-24.639692624999952],[-63.55363297499997,-24.604791387999967],[-63.471918208999966,-24.544620634999944],[-63.418165930999976,-24.53868345999996],[-63.499358782999934,-24.642402466999954],[-63.53249810899996,-24.639692624999952]]],[[[-63.52227853499994,-24.422963934999927],[-63.44951492499996,-24.430668885999978],[-63.46116241899995,-24.450983837999956],[-63.60109419499997,-24.485603888999947],[-63.60504337399993,-24.467058622999957],[-63.52227853499994,-24.422963934999927]]],[[[-63.44676924999993,-24.47785853499994],[-63.40626767599997,-24.432649940999966],[-63.32336365599997,-24.424312919999977],[-63.316060239999956,-24.436109338999927],[-63.366327285999944,-24.468321190999973],[-63.44676924999993,-24.47785853499994]]]]}},{"type":"Feature","properties":{"PROV":"La Rioja"},"geometry":{"type":"MultiPolygon","coordinates":[[[[-67.82667261799998,-30.125008281999953],[-67.87758116799995,-30.081936536999933],[-67.84966685299997,-30.05682675299994],[-67.99434308399998,-29.89136406399996],[-68.03418487599998,-29.863630746999945],[-68.14022426699995,-29.845695684999953],[-68.22221711499998,-29.71673343799995],[-68.28280269399994,-29.673083771999984],[-68.26894765999998,-29.64009264799995],[-68.30478773399994,-29.47923223199996],[-68.31920056799999,-29.46546211699996],[-68.33498757899997,-29.54080466099998],[-68.35104442399995,-29.553702457999975],[-68.37103741899995,-29.508150586999932],[-68.44412707799995,-29.547580065999966],[-68.42155047799997,-29.61585684299996],[-68.43092501299998,-29.65547134899998],[-68.60616622499998,-29.65124021799994],[-68.73437837899996,-29.627986533999945],[-68.85711166699997,-29.636881862999928],[-68.88449227799998,-29.595058291999976],[-68.95438397699996,-29.653033952999976],[-69.01634241599999,-29.639966976999972],[-69.03348640299998,-29.565239447999943],[-68.97336372599995,-29.42834645199997],[-68.99467262799993,-29.411273810999944],[-68.97235869699995,-29.354074803999936],[-68.99560537099995,-29.178682115999948],[-68.96472045099995,-29.145571213999972],[-68.93678099299996,-29.164990157999966],[-68.91303051299997,-29.112751094999965],[-68.92366044299996,-29.089882228999954],[-68.91022522099996,-29.070367954999938],[-68.91468457199994,-29.02853418099994],[-68.93525897199999,-29.016060124999967],[-68.93339556699993,-28.97860918699996],[-68.95717709799999,-28.95138639199996],[-68.91777066699996,-28.883249930999966],[-69.16096764399998,-28.757800825999936],[-69.20142798299997,-28.695223278999947],[-69.21722920299999,-28.608554813999945],[-69.20240439099996,-28.59546681599994],[-69.22812235199996,-28.55697391299998],[-69.16743306699993,-28.433750257999975],[-69.17930892399994,-28.417672858999936],[-69.22496182599997,-28.411186698999984],[-69.19742777499994,-28.35190525699994],[-69.21792584699995,-28.34065045899996],[-69.35542942299998,-28.442527792999954],[-69.43714271299996,-28.445437133999974],[-69.47008460541255,-28.413954383302986],[-69.64731417599995,-28.407966460999944],[-69.62177848799996,-28.379974364999953],[-69.60616493199996,-28.39558982799997],[-69.58097457899999,-28.35396194499998],[-69.52178955099998,-28.33117675799997],[-69.49967575099998,-28.264150619999953],[-69.47259902999997,-28.23810386699995],[-69.47651100199994,-28.208520888999942],[-69.45338058499993,-28.184705733999976],[-69.38922119099993,-28.228088378999928],[-69.37828063999996,-28.18267440799997],[-69.33367919899996,-28.165222167999957],[-69.30538749699997,-28.12968635599998],[-69.29937744099993,-28.072875976999967],[-69.26103019699997,-28.048027038999976],[-69.26570892299998,-28.010637282999937],[-69.23544502299995,-27.968271254999934],[-69.17168617199997,-27.973163604999968],[-69.13364031399993,-27.913800610999942],[-69.08557484199997,-27.90653684199998],[-69.04901404899994,-27.79014658899996],[-68.78466512399996,-27.75515891899994],[-68.58706982099994,-27.680929340999967],[-68.52130268799993,-27.698291757999982],[-68.53462423999997,-27.77038181499995],[-68.44460309799996,-27.854606712999953],[-68.46308759499993,-27.986701289999928],[-68.44427809399997,-28.02407743599997],[-68.40370314399996,-28.006322952999938],[-68.32766481999994,-28.03148901299994],[-68.28029775299996,-28.025234499999954],[-68.29619058299994,-28.062430090999953],[-68.26816484299997,-28.09549898299997],[-68.23241440899994,-28.07469126899997],[-68.16350358299997,-28.10649989899997],[-68.15254287699997,-28.08880240999997],[-68.10689274499998,-28.170941639999967],[-67.98737273299997,-28.117847962999974],[-67.91945498399997,-28.108050637999952],[-67.92326881399998,-28.166152606999958],[-67.87450158799999,-28.286776372999952],[-67.84446958099994,-28.309829185999945],[-67.84764272399997,-28.33540424299997],[-67.82465692199997,-28.36495696099996],[-67.80830473199995,-28.350472126999932],[-67.75889233899994,-28.353495597999938],[-67.72713938099997,-28.392337536999946],[-67.65124229799994,-28.37217633499995],[-67.53232771399996,-28.248663225999962],[-67.50005131899997,-28.26873131399998],[-67.42518849199996,-28.26985991999993],[-67.41931599599997,-28.29735322199997],[-67.38646502999995,-28.29313332399994],[-67.43162022499996,-28.369748482999967],[-67.42532349699997,-28.41109556799995],[-67.36188338499994,-28.304510937999964],[-67.26561748099994,-28.34701347799995],[-67.22477123299996,-28.34293158099996],[-67.20117173299997,-28.366143741999963],[-67.12801375999999,-28.34936505899998],[-67.08833947599999,-28.282095699999957],[-66.98897703599994,-28.243857600999945],[-66.70254801499993,-28.463391508999962],[-66.62855585699998,-28.49941090599998],[-66.60129331599995,-28.534239268999954],[-66.49720957299996,-28.53649670799996],[-66.50728856199999,-28.63746340299997],[-66.49150924199995,-28.631333776999952],[-66.39375214899997,-28.67262028199997],[-66.38237612799998,-28.70743452199997],[-66.35002549699993,-28.720034578999957],[-66.40511002899996,-28.811132804999943],[-66.40645964599997,-28.87175141399996],[-66.30532275799999,-28.89577438699996],[-66.31808103199995,-28.903436314999965],[-66.21014476499994,-28.885892252999952],[-66.16872116299999,-28.90686279199997],[-66.17309142299996,-28.939303735999943],[-66.10140830999995,-28.994873063999933],[-66.04813222299998,-28.98571940599993],[-65.80240738199996,-29.19328881299998],[-65.80920702499998,-29.25119641799995],[-65.74542018699998,-29.27188807999994],[-65.71551495599994,-29.33508232899993],[-65.72032421399996,-29.406826356999943],[-65.51241054799993,-29.884142046999955],[-65.55892444999995,-29.876219310999943],[-65.61338112799996,-29.921195729999965],[-65.66055510699994,-29.98323013499993],[-65.70264300999997,-30.10984231499998],[-65.68619239899994,-30.11706060399996],[-65.70287564699998,-30.14973620799998],[-65.59675659099997,-30.12980831899995],[-65.60670220899993,-30.198312360999978],[-65.57549764899994,-30.21391196999997],[-65.60604585099998,-30.32848981999996],[-65.59133576199997,-30.36964416199993],[-65.62605857999995,-30.43639988999996],[-65.66423313899998,-30.45784336199995],[-65.66526958799994,-30.501543106999975],[-65.64011210399997,-30.514581780999947],[-65.63102554199997,-30.568321828999956],[-65.60382874999993,-30.58933306499995],[-65.78091292499994,-31.025491168999963],[-65.77763133199994,-31.888603128999932],[-65.88516164199996,-31.907113668999955],[-66.05007095999997,-31.88829177799994],[-66.23901200799997,-31.94561303499995],[-66.29789308499994,-31.938400516999934],[-66.25356409799997,-31.828582894999954],[-66.25750278299995,-31.584628359999954],[-66.23332088599994,-31.493726653999943],[-66.26299508499994,-31.477275667999947],[-66.35340212099999,-31.323487342999954],[-66.38039778899997,-31.337353364999956],[-66.36704396199997,-31.404448653999964],[-66.38218637399996,-31.665041991999942],[-66.34361855099996,-31.87168501499997],[-66.34483584399999,-31.947804299999973],[-66.38107126499995,-31.964995296999973],[-66.43022339799995,-31.93910459199998],[-66.46650021599999,-31.954067605999967],[-66.52776151499995,-31.94889987199997],[-66.55668766299993,-31.978165588999957],[-66.60554531399998,-31.955761215999928],[-66.59591261599996,-31.84229049199996],[-66.62505522699996,-31.810148896999976],[-66.67257911299998,-31.801982297999984],[-66.68611884499995,-31.819339826999965],[-66.81205221399995,-31.776853371999948],[-66.83814410799994,-31.69945110599997],[-66.83094488299997,-31.675046644999952],[-66.85940003199994,-31.66153772499996],[-66.86405916199993,-31.62985634399996],[-66.94138566099997,-31.629239171999984],[-66.98182507799999,-31.56935806699994],[-66.97033791599995,-31.541637332999983],[-66.98203895099994,-31.444914016999974],[-67.03330272599999,-31.34008197199995],[-67.08837852399995,-31.291668492999975],[-67.06128535899995,-31.077918937999982],[-67.11166989499998,-31.00244629499997],[-67.08488480299997,-30.913972814999966],[-67.12923647799994,-30.895116771999938],[-67.19968632899997,-30.810239992999982],[-67.21384236699998,-30.762788952999983],[-67.29916586699994,-30.676714041999958],[-67.37338510399996,-30.640468084999952],[-67.47478002399998,-30.55511699899995],[-67.56702560899998,-30.423906055999964],[-67.55553966699995,-30.30692431199998],[-67.68024809099995,-30.222748257999967],[-67.73636464799995,-30.094000824999966],[-67.78032087599996,-30.07273301799995],[-67.81393466599997,-30.078338775999953],[-67.82667261799998,-30.125008281999953]],[[-67.32712489099998,-28.943318783999928],[-67.33171231499995,-29.026790116999962],[-67.29349085199993,-29.201021196999932],[-67.25736775099995,-29.343135280999945],[-67.22564752799997,-29.39472523099994],[-67.15028392399995,-29.695485265999935],[-67.13140927999996,-29.803069897999933],[-67.13914551199997,-29.854633557999932],[-67.10025185199999,-29.95560779899995],[-67.07575239599998,-29.92854185599998],[-67.09850733099995,-29.824106938999932],[-67.03750551199994,-29.891781613999967],[-67.01015030499997,-29.89993418599994],[-66.95545449699995,-29.866878034999957],[-66.99637197599998,-29.77315438399995],[-66.99867378999994,-29.61353923799993],[-66.94748923199995,-29.49061304099996],[-66.93813437899996,-29.368753289999972],[-66.82295292899994,-29.202301913999975],[-66.78988813299998,-29.202611842999943],[-66.70629659799994,-29.13198319399993],[-66.63752629199996,-29.10818402299998],[-66.62268827999998,-29.03772902399993],[-66.67637359999998,-29.058544369999936],[-66.69257837799995,-29.102769490999947],[-66.73166718499994,-29.07292975799993],[-66.67361375699994,-28.95328799799995],[-66.61601135599994,-28.895881435999968],[-66.59275581599996,-28.901906707999956],[-66.59908605499999,-28.99688451199995],[-66.41805092899995,-28.749747255999978],[-66.40716454699998,-28.713811414999952],[-66.53360312299998,-28.808474726999975],[-66.57477097599997,-28.877957634999973],[-66.59927823399994,-28.794988905999958],[-66.56470605899995,-28.68492426499995],[-66.52068717899994,-28.644166062999943],[-66.54986315199994,-28.636795528999983],[-66.63429057299999,-28.72120780299997],[-66.66993882199995,-28.840950172999953],[-66.69373132799996,-28.87477223099995],[-66.73113650599998,-28.892373241999962],[-66.75359195999994,-28.77918968299997],[-66.78504368999995,-28.75004674099995],[-66.90209121199996,-28.88745745799997],[-66.89204662599997,-28.967549240999972],[-66.83797633799998,-29.07673831699998],[-66.85954267799997,-29.09699207999995],[-66.88656428099995,-29.066193262999946],[-66.88610701599998,-29.03048866599994],[-66.90455806999995,-29.02390567799995],[-66.90570122999998,-29.080884416999936],[-66.98162929199998,-28.998717674999966],[-66.98978295399996,-28.833410276999928],[-66.96740254299993,-28.75181337799995],[-66.97859348899993,-28.704232297999965],[-66.96496367399993,-28.660093118999953],[-66.97458868099994,-28.40704208099993],[-67.01639038399998,-28.33761929999997],[-67.05367537299998,-28.342853830999957],[-67.07837901199997,-28.367811953999933],[-67.10779037899994,-28.48399520299995],[-67.20664865599997,-28.565784857999972],[-67.24060425899995,-28.52841631399997],[-67.25698406499998,-28.473417978999976],[-67.27600961199994,-28.473474395999972],[-67.31623818199995,-28.539049150999972],[-67.35769192599997,-28.75262502099997],[-67.33759296699998,-28.86235923299995],[-67.34690981199998,-28.889966297999933],[-67.32712489099998,-28.943318783999928]],[[-67.13735056399997,-29.958803986999953],[-67.08282012824357,-30.041386140798775],[-67.0240037226097,-30.041812829701943],[-67.06611819999995,-30.035326640999983],[-67.10439305999995,-29.95525169299998],[-67.13735056399997,-29.958803986999953]],[[-67.00069427499994,-30.11380577099993],[-66.95125592599999,-30.082730496999943],[-66.95125610126637,-30.082729530629557],[-67.00069427499994,-30.11380577099993]],[[-67.00753402699996,-30.145034789999954],[-67.00581525772499,-30.148315188784586],[-67.00284709185436,-30.123635127159368],[-67.00753402699996,-30.145034789999954]],[[-66.70277023299997,-30.218355178999957],[-66.70994896137334,-30.22965808186661],[-66.70276979599998,-30.218354887999965],[-66.73849939989458,-30.214927719440105],[-66.70277023299997,-30.218355178999957]],[[-66.85124397299995,-30.273002624999947],[-66.89429897832872,-30.283581208436715],[-66.85124375699996,-30.27300383499994],[-66.75310202771094,-30.291316589797905],[-66.85124397299995,-30.273002624999947]],[[-66.87474441499995,-30.420064925999952],[-66.98515129099997,-30.426599502999977],[-66.99104497787494,-30.432021374439607],[-66.87474437099996,-30.420066033999944],[-66.8579312133404,-30.356033615734393],[-66.87474441499995,-30.420064925999952]],[[-66.99569129899999,-30.467390059999957],[-66.88816673361498,-30.47320936445985],[-66.99741690803495,-30.46591609062166],[-66.99569129899999,-30.467390059999957]],[[-66.93482780499994,-30.53643035899995],[-66.93482666081766,-30.536430606512248],[-66.88706105131288,-30.504835715239093],[-66.93482780499994,-30.53643035899995]],[[-66.85998725899998,-30.595769881999956],[-66.80303827216719,-30.503073763098207],[-66.8599876442664,-30.595769142639885],[-66.85998725899998,-30.595769881999956]],[[-66.77323054931196,-30.491774551967467],[-66.76373707033169,-30.464008135812374],[-66.76373772199997,-30.46400773499994],[-66.77323054931196,-30.491774551967467]],[[-66.71858978299997,-30.491775512999936],[-66.71510555975487,-30.48261981652642],[-66.71859038718789,-30.491775141374585],[-66.71858978299997,-30.491775512999936]],[[-66.73076820399996,-30.370504378999954],[-66.69839115399998,-30.29586027399995],[-66.69751228899997,-30.287946361999957],[-66.73076883199997,-30.370504856999958],[-66.71525001298798,-30.45659884097974],[-66.73076820399996,-30.370504378999954]],[[-66.55308601799999,-30.361045649999937],[-66.53290764099995,-30.417058018999967],[-66.52310047799995,-30.692931967999982],[-66.54693440099999,-30.69757303199998],[-66.57710129899993,-30.590553201999967],[-66.61917948199994,-30.520570860999953],[-66.63342071699998,-30.52458052999998],[-66.67709515999996,-30.652014152999982],[-66.68391134599995,-30.72851841599993],[-66.66002260799996,-30.77944449499995],[-66.60716618199996,-30.810695085999953],[-66.65833277399997,-30.85004124099993],[-66.68617914199996,-30.912060922999956],[-66.69119535399994,-30.85400446899996],[-66.70622792899997,-30.849029277999932],[-66.78962224499998,-30.899619120999944],[-66.80147991199993,-30.93184938199994],[-66.79032878499999,-31.000323400999946],[-66.75984820499997,-30.98469447399998],[-66.74020755999999,-31.006387323999945],[-66.76104680099996,-31.17366936999997],[-66.74567610199995,-31.201145331999953],[-66.59086762299995,-31.26036034799995],[-66.44615921799993,-31.28377450499994],[-66.42520891499998,-31.274791037999933],[-66.41983687399994,-31.240259581999965],[-66.35153237699996,-31.13268975699998],[-66.31781277299996,-30.990492544999938],[-66.29289305699996,-31.029227627999944],[-66.27329562299997,-31.012672082999984],[-66.26000762899997,-30.91989787199998],[-66.23705189799995,-30.87631140299993],[-66.25533797299994,-30.811960132999957],[-66.21008691099996,-30.75823028399998],[-66.21601831499999,-30.692250013999967],[-66.24652945799994,-30.693968084999938],[-66.27204871499998,-30.65286384999996],[-66.30914274199995,-30.643494320999935],[-66.26746789099997,-30.61107603299996],[-66.33170249799997,-30.48494564699996],[-66.54028176299994,-30.18137507199998],[-66.55947942699999,-30.243017463999934],[-66.55308601799999,-30.361045649999937]],[[-66.69423085399995,-31.47262444599994],[-66.72002029799995,-31.446039810999935],[-66.73764465599999,-31.555354342999976],[-66.72450738399993,-31.571946572999934],[-66.69149342599997,-31.52132047999993],[-66.69423085399995,-31.47262444599994]],[[-67.52330073599995,-29.15329584999995],[-67.49062793399997,-29.056939178999983],[-67.50701106399998,-29.020505653999976],[-67.52882547999997,-29.02908390099998],[-67.54242694199996,-29.140213562999975],[-67.52330073599995,-29.15329584999995]],[[-68.81237047999997,-28.28009237599997],[-68.91237987599999,-28.383616066999934],[-68.90013074799998,-28.376885741999956],[-68.89798997899999,-28.414522486999942],[-68.81237047999997,-28.28009237599997]],[[-69.29562632199998,-28.136763379999934],[-69.26842809899995,-28.107476496999936],[-69.29562632299996,-28.136763379999934],[-69.27360564299994,-28.15677803699998],[-69.29562632199998,-28.136763379999934]],[[-69.40559090391719,-28.402782430715217],[-69.38408015699997,-28.328781756999945],[-69.30052461899999,-28.229521532999968],[-69.38408015799996,-28.328781756999945],[-69.40559090391719,-28.402782430715217]],[[-69.47081845699265,-28.382534919312643],[-69.47081845799994,-28.382534918999966],[-69.47081766135443,-28.38256898413826],[-69.47081845699265,-28.382534919312643]],[[-68.08437693899998,-29.55556617999997],[-68.10985554099994,-29.57544713699997],[-68.09638947499997,-29.611607676999938],[-68.05288142999996,-29.613665152999943],[-68.08437693899998,-29.55556617999997]],[[-68.23288284599994,-28.962487945999953],[-68.28522157099997,-28.945098146999953],[-68.28826951099995,-28.98673892399995],[-68.27077076099994,-29.005340727999965],[-68.23288284599994,-28.962487945999953]],[[-68.40929618699994,-29.39993106199995],[-68.36964975999996,-29.402302606999967],[-68.31569584599998,-29.37979867599995],[-68.26398292299996,-29.32263760099994],[-68.29541348999999,-29.317417718999934],[-68.28124120199993,-29.28192987799997],[-68.33340074699998,-29.340687119999984],[-68.33197636599994,-29.281533685999932],[-68.36757462499997,-29.214804587999936],[-68.42339168899997,-29.180239032999964],[-68.51467338599997,-29.22103278999998],[-68.53167189099997,-29.28467140799995],[-68.49365657299995,-29.47478289199995],[-68.47670452199998,-29.499214649999942],[-68.46203103099998,-29.497111484999948],[-68.40929618699994,-29.39993106199995]],[[-68.62325578199994,-29.45355234899995],[-68.60333967599996,-29.462037666999947],[-68.60409540299997,-29.418747294999946],[-68.62325578199994,-29.45355234899995]],[[-68.17822164499995,-29.29305846699998],[-68.19636964999995,-29.322617167999965],[-68.13661006399997,-29.31476881599997],[-68.17822164499995,-29.29305846699998]],[[-68.17821014599997,-29.261656096999957],[-68.17160611699995,-29.233805840999935],[-68.21959794499998,-29.26474263999995],[-68.17821014599997,-29.261656096999957]],[[-68.17769036299995,-29.133483114999933],[-68.18823699899997,-29.19011016899998],[-68.14724265499996,-29.17591146899997],[-68.12823578299998,-29.138183841999933],[-68.12874836799995,-29.07074238399997],[-68.17769036299995,-29.133483114999933]],[[-68.11043285799997,-29.408590582999977],[-68.15850130999996,-29.426893674999974],[-68.15854306799997,-29.49275326299994],[-68.11043285799997,-29.408590582999977]],[[-69.09709160999995,-28.404326503999982],[-69.11801147799997,-28.38564301899993],[-69.13007503099993,-28.382769705999976],[-69.11250746599995,-28.41926299599993],[-69.09709160999995,-28.404326503999982]],[[-69.12819555899995,-28.35645720699995],[-69.09535600299995,-28.338351667999973],[-69.18549912299994,-28.293163104999962],[-69.17613063599998,-28.330095270999948],[-69.12819555899995,-28.35645720699995]],[[-69.11174248599997,-28.239550195999982],[-69.16816607799996,-28.21862196899997],[-69.16687626599997,-28.239965964999953],[-69.11939210099996,-28.272445749999974],[-69.11174248599997,-28.239550195999982]],[[-67.33487627199997,-30.611665939999966],[-67.35361144866447,-30.62567865466478],[-67.33487591774006,-30.611666332353284],[-67.33487627199997,-30.611665939999966]],[[-67.25630569499998,-30.631761550999954],[-67.25630655999998,-30.631762822999974],[-67.18678665199997,-30.68184471099994],[-67.25630569499998,-30.631761550999954]],[[-67.15807716741618,-30.6127190364033],[-67.14698097087175,-30.682189216605515],[-67.14698028599997,-30.682189940999933],[-67.15807716741618,-30.6127190364033]],[[-67.19816017199997,-30.53717040999993],[-67.34739875799994,-30.46679305999993],[-67.40915489199995,-30.402919768999936],[-67.52689170799994,-30.304058074999944],[-67.52761675999994,-30.29143229899995],[-67.52689299399998,-30.304058391999945],[-67.34739969499998,-30.466794394999965],[-67.19816069599995,-30.537170728999968],[-67.08882904099994,-30.62328338599997],[-67.19816017199997,-30.53717040999993]],[[-67.52747569388964,-30.291448601874595],[-67.43065123362948,-30.30325871545898],[-67.43242480199996,-30.30243354199996],[-67.52747569388964,-30.291448601874595]],[[-67.32088248699995,-30.365196064999964],[-67.32498368668297,-30.359630138881744],[-67.30876916920538,-30.368362948474793],[-67.32088248699995,-30.365196064999964]],[[-67.14969717399998,-30.407208657999945],[-67.18399051414751,-30.462371821520357],[-67.1496969600177,-30.407208470253217],[-67.14969717399998,-30.407208657999945]],[[-67.09675828836592,-30.36076008540023],[-67.09675788899995,-30.36075973499993],[-67.08646268709535,-30.344048948987545],[-67.09675828836592,-30.36076008540023]],[[-67.12659001168683,-30.29922815971966],[-67.12709999099997,-30.29896163899997],[-67.1270999973362,-30.298961639258188],[-67.12659001168683,-30.29922815971966]],[[-67.20142007399994,-30.252670916999932],[-67.18780377099995,-30.30143584299998],[-67.1489414983454,-30.299851742837337],[-67.18780326799998,-30.301435470999934],[-67.20142007399994,-30.252670916999932]],[[-67.15352162141691,-30.08101184833017],[-67.15351921861809,-30.08100789510236],[-67.15351997499994,-30.081008318999977],[-67.15352162141691,-30.08101184833017]],[[-67.57190656199998,-30.266495839999948],[-67.53709514999997,-30.245426126999973],[-67.54429930799995,-30.18693333599998],[-67.57174187199996,-30.179775389999975],[-67.59545915399997,-30.206229951999944],[-67.59503830699998,-30.236586428999942],[-67.57190656199998,-30.266495839999948]],[[-66.41727316799995,-30.022442170999966],[-66.42231225799998,-30.006142249999982],[-66.42995484699998,-30.009353614999952],[-66.41727316799995,-30.022442170999966]],[[-65.99013589299994,-30.243855189999977],[-65.97776661599994,-30.27853582499995],[-65.96224233399994,-30.25132843299997],[-66.10836432699995,-30.06825788699996],[-66.12372467199998,-30.02233716199993],[-66.12471031599995,-29.92422626299998],[-66.16079278999996,-29.782461097999942],[-66.17678009499997,-29.777211223999984],[-66.19362345999997,-29.81770264599993],[-66.22466930799999,-29.827850887999944],[-66.16677918299996,-30.031565172999933],[-66.10990160099993,-30.090738587999965],[-66.04344231799996,-30.185014241999966],[-66.05413925199997,-30.187950000999933],[-65.99013589299994,-30.243855189999977]],[[-66.61003876799998,-31.273809380999978],[-66.63535316199994,-31.295704101999945],[-66.61410723799997,-31.315240135999943],[-66.61003876799998,-31.273809380999978]],[[-65.91880483399996,-29.836506335999957],[-65.93145520899998,-29.90252984199998],[-65.91524880899993,-29.990174199999956],[-65.86236052599997,-29.96663969499997],[-65.86734270699998,-30.02256898199994],[-65.84912371899998,-30.026131996999936],[-65.79787950099995,-29.927505425999982],[-65.81244574699997,-29.79538355099993],[-65.79631704499997,-29.772831690999965],[-65.82285111399995,-29.66485129299997],[-65.91183279999996,-29.622800320999943],[-65.97949367599995,-29.61075271599998],[-65.98860668699996,-29.643824862999963],[-65.96269931999996,-29.72228133599998],[-65.91866573499993,-29.77848891499997],[-65.93277001299998,-29.79928074299994],[-65.91880483399996,-29.836506335999957]],[[-65.94379937099995,-30.215820322999946],[-65.93172080199997,-30.191345551999973],[-65.93607680399998,-30.128777240999966],[-65.96293527499995,-30.081247382999948],[-65.95660482199997,-29.997353981999936],[-65.98731578299999,-29.99033175099993],[-66.01276360099996,-29.805696157999932],[-66.04594282699998,-29.753635567999936],[-66.05941978299995,-29.813233260999937],[-66.02573878899994,-29.922661476999963],[-66.02911038699995,-29.967220994999934],[-65.94379937099995,-30.215820322999946]],[[-66.44246604199998,-29.608816977999936],[-66.44108783299998,-29.60590144899993],[-66.44931762999994,-29.61362775799995],[-66.44246604199998,-29.608816977999936]],[[-66.27831845099996,-29.799694328999976],[-66.28120716599994,-29.80502280899998],[-66.27125223399997,-29.792696870999976],[-66.27831845099996,-29.799694328999976]],[[-66.47019808799996,-29.61320946099994],[-66.46153407499997,-29.618632851999962],[-66.48267456899998,-29.583895861999963],[-66.47019808799996,-29.61320946099994]],[[-66.18514084599997,-29.34335167699993],[-66.18894976999997,-29.34825860199993],[-66.18497363099993,-29.347411199999954],[-66.18514084599997,-29.34335167699993]],[[-66.56667981499999,-28.79204403999995],[-66.50589601899998,-28.764966582999932],[-66.49638357499998,-28.745920802999933],[-66.56667981499999,-28.79204403999995]],[[-66.74112234499995,-31.733435923999934],[-66.73765731799995,-31.65565274399995],[-66.74710432899997,-31.62293555699995],[-66.76731838999996,-31.66171090599994],[-66.75876388799998,-31.73826958099994],[-66.74112234499995,-31.733435923999934]]],[[[-67.11620398199994,-29.57438516999997],[-67.09931861899997,-29.59488438099993],[-67.11547830099994,-29.64927763199995],[-67.14461316099994,-29.65800205399995],[-67.14758652099994,-29.59699900199996],[-67.11620398199994,-29.57438516999997]]],[[[-67.06612280899998,-29.268929019999973],[-67.03108718799996,-29.278553751999937],[-67.04619154199997,-29.31223218599996],[-67.06612280899998,-29.268929019999973]]],[[[-67.15995180499993,-29.171579661999942],[-67.06257454499996,-29.176995484999964],[-67.05672969499994,-29.22666660899995],[-67.10526149599997,-29.262345435999976],[-67.16873755899996,-29.208956334999982],[-67.15995180499993,-29.171579661999942]]],[[[-66.42704507199994,-30.72597269599993],[-66.40190346099996,-30.699211527999978],[-66.36931507599996,-30.69632931899997],[-66.38070183199994,-30.792777344999934],[-66.42630241899997,-30.795012446999976],[-66.44482601599998,-30.77886200699993],[-66.55985178799995,-30.797621172999982],[-66.46794002899998,-30.731720493999944],[-66.42704507199994,-30.72597269599993]]]]}},{"type":"Feature","properties":{"PROV":"Río Negro"},"geometry":{"type":"MultiPolygon","coordinates":[[[[-65.06927007699994,-42.00023645999994],[-71.60729523899994,-41.99909720399995],[-71.56967367399994,-41.98201567099994],[-71.60729408299994,-41.99909591699998],[-71.77670395499996,-41.99904390199998],[-71.79471206699998,-41.94599342299995],[-71.77384948699995,-41.93899536099997],[-71.79170417799997,-41.83276176499993],[-71.75199508699995,-41.826700210999945],[-71.79222679099996,-41.70547294599993],[-71.88657760599995,-41.60796928399998],[-71.84590339699997,-41.566928863999976],[-71.81830596899994,-41.57734107999994],[-71.85276603699998,-41.51666068999998],[-71.82964706399997,-41.48121643099995],[-71.83687591599994,-41.43327903699998],[-71.91202926599993,-41.35912513699998],[-71.87804984999997,-41.29809760999996],[-71.89848136899997,-41.27238464399994],[-71.85683059699994,-41.248128890999965],[-71.88801002499997,-41.168910979999964],[-71.84010696399997,-41.15218925499994],[-71.85033416699997,-41.08493041999998],[-71.81868743899997,-41.06407737699993],[-71.84627878199996,-41.034520655999984],[-71.62074279799998,-41.048240661999955],[-71.59828948999996,-41.07808494599993],[-71.69884109499998,-41.14642715499997],[-71.65752601599996,-41.14298629799998],[-71.64659118699996,-41.12240028399998],[-71.57946586599996,-41.08908462499994],[-71.57090377799994,-41.06753730799994],[-71.46449470499994,-41.091693877999944],[-71.44084167499994,-41.118051528999956],[-71.49695968599997,-41.09375572199997],[-71.43229865999996,-41.138816832999964],[-71.33272758460052,-41.15832325810482],[-71.19692130299995,-41.12647483999996],[-71.05434885399995,-40.99973758899995],[-71.03296591299994,-40.96325575199995],[-71.04296022799997,-40.91044969199993],[-71.12881526599995,-40.83585354899998],[-71.13376789599994,-40.805557755999985],[-71.10387531999999,-40.76521868499998],[-71.05463668299996,-40.762157524999964],[-71.01804904899996,-40.71215533299994],[-70.87233518099998,-40.63638280999993],[-70.65461678499997,-40.60653963799996],[-70.53916297399996,-40.533194167999966],[-70.48167040299995,-40.52926971199997],[-70.42753092699996,-40.55063018699997],[-70.28131648399994,-40.51261873999994],[-70.23367018599998,-40.51487070899998],[-70.16943762999995,-40.47823429599998],[-70.18819039099998,-40.44039658699995],[-70.13498888499998,-40.43023777299993],[-70.06503635899998,-40.38050955399996],[-70.03299167299997,-40.30828103599998],[-70.05112081199997,-40.248876190999965],[-69.98505190799995,-40.18688991099998],[-69.95163733499999,-40.183061779999946],[-69.99876490899999,-40.053729664999935],[-69.96193942499997,-39.97992186999994],[-69.86307303299998,-39.92378474999998],[-69.70528169199997,-39.86531433299996],[-69.50037838999998,-39.81533392099993],[-69.43356482699994,-39.77995851999998],[-69.36669987399995,-39.72961866099996],[-69.32916544499994,-39.67875629399998],[-69.25303150999997,-39.62947049799993],[-69.07778264099994,-39.60007760899998],[-69.01832829999995,-39.57132844999995],[-68.91715656299993,-39.48920646999994],[-68.89952953899996,-39.45256108999996],[-68.85232434799997,-39.42537117899997],[-68.81389957899995,-39.420218715999965],[-68.81458615799994,-39.45267996399997],[-68.73917285399995,-39.448206082999945],[-68.69202698799995,-39.38032858699995],[-68.68312948099998,-39.31302955199993],[-68.79375549599996,-39.328091710999956],[-68.73136015199998,-39.25949032699998],[-68.65548851199998,-39.21142567399994],[-68.65610587499998,-39.17749565099996],[-68.57921099599997,-39.09917254399994],[-68.29212112699997,-38.98278528099996],[-68.24694755899998,-38.989380291999964],[-68.21318448999995,-38.971441314999936],[-67.90142954999993,-39.02567323499994],[-67.76978924299993,-39.08640582899994],[-67.61829596499996,-39.12995317599996],[-67.47137016699998,-39.099588350999966],[-67.23281158299994,-39.136242256999935],[-67.09222586999994,-39.189969023999936],[-66.75387508699998,-39.168546710999976],[-66.64988954399996,-39.135414354999966],[-66.40988232299998,-39.14018098599996],[-66.32623145299993,-39.16194246799995],[-66.21649111199997,-39.21556389199998],[-65.96294664999994,-39.27742902799997],[-65.88798698899996,-39.31437502999995],[-65.75053479699994,-39.45070727799998],[-65.67434337899994,-39.553819353999984],[-65.62618508899993,-39.58744244799993],[-65.52513320399999,-39.75788580599993],[-65.45477967399995,-39.84201203199996],[-65.35958126099996,-39.90405092599997],[-65.18220780699994,-39.91744450099998],[-65.07317922699997,-39.90853138999995],[-64.90759457099995,-39.94292639599996],[-64.75705098199995,-40.02263200599998],[-64.35449188699994,-40.16210076899995],[-64.14596960299997,-40.28933534199996],[-64.04687438799994,-40.29243511599998],[-63.827116812999975,-40.45336863799997],[-63.70441832399996,-40.49593301599998],[-63.60599837099994,-40.564119982999955],[-63.58930710399994,-40.62002559699994],[-63.64388189099998,-40.63602967299994],[-63.65693988299995,-40.666010667999956],[-63.571172667999974,-40.737236279999934],[-63.42429662999996,-40.79457481399993],[-63.270645024999965,-40.78198545399994],[-63.106779005999954,-40.853890201999945],[-63.00444330199997,-40.96328464599998],[-62.85347966299997,-41.064868203999936],[-63.05328369099993,-41.14398193399995],[-63.143920897999976,-41.15740966799996],[-63.78857421899994,-41.15899658199993],[-63.87109374999994,-41.137390136999954],[-63.93798915999997,-41.082971258999976],[-63.99401855499997,-41.06091308599997],[-64.20617675799997,-41.00982665999993],[-64.52602014699994,-40.87125102099998],[-64.75708007799994,-40.817626952999944],[-64.86798095699999,-40.83050537099996],[-64.90521240199996,-40.807983397999976],[-64.84197997999996,-40.78448486299993],[-64.73586478599998,-40.80321784399996],[-64.75958251999998,-40.76818847699997],[-64.79748535199997,-40.780517577999944],[-64.80059814499998,-40.74908447299998],[-64.77398681599993,-40.74322509799998],[-64.84741210899995,-40.71588134799998],[-64.94531249999994,-40.710327147999976],[-64.96679687499994,-40.72747802699996],[-64.91668701199995,-40.72729492199994],[-64.90417480499997,-40.76251220699993],[-65.02672759399996,-40.76841281999998],[-65.11328124999994,-40.83209228499993],[-65.16381835899995,-40.953796386999954],[-65.16821289099994,-41.068298339999956],[-65.13647460899995,-41.22760009799998],[-65.04388427699996,-41.46252441399997],[-65.00030517599998,-41.48608398399995],[-64.98779296899994,-41.518798827999944],[-64.99719238299997,-41.576293944999975],[-65.02270507799994,-41.618408202999944],[-65.02319335899995,-41.72100830099998],[-64.99890136699997,-41.77111816399997],[-65.01629638699995,-41.83258056599993],[-65.04759954699995,-41.838945158999934],[-65.03759765599995,-41.87329101599994],[-65.05761718799994,-41.88159179699994],[-65.06927007699994,-42.00023645999994]],[[-71.74445596499999,-41.56277254499997],[-71.70632503099995,-41.580565846999946],[-71.67877560099998,-41.56986826599996],[-71.70632362399994,-41.580564498999934],[-71.74445596499999,-41.56277254499997]],[[-71.44370030099998,-41.439449697999976],[-71.44369974399996,-41.439449096999965],[-71.46872371099994,-41.43425210799995],[-71.44370030099998,-41.439449697999976]],[[-65.92636610399995,-40.660324206999974],[-65.88696038099994,-40.650972614999944],[-65.88177870899995,-40.61574424099996],[-65.90450203899996,-40.593688818999965],[-65.96538583899996,-40.59153593899998],[-65.96061850899997,-40.63861041399997],[-65.92636610399995,-40.660324206999974]],[[-65.22973289399994,-40.455785995999975],[-65.08664262199994,-40.428854427999966],[-65.04119960099996,-40.39517012899995],[-65.18965324699997,-40.336549124999976],[-65.35451417199994,-40.350302588999966],[-65.53324517499993,-40.27380127499998],[-65.49269196799997,-40.31480625699993],[-65.55688758699995,-40.33537701499995],[-65.51270131499996,-40.363430756999946],[-65.39157184499999,-40.352326844999936],[-65.32960485099994,-40.42083625599997],[-65.24509641799995,-40.415918002999945],[-65.22973289399994,-40.455785995999975]]],[[[-71.85257254399994,-41.03256229599998],[-71.86068979899994,-41.03429694099998],[-71.85825347899998,-41.032159804999935],[-71.85257254399994,-41.03256229599998]]],[[[-67.30682436199999,-39.02891652599993],[-67.40007120699994,-39.03464486599995],[-67.64699599299996,-39.00582789199996],[-67.71623888199997,-38.99470556299997],[-67.79241247499994,-38.959872993999966],[-67.86817283499994,-38.951976454999965],[-68.06171277599998,-38.79495755099998],[-68.10754788299994,-38.670354506999956],[-68.13348230099996,-38.64074587899995],[-68.25776724599996,-38.59280307999995],[-68.24958540499995,-37.589753299999984],[-67.91904874199997,-37.65315746999994],[-67.83023697199997,-37.71681991999998],[-67.78324612499995,-37.81483776099998],[-67.81390377399998,-37.861168772999974],[-67.92557107499994,-37.86434887799993],[-68.03146064499998,-37.92698945099994],[-68.02577839399999,-37.94868582899994],[-67.87695099099994,-38.08009111699994],[-67.86077264599999,-38.12524247099998],[-67.80731502499998,-38.119666035999956],[-67.69842491999998,-38.22727476599994],[-67.66635248799997,-38.23031352299995],[-67.62651527199995,-38.261325812999985],[-67.61452654699997,-38.299790652999945],[-67.54402632599994,-38.28438875699993],[-67.49906745699997,-38.30464912299993],[-67.24782282699994,-38.266133639999964],[-67.19320324899996,-38.37291644399994],[-67.07774004799995,-38.444186454999965],[-66.98552823999995,-38.487488671999984],[-66.93286049999995,-38.48760904399995],[-66.68086231499996,-38.58385533999996],[-66.63169960799996,-38.62978398399997],[-66.66069027499998,-38.65029679099996],[-66.64208410499998,-38.68955637999994],[-66.46838239899995,-38.81499846799994],[-66.42127421399994,-38.82167379899994],[-66.20200667799998,-38.766370276999965],[-66.10212560199994,-38.77197267699995],[-65.89373372099993,-38.833361131999936],[-65.63974352999998,-38.86548377399998],[-65.57597472399993,-38.84238091699996],[-65.57667489599999,-38.82948579199996],[-65.53398871799993,-38.82553623399997],[-65.42058994899998,-38.87977709299997],[-65.34417626899995,-38.88007752499993],[-65.26559950999996,-38.854851801999985],[-65.19054070899995,-38.864638499999955],[-65.09128202199997,-38.83246887799993],[-64.97845269899994,-38.84632396099994],[-64.88820116599999,-38.87620254099994],[-64.82176405099995,-38.855160919999946],[-64.70317108099994,-38.87602562199993],[-64.64319736699997,-38.865565500999935],[-64.48789594999994,-38.88550620899997],[-64.29354283199996,-38.93301249999996],[-64.03289946399997,-39.07559561199997],[-63.78575622499994,-39.16927219699994],[-63.74612037099996,-39.21348263099998],[-63.644954033999966,-39.26540004299994],[-63.613407869999946,-39.25504018099997],[-63.54994602499994,-39.27381049599995],[-63.53316074899993,-39.30106401399996],[-63.44072079199998,-39.34119757299993],[-63.38134437499997,-39.338844731999984],[-63.38367150199997,-40.50814097899996],[-63.62212649999998,-40.46387332599994],[-63.73314788899995,-40.39146751299995],[-63.75611695699996,-40.36076640599998],[-63.838188007999975,-40.32924237999998],[-63.89105444299997,-40.277293172999975],[-64.10401603899999,-40.21240780699998],[-64.28352929599998,-40.098274783999955],[-64.49740588999998,-40.03643945599998],[-64.58722979899994,-39.98575028999994],[-64.61859024999995,-39.91926649699997],[-64.78083856199999,-39.83927680499994],[-65.04143802699997,-39.75762709999998],[-65.16504946999999,-39.788571617999935],[-65.35298443099998,-39.78089314199997],[-65.35144638299994,-39.74045165899997],[-65.50746952099996,-39.48162734799996],[-65.68952276999994,-39.25208177999997],[-65.76547533799999,-39.19658513199994],[-66.01280351199995,-39.187003034999975],[-66.18981763699998,-39.15333386499998],[-66.29661924899995,-39.10664442099994],[-66.43968517199994,-39.079441979999956],[-66.66874039299995,-39.09488998699993],[-66.77092791099994,-39.11759852199998],[-66.93066266999995,-39.11592562799996],[-67.30682436199999,-39.02891652599993]],[[-68.04754698499994,-38.70207665099997],[-68.02754696399995,-38.69511668599995],[-68.00124310899997,-38.751322820999974],[-67.96669594199994,-38.77014350099995],[-67.93714986199996,-38.71685884899995],[-67.95868172699994,-38.65945715299995],[-67.99108516999996,-38.63428590899997],[-68.04999474199997,-38.63669843599996],[-68.06737632099998,-38.66982078099994],[-68.04754698499994,-38.70207665099997]]],[[[-63.38325403999994,-40.56114409799994],[-63.382318673999976,-40.66945040799993],[-63.49038117899994,-40.58413538999997],[-63.479880925999964,-40.54036244599996],[-63.38325403999994,-40.56114409799994]]],[[[-65.19533796199994,-38.83689333399997],[-65.24647578499997,-38.84607773799996],[-65.28615765699993,-38.836547063999944],[-65.24799967299998,-38.82994655799996],[-65.19533796199994,-38.83689333399997]]]]}},{"type":"Feature","properties":{"PROV":"La Pampa"},"geometry":{"type":"Polygon","coordinates":[[[-66.99055552999994,-38.46450476599995],[-67.16848451999994,-38.368074218999936],[-67.17412760999997,-38.30931039999996],[-67.20537896499997,-38.27090142499998],[-67.21223844299993,-38.23036586999996],[-67.29166785699994,-38.23760922899993],[-67.36183285299995,-38.271260379999944],[-67.50098308399998,-38.25855310299994],[-67.57588586199995,-38.267295468999976],[-67.65024356899994,-38.22038037999994],[-67.68261644399996,-38.16792089799998],[-67.72523727199996,-38.14680541599995],[-67.75368775899994,-38.08498067099998],[-67.83452052499996,-38.084018768999954],[-67.89737662199997,-38.005453028999966],[-67.84974913899998,-37.94876573799996],[-67.78633014799993,-37.932926452999936],[-67.72653290399995,-37.860882078999964],[-67.71883142399997,-37.82585262099997],[-67.77043121199995,-37.73833147899995],[-67.77158931999998,-37.70224259099996],[-67.88103850199997,-37.627360230999955],[-68.12571481199996,-37.584825766999984],[-68.15094608499999,-37.558968267999944],[-68.24906710099998,-37.52463510899997],[-68.24823124599993,-36.17297127599994],[-68.29756898099998,-36.17226514499998],[-68.29893388599999,-36.07098071199994],[-68.26663965899996,-36.06974883399994],[-68.25998190399997,-36.049418421999974],[-68.30014211799994,-36.051103273999956],[-68.30005146199994,-36.019427657999984],[-68.26324710399996,-36.027005677999966],[-68.27018955499994,-36.00039053599994],[-65.11534098899995,-36.00022301499996],[-65.11629164299995,-34.99964041099997],[-63.38734967199997,-34.99801275799996],[-63.38093953799995,-39.32479870999998],[-63.471294898999986,-39.32178572099997],[-63.53492619899998,-39.29259633099997],[-63.54424566299997,-39.27306321899994],[-63.633917819999965,-39.24517563399996],[-63.72532856199996,-39.19179809499997],[-63.79270844499996,-39.120808575999945],[-63.88401367899996,-39.11225777699997],[-63.994558895999944,-39.046715820999964],[-64.00741329399995,-39.02175231799998],[-64.38632669899994,-38.89105466999996],[-64.55913571499997,-38.87083195099996],[-64.66359599899994,-38.84229018399998],[-64.70920637399996,-38.848936993999985],[-64.82783580299997,-38.80531297199997],[-64.86012543599998,-38.83121975399996],[-65.11204432299996,-38.81363757399998],[-65.19533796199994,-38.83689333399997],[-65.24799967299998,-38.82994655799996],[-65.25769891699997,-38.80093140599996],[-65.32355629599994,-38.74391513299997],[-65.43156826899997,-38.680192621999936],[-65.46594886999998,-38.703292261999934],[-65.46840751399998,-38.73550203599996],[-65.53244012199997,-38.73196488699995],[-65.53122126499994,-38.780897246999984],[-65.48643249099996,-38.78919134599994],[-65.48091553499995,-38.811545886999966],[-65.35828143299995,-38.858375285999955],[-65.33577755399995,-38.853750624999975],[-65.37410418899998,-38.86567308899998],[-65.56560791599998,-38.789975883999944],[-65.68489861599994,-38.84685964299996],[-65.81514404799998,-38.827765065999984],[-65.94965916399997,-38.785674109999945],[-65.97245428399998,-38.76492815499995],[-66.06905266299998,-38.76677498799995],[-66.08866524899997,-38.74648419499994],[-66.23468796099996,-38.75198794399995],[-66.28143099299996,-38.76926683599993],[-66.45175247499998,-38.76230329799995],[-66.60365912099996,-38.69590930099997],[-66.59187590699997,-38.64250902599997],[-66.63351816299996,-38.56123860899993],[-66.86585604199996,-38.493422850999934],[-66.92309604599996,-38.46316812799995],[-66.99055552999994,-38.46450476599995]],[[-65.00343560799996,-37.50052314699997],[-65.02674193199994,-37.48655154499994],[-65.09495212399997,-37.50859531899994],[-65.00343560799996,-37.50052314699997]],[[-64.56842739899997,-38.232915496999965],[-64.54160541799996,-38.21375149299996],[-64.55095532999997,-38.187889826999935],[-64.56842739899997,-38.232915496999965]],[[-64.73151287999997,-38.43072481399997],[-64.72536847699996,-38.47808436499997],[-64.70225097899998,-38.46744198699997],[-64.70476038699996,-38.428341141999965],[-64.73151287999997,-38.43072481399997]],[[-64.50375343299999,-38.55122772699997],[-64.55921707099998,-38.55116257299994],[-64.54633264899996,-38.56768892499997],[-64.46604678499995,-38.57608235899994],[-64.50375343299999,-38.55122772699997]],[[-65.05891300399998,-38.77444253599998],[-65.03995164099996,-38.787490712999954],[-64.94241624799997,-38.80593878499997],[-64.97904097499998,-38.77125126399994],[-65.05891300399998,-38.77444253599998]],[[-65.80352965499998,-37.85348587599998],[-65.79169618399999,-37.873002327999984],[-65.80059449699996,-37.822458911999945],[-65.74603274199995,-37.79678212099998],[-65.74009079199993,-37.732420574999935],[-65.76458554099997,-37.72827511999998],[-65.78718137399994,-37.78079687299993],[-65.84972249099997,-37.78977009899995],[-65.85558418699998,-37.83216182999996],[-65.80352965499998,-37.85348587599998]],[[-65.87712611099994,-38.12587715999996],[-65.86160938499995,-38.14137361099995],[-65.90498143499997,-38.17292581199996],[-65.91050653899998,-38.209276114999966],[-65.87394542599998,-38.23898876199996],[-65.82223054699995,-38.25183168399997],[-65.83340016099999,-38.14481402699994],[-65.77267144799998,-38.09954662499996],[-65.81069543799998,-38.05339790399995],[-65.86422231899996,-38.07122417499994],[-65.87712611099994,-38.12587715999996]],[[-65.73349251099995,-38.45576687499994],[-65.69575693099995,-38.50161829899997],[-65.65046031799994,-38.520127119999984],[-65.62998394999994,-38.50841888799994],[-65.63988660499996,-38.476683554999966],[-65.60820566499996,-38.45981020399995],[-65.55474181799997,-38.481338463999975],[-65.54696810399997,-38.42433680999994],[-65.50078072499997,-38.41831695199994],[-65.50519331899994,-38.35585295899995],[-65.59968513399997,-38.343574942999965],[-65.64406793199998,-38.35364806399997],[-65.68645888699996,-38.29597992399994],[-65.70369384499998,-38.38603228499994],[-65.74004955099997,-38.41547807799998],[-65.73349251099995,-38.45576687499994]],[[-67.75450327899995,-37.54570900099998],[-67.72412193699995,-37.571711713999946],[-67.75833672899995,-37.60152576699994],[-67.50522365699999,-37.65156103299995],[-67.42683406199995,-37.62789276999996],[-67.46154489599996,-37.62145170599996],[-67.42433627299994,-37.57943460399997],[-67.42362246599998,-37.60718612599993],[-67.35983756899998,-37.63354561699998],[-67.39476196799995,-37.607060272999945],[-67.37460789299996,-37.56952973399996],[-67.40399734299996,-37.52614570099996],[-67.40412048099995,-37.46145286899997],[-67.42665129099998,-37.43011530799998],[-67.40665452499996,-37.30936297399995],[-67.43101687999996,-37.28599801399997],[-67.43714686299995,-37.22749818999995],[-67.47625298999998,-37.21490762999997],[-67.50114785899996,-37.23357974099997],[-67.44969375599999,-37.24457023599996],[-67.46223136199995,-37.29210909699998],[-67.44083859699998,-37.390262452999934],[-67.45037563899996,-37.474223250999955],[-67.55306725699995,-37.41639594399993],[-67.61915192299995,-37.43241995699998],[-67.65127831899997,-37.46305866999995],[-67.62713745799994,-37.473519058999955],[-67.74277756799995,-37.52533331199993],[-67.75450327899995,-37.54570900099998]],[[-66.93329960799997,-37.543832658999975],[-66.87011077399995,-37.55792381799995],[-66.83008428599999,-37.51063276199994],[-66.77546966099999,-37.49986164799998],[-66.79717774799997,-37.47498498199997],[-66.76408361899996,-37.43573790299996],[-66.73212018299995,-37.45380559899996],[-66.69541461199998,-37.42252788999997],[-66.55168678299998,-37.445992701999955],[-66.58547322499999,-37.42764906699995],[-66.56563835199995,-37.39166419099996],[-66.61134168399997,-37.365125777999936],[-66.71913475099996,-37.35307192899995],[-66.77121865899994,-37.37280842299998],[-66.80741885399993,-37.36858663199996],[-66.86980442499998,-37.29254146499994],[-67.12951846699997,-37.340702474999944],[-67.13922254299996,-37.306127680999964],[-67.16799426899996,-37.31095635499997],[-67.14938209599995,-37.35525169299996],[-67.17274881399999,-37.342538600999944],[-67.20946737399998,-37.241394921999984],[-67.20247350799997,-37.20680201699997],[-67.36543253899998,-37.23273229299997],[-67.38347645099998,-37.20120773199994],[-67.24168655699998,-37.16118076999993],[-67.17721398099997,-37.10870990999996],[-67.17143873699996,-37.085836548999964],[-67.20040865999994,-37.06945288899993],[-67.22754560099997,-37.126544139999965],[-67.29152084799995,-37.15461122199997],[-67.51850249899996,-37.129244245999985],[-67.47147341299996,-37.18579323899996],[-67.39450275999997,-37.229446414999984],[-67.41735482799999,-37.23703986299995],[-67.40254556799994,-37.27152259299993],[-67.28710445699994,-37.33520051299996],[-67.29368406299994,-37.38876076399998],[-67.24056167299995,-37.44732736799995],[-67.25237082799998,-37.49499469799997],[-67.24165991899997,-37.52564708199998],[-67.18145664099995,-37.550595888999965],[-67.11218951699993,-37.54554746699995],[-67.07795566799996,-37.52426494399998],[-67.07645683399994,-37.55335999199997],[-67.03057837599994,-37.54235935699995],[-66.96255046699997,-37.561941813999965],[-66.93329960799997,-37.543832658999975]],[[-66.25943927099996,-37.59255994499995],[-66.30871389899994,-37.58234567699998],[-66.31663540999995,-37.61123914099994],[-66.29139778999996,-37.63288168399998],[-66.25943927099996,-37.59255994499995]],[[-66.34291527799996,-37.76300885499995],[-66.25543856299998,-37.81882532399993],[-66.26229321099999,-37.79841484499997],[-66.23164254999995,-37.76527121099997],[-66.27835388699998,-37.77451105799997],[-66.34291527799996,-37.76300885499995]],[[-66.25824204799994,-38.21157342099997],[-66.17258969499994,-38.23921438199994],[-66.18305019199994,-38.18934638199994],[-66.14356529999998,-38.17343110799993],[-66.19422246399995,-38.16740544999993],[-66.24971776499996,-38.192694538999945],[-66.25824204799994,-38.21157342099997]],[[-67.29235681399996,-37.74423060899994],[-67.30001226799993,-37.73387640799996],[-67.31737273599998,-37.74179799299998],[-67.29235681399996,-37.74423060899994]],[[-66.29200699799998,-37.69209048499994],[-66.30180631099995,-37.66030590899993],[-66.33635345699997,-37.66185890999998],[-66.30524387299994,-37.74277004999993],[-66.29200699799998,-37.69209048499994]],[[-67.14573998499998,-36.95376858199995],[-67.18628246399999,-36.95053154999994],[-67.17328596999994,-36.988368090999984],[-67.14573998499998,-36.95376858199995]],[[-67.11245194899993,-36.75346925699995],[-67.15802281099997,-36.73918795999998],[-67.20557151499997,-36.75827850999997],[-67.20371163599998,-36.79353385799993],[-67.26431125499994,-36.79486493699994],[-67.22349582999993,-36.843183058999955],[-67.15712646099996,-36.82466273299997],[-67.13616414199998,-36.855574058999935],[-67.10665656599997,-36.861795979999954],[-67.08583335699996,-36.83193149599998],[-67.11779677899995,-36.80264286099998],[-67.11245194899993,-36.75346925699995]],[[-67.30459561199996,-36.99334612999996],[-67.26933168699998,-37.00210869999995],[-67.25953971599995,-36.96380651299995],[-67.33358707599996,-36.94402127199993],[-67.26649010299997,-36.92302814399994],[-67.24650388199996,-36.95347263899998],[-67.23151226099998,-36.935045566999975],[-67.31480808099997,-36.89158716399993],[-67.36564988199996,-36.90865088999993],[-67.36829003599996,-36.93288932799993],[-67.44172729899998,-36.922934407999946],[-67.49387694799998,-36.95141204099997],[-67.35664027399997,-36.976990325999964],[-67.35781388199996,-37.00672187699996],[-67.30459561199996,-36.99334612999996]],[[-67.70893491999993,-36.81479031199996],[-67.75072369399999,-36.85017222099998],[-67.67904979999997,-36.86290941999994],[-67.65533630299996,-36.84443475899997],[-67.65424330099995,-36.82996139399995],[-67.70893491999993,-36.81479031199996]],[[-67.39106791999995,-36.71804933499993],[-67.32368810399998,-36.64929274199994],[-67.34110390699993,-36.615172634999965],[-67.38450574499996,-36.591594778999934],[-67.38474278399997,-36.65006925199998],[-67.45194628199994,-36.70793177499996],[-67.39106791999995,-36.71804933499993]],[[-67.29416829599995,-36.22203528099993],[-67.25991353999996,-36.18007918599994],[-67.39477745099998,-36.23542009299996],[-67.37506544799999,-36.24593633199993],[-67.29416829599995,-36.22203528099993]],[[-67.27401560299995,-36.300136400999975],[-67.26278111399995,-36.31788395199993],[-67.25056873799997,-36.271209204999934],[-67.27401560299995,-36.300136400999975]],[[-68.12352628799994,-36.159740039999974],[-68.12519371599996,-36.05916832499997],[-68.15932922499996,-36.07342914299994],[-68.19025664399999,-36.055242369999974],[-68.21876743599995,-36.06926078199996],[-68.17691920099998,-36.161442430999955],[-68.12352628799994,-36.159740039999974]],[[-67.28331762299996,-36.43997695999997],[-67.30930809599994,-36.408495151999944],[-67.34043768499998,-36.431767099999945],[-67.32626497499996,-36.448058506999985],[-67.28331762299996,-36.43997695999997]],[[-65.66800635799996,-37.69900880499995],[-65.67767902399999,-37.69732847999995],[-65.66795484199997,-37.73234672899997],[-65.66800635799996,-37.69900880499995]],[[-65.60536308899998,-38.59213923699997],[-65.71923425999995,-38.513031282999975],[-65.68138332599995,-38.591788992999966],[-65.63676933099998,-38.627464216999954],[-65.63750993999997,-38.66354781499996],[-65.58006793499999,-38.62632653199995],[-65.54381005099998,-38.634795666999935],[-65.54353433799997,-38.56413836999997],[-65.60508294499994,-38.54577180699994],[-65.60536308899998,-38.59213923699997]],[[-65.11435064499994,-38.710010540999974],[-65.05071095199997,-38.67909440099993],[-65.05585762099997,-38.651816090999944],[-65.09889257799995,-38.643450788999985],[-65.13100376499995,-38.67853032399995],[-65.11435064499994,-38.710010540999974]],[[-65.25360914299995,-38.575778243999935],[-65.26937110499995,-38.55820954899997],[-65.29631405099997,-38.59489286799993],[-65.28055837499994,-38.59314884199995],[-65.25360914299995,-38.575778243999935]],[[-64.82215445399999,-38.41532406699997],[-64.84741761999999,-38.39801389499996],[-64.85049080999994,-38.43123813099993],[-64.82215445399999,-38.41532406699997]],[[-65.32848814799996,-38.386365834999935],[-65.29898855799996,-38.33424038199996],[-65.33624684799997,-38.34963583399997],[-65.32848814799996,-38.386365834999935]],[[-65.23374383399994,-38.39599157199996],[-65.25874825299996,-38.36494969299997],[-65.26199195199996,-38.40890166899993],[-65.23374383399994,-38.39599157199996]],[[-65.29707805399994,-38.415059001999964],[-65.30917595299996,-38.404716708999956],[-65.34338358699995,-38.45452997299998],[-65.29707805399994,-38.415059001999964]],[[-65.03601064899993,-37.73093040799995],[-65.03442280899998,-37.75075056899993],[-64.98563628799997,-37.71922202799993],[-65.03601064899993,-37.73093040799995]],[[-65.66669490499999,-38.035119565999935],[-65.58212037699997,-38.06136107899994],[-65.54395156999993,-38.05409204899996],[-65.56654654799996,-38.019724347999954],[-65.56096094299994,-37.94777474999995],[-65.62213915199999,-37.92991114599994],[-65.58889267999996,-37.97343464399995],[-65.62199255799999,-37.984521195999946],[-65.64151423999994,-38.01544033099998],[-65.70541765399997,-38.00516083499997],[-65.70001088499998,-38.04201540899993],[-65.66669490499999,-38.035119565999935]],[[-65.36271484699995,-37.901625603999946],[-65.49716503799993,-37.91792524899995],[-65.47384272699998,-37.93850629899998],[-65.39484763999997,-37.927369329999976],[-65.35003412699996,-37.94234199899995],[-65.36271484699995,-37.901625603999946]],[[-65.08841057099994,-38.04832189199993],[-65.09708737999995,-38.072788266999964],[-65.01172142599995,-38.06260933999994],[-64.98952442099994,-38.03869253999994],[-65.01872412399996,-38.01814528199998],[-65.08841057099994,-38.04832189199993]],[[-65.12277647099995,-38.07226155699993],[-65.11807961699998,-38.05091555799993],[-65.16683920299994,-38.04536309399998],[-65.20657900699996,-38.07212818499994],[-65.12277647099995,-38.07226155699993]],[[-66.07721279999998,-37.51124215999994],[-66.10475586299998,-37.488048644999935],[-66.11657877999994,-37.55815913099997],[-66.07751240399995,-37.58022186399995],[-66.07721279999998,-37.51124215999994]],[[-66.06533914199997,-37.62148124399994],[-66.03314699799995,-37.62095849999997],[-66.05600528299993,-37.58965283899994],[-66.06533914199997,-37.62148124399994]],[[-65.01579735699994,-35.111585124999976],[-65.02876067599993,-35.06396715699998],[-65.06479524899999,-35.109776515999954],[-65.07253502499998,-35.180788707999966],[-65.06153397499997,-35.20886536099994],[-65.04310282599994,-35.19553399399996],[-65.01579735699994,-35.111585124999976]]]}},{"type":"Feature","properties":{"PROV":"Buenos Aires"},"geometry":{"type":"MultiPolygon","coordinates":[[[[-63.27156942499994,-40.727419389999966],[-63.36022863499994,-40.695067510999934],[-63.35365274099996,-40.67724339399996],[-63.38232911399996,-40.66842182099998],[-63.38325403999994,-40.56114409799994],[-63.33849823199995,-40.582676557999946],[-63.31057002799997,-40.553728638999985],[-63.38373334499994,-40.49977424699995],[-63.38121201399997,-39.33454777999998],[-63.29686697999995,-39.34787250699998],[-63.16522888199995,-39.41236913499995],[-63.13077810999994,-39.407864176999965],[-63.108181153999965,-39.45243666599998],[-63.08910320157279,-39.461958902219905],[-63.086400605999984,-39.43738172299993],[-63.04312507699996,-39.45580452299998],[-63.04206960899995,-39.47589732199998],[-63.08263242551519,-39.46518861245123],[-63.00138161899997,-39.50574272199998],[-62.91935979258495,-39.51457002855516],[-63.000218608999944,-39.50114944999996],[-63.02593494299998,-39.46038016499995],[-63.119041591999974,-39.40713660999995],[-63.175206429999946,-39.40506225099995],[-63.30586513299994,-39.338322063999954],[-63.38093953799995,-39.32479870999998],[-63.39235109599997,-35.412911820999966],[-63.38181837299999,-34.38332252699996],[-62.07059291899998,-34.38494050999998],[-62.10629760399996,-34.41934524399994],[-62.085615975999985,-34.442019957999946],[-62.053117793999945,-34.41034299699993],[-62.05490594599996,-34.38495335799996],[-61.88238444899997,-34.38529129899996],[-61.88241351999994,-34.439098625999975],[-61.85730067399999,-34.443021097999974],[-61.847062334999976,-34.39618544599995],[-61.733523451999986,-34.40936801699996],[-61.77156501999997,-34.42359358699997],[-61.77112938099998,-34.46955071399998],[-61.70105754299993,-34.39946119299998],[-61.713021486999935,-34.38080713299996],[-61.52400840299998,-34.20758804099995],[-61.43109523199996,-34.20850303699996],[-61.42031069799998,-34.23799855499993],[-61.504419868999946,-34.30723658399995],[-61.43800865999998,-34.264613020999946],[-61.419616693999956,-34.27759285899998],[-61.47499243499993,-34.33896334499997],[-61.44176892999997,-34.36228983099994],[-61.423022827999944,-34.30342334899996],[-61.38295101399996,-34.28543083899996],[-61.358121359999984,-34.337260356999934],[-61.37394092899996,-34.38019751799993],[-61.31082535499996,-34.377462907999984],[-61.27771865999995,-34.41712940999997],[-61.32174776599999,-34.432243884999934],[-61.355660617999945,-34.39642815499997],[-61.412098113999946,-34.38735229799994],[-61.396287264999955,-34.414546163999944],[-61.41705335299997,-34.433846623999955],[-61.43376250099993,-34.40113666599996],[-61.46403684399996,-34.41142402099996],[-61.44826529599993,-34.43637118699996],[-61.47401555999994,-34.44630233899994],[-61.48694949099996,-34.50819623299998],[-61.57516540299997,-34.55974301699996],[-61.56853272699993,-34.58746960599996],[-61.53445277099996,-34.57398449999994],[-61.51718452099993,-34.531822586999965],[-61.50914112099997,-34.52873827199994],[-61.46724960499995,-34.49075608299995],[-61.44818385399998,-34.44373322699994],[-61.44177495399998,-34.48492725099993],[-61.47600011099996,-34.55420652099997],[-61.45278698899995,-34.578751592999936],[-61.51074766399995,-34.63262967199995],[-61.55945463399996,-34.62684656199997],[-61.55294632999994,-34.65922628699997],[-61.570331743999986,-34.695864719999975],[-61.530738363999944,-34.64868051299993],[-61.48487108899997,-34.649016641999935],[-61.44493671699996,-34.57417076499996],[-61.45176241699994,-34.54774803399994],[-61.42254794999997,-34.454410534999965],[-61.381447339999966,-34.42779166399998],[-61.392054981999934,-34.47900585899998],[-61.26767852599994,-34.42148168399996],[-61.228335165999965,-34.425476688999936],[-61.23364671599995,-34.47116964899993],[-61.194041220999964,-34.47724073099994],[-61.20297507699996,-34.521538077999935],[-61.16382022899995,-34.50936821999994],[-61.15409697899997,-34.48160660399998],[-61.12418852099995,-34.49783204099998],[-61.13920669699996,-34.521018785999956],[-61.10427564299994,-34.55226375299998],[-61.12468923199998,-34.598867189999964],[-61.157562894999955,-34.57995375899998],[-61.15555398099997,-34.55914409999997],[-61.19306232399998,-34.55577256699996],[-61.16410967899998,-34.59378107699996],[-61.16300330399997,-34.63090104299994],[-61.26578970899993,-34.755556929999955],[-61.26113484599995,-34.77459202199998],[-61.186685497999974,-34.707381054999985],[-61.17287041499998,-34.65876813999995],[-61.14688977299994,-34.647850836999964],[-61.13934688599994,-34.67123254899997],[-61.11966666799998,-34.627507083999944],[-61.07397634399996,-34.64846075099996],[-61.04995952399997,-34.69179143499997],[-61.02135687499998,-34.707062580999946],[-61.01221157899994,-34.669775769999944],[-60.94793186399994,-34.615594672999976],[-60.90607828599997,-34.59895703799998],[-60.80252970299995,-34.599842948999935],[-60.748112370999934,-34.653640216999975],[-60.77703764199998,-34.68702044999998],[-60.75744944599995,-34.69360724399996],[-60.741682183999956,-34.656267799999966],[-60.69633418799998,-34.66951050599994],[-60.70757827299997,-34.703148486999964],[-60.672670004999986,-34.71083675899996],[-60.63891770499998,-34.747761812999954],[-60.612843217999966,-34.81406559199996],[-60.693499359999976,-34.80909949699998],[-60.60721558399996,-34.82573145799995],[-60.61436780499997,-34.856008233999944],[-60.57975669499996,-34.84773993299996],[-60.63404662499994,-34.88805741699997],[-60.57003654299996,-34.870725197999946],[-60.56671255899994,-34.851783790999946],[-60.46669658199994,-34.88469630199995],[-60.46674210499998,-34.92129464499993],[-60.513997152999934,-34.97383350699994],[-60.499360438999986,-35.00999854199995],[-60.409904547999986,-35.06330014099996],[-60.381029758999944,-35.035202958999946],[-60.327707790999966,-35.07240065999997],[-60.36005174699994,-35.08171862299997],[-60.353483137999945,-35.12118293599997],[-60.31367348499998,-35.09191130099998],[-60.270898830999954,-35.10804679299997],[-60.25257812199993,-35.082371663999936],[-60.19254182999998,-35.07402185999996],[-60.154908036999984,-35.10769911999995],[-60.118498123999984,-35.11544836799993],[-60.08770346499995,-35.101276767999934],[-60.05896212799996,-35.13125443799993],[-60.00132347199997,-35.15167274799995],[-59.88991742199994,-35.12593783799997],[-59.85652828499997,-35.20498866999998],[-59.78480036999997,-35.20524056399995],[-59.791410165999935,-35.221110876999944],[-59.84029713499996,-35.22982467799994],[-59.87508221199994,-35.272408086999974],[-59.91004512699993,-35.26328619399993],[-59.908569231999934,-35.287057352999966],[-59.82059020599996,-35.274656241999935],[-59.76541793699994,-35.213391582999975],[-59.740026832999945,-35.241363114999956],[-59.693431670999985,-35.24482125099996],[-59.57325628199993,-35.217264445999945],[-59.580563025999936,-35.26011598799994],[-59.55534701899995,-35.294974912999976],[-59.48420665699996,-35.32004447699995],[-59.40837912599994,-35.31166804199995],[-59.40050717399998,-35.36647298499997],[-59.33294639199994,-35.373019289999945],[-59.330589946999964,-35.38935930899993],[-59.283558599999935,-35.39620688699995],[-59.294769921999944,-35.36623074099998],[-59.37093390599995,-35.33301258499995],[-59.38744506199998,-35.30297215999997],[-59.464058928999975,-35.29392137699995],[-59.46618183199996,-35.25692954599998],[-59.52851718699998,-35.27371432899997],[-59.540670141999954,-35.24762720199993],[-59.52413422999996,-35.17860775599996],[-59.53419272799994,-35.151355026999966],[-59.52048487901006,-35.11088537202974],[-59.53419272999997,-35.151355027999955],[-59.524134232999984,-35.17860775599996],[-59.598581423999974,-35.173404209999944],[-59.630981994999956,-35.19261640899998],[-59.65629902799998,-35.18493842199996],[-59.69139771599998,-35.21197042499995],[-59.713728481999965,-35.172535134999976],[-59.71905106999998,-35.19865146099994],[-59.832703565999964,-35.14480574899994],[-59.894087025999966,-35.097307625999974],[-59.95140852199995,-35.11418444999998],[-60.07129784699998,-35.07491934099994],[-60.10999193599997,-35.081297071999984],[-60.18995025199996,-35.03136848199995],[-60.296354158999975,-35.06857959499996],[-60.31150838199994,-35.03275787299998],[-60.391097643999956,-35.01643660099995],[-60.41394189099998,-35.03806759699995],[-60.47382945099997,-34.98185370999994],[-60.47360401199995,-34.94781455399993],[-60.39938419499998,-34.90820138599997],[-60.419014972999946,-34.881182200999945],[-60.39391146699995,-34.862882551999974],[-60.56309294599998,-34.80650496399994],[-60.55349575199995,-34.782779397999946],[-60.57723896099998,-34.75848013999996],[-60.57451006399998,-34.71816235499995],[-60.58710888899998,-34.746336364999934],[-60.56576022999997,-34.79202144899995],[-60.56878688699999,-34.80617572899996],[-60.58420979599998,-34.80129389799998],[-60.61627491099995,-34.74295781899997],[-60.60881257799997,-34.72346509199997],[-60.630943644999945,-34.72408742099998],[-60.63887582399997,-34.70194064699996],[-60.66523118199996,-34.69067077799997],[-60.66873490699999,-34.64480192499997],[-60.740905504999944,-34.63097990399996],[-60.78179220699997,-34.572303130999956],[-60.81395910799995,-34.58414709599998],[-60.87693287099995,-34.56753882999993],[-60.92887226299996,-34.527278285999955],[-60.916514046999964,-34.55878820999993],[-60.926581975999966,-34.591834769999934],[-61.020167810999965,-34.66033907299993],[-61.07471578499997,-34.62652972199993],[-61.09786583099998,-34.592801581999936],[-61.07405877599996,-34.54499207799995],[-61.099722104999955,-34.50371801799997],[-61.089740748999986,-34.462154805999944],[-61.105814248999934,-34.43270247499993],[-61.13342825099994,-34.43585761999998],[-61.15119453099999,-34.39861769799995],[-61.13093421399998,-34.379870392999976],[-61.19954564699998,-34.332709842999975],[-61.26912442099996,-34.358053748999964],[-61.262830710999935,-34.38842151099993],[-61.289627451999934,-34.35853678999996],[-61.28960775999997,-34.253077781999934],[-61.27184524499995,-34.238729983999974],[-61.30021796899996,-34.24416487199994],[-61.320262724999964,-34.222631288999935],[-61.310561253999936,-34.19586178199995],[-61.23567094099997,-34.126360088999945],[-61.27446086899994,-34.102928374999976],[-61.284296547999986,-34.16100516199998],[-61.339725201999954,-34.211280630999966],[-61.335960557999954,-34.23752896299993],[-61.304972548999956,-34.26891650599998],[-61.29833071999997,-34.35620704699994],[-61.34304851999997,-34.35000572399997],[-61.33826264999993,-34.32711722299996],[-61.36025767099994,-34.284117812999966],[-61.393880141999944,-34.25932509499995],[-61.368426957999986,-34.23950399399996],[-61.42678715499994,-34.19059600799994],[-61.39910215899994,-34.16508273599993],[-61.40168596799998,-34.15017976599995],[-61.434234635999985,-34.18529566199993],[-61.47770630399998,-34.16004830399993],[-60.92833017899994,-33.65428706999995],[-60.914652788999945,-33.58989557199993],[-60.857966965999935,-33.54431883899997],[-60.810129631999985,-33.54137960999998],[-60.74900482399994,-33.58512646799994],[-60.678169244999935,-33.58368804299994],[-60.550402593999934,-33.64451881499997],[-60.45811600899998,-33.63466246799993],[-60.451887272999954,-33.58877086799998],[-60.41606970599997,-33.56242218999995],[-60.41479496399995,-33.50441451699993],[-60.38735914099993,-33.45861160099997],[-60.33158821899997,-33.42429326699994],[-60.30846553199996,-33.362195044999964],[-60.24583446499997,-33.28223554999994],[-60.19980644399993,-33.34125747199994],[-60.020825704999936,-33.47799483599994],[-59.834467217999986,-33.54097513499994],[-59.78012050299998,-33.61721940799998],[-59.69541819199998,-33.631664532999935],[-59.64809734499994,-33.68763776499998],[-59.62733367714319,-33.75177087254354],[-59.573937497999964,-33.78564871899994],[-59.58577511699997,-33.82125272999997],[-59.58321961399997,-33.87764016999995],[-59.61283552499998,-33.88059188799997],[-59.65586573999997,-33.925551764999966],[-59.705047235999984,-33.94588577799993],[-59.69884790899994,-33.983238935999964],[-59.75635367899997,-34.00735940699997],[-59.715296740999975,-34.05745773199993],[-59.717027876999964,-34.08429247199996],[-59.71529673899994,-34.05745773199993],[-59.756353676999936,-34.00735940699997],[-59.69884790799995,-33.983238935999964],[-59.70504723499994,-33.94588577799993],[-59.65586573899998,-33.925551764999966],[-59.612835523999934,-33.88059188799997],[-59.58321961199994,-33.87764016999995],[-59.573937495999985,-33.78564871899994],[-59.499809126999935,-33.78923691099993],[-59.29821549199994,-33.936334004999935],[-59.18078106699994,-33.97391169599996],[-59.15434654389639,-34.019286600117574],[-59.150178478999976,-33.98715131999995],[-59.20046112899996,-33.95047959799996],[-59.25920511199996,-33.93480758499993],[-59.23343489499996,-33.90980045499998],[-59.289687534999985,-33.85356926999998],[-59.28943592199994,-33.83305025499993],[-59.24025168299994,-33.82020019699996],[-59.19691109099995,-33.86933248299994],[-58.96371844099997,-33.96252096799998],[-58.90531402299996,-33.95958953799993],[-58.86143544299995,-33.99417265799997],[-58.87155534799996,-34.01416659199998],[-58.824798622589995,-34.05840373428374],[-58.86379989499994,-34.010917879999965],[-58.849800726999945,-33.992736030999936],[-58.88725619999997,-33.96091020499995],[-58.731746913999984,-33.97075580499995],[-58.69960657299998,-34.02356267099998],[-58.617850740999984,-34.045896761999984],[-58.58996690499998,-34.079252372999974],[-58.579301217999955,-34.137303946999964],[-58.53701196099996,-34.15556147899997],[-58.488453928999945,-34.246329050999975],[-58.51590243299995,-34.22931969999996],[-58.53450383399996,-34.25225998999997],[-58.59244251599995,-34.23364728599995],[-58.58947393699998,-34.263456933999976],[-58.54277116199995,-34.26941222199997],[-58.555738590999965,-34.28793348999994],[-58.69975829899994,-34.24374719799994],[-58.71129565999996,-34.23180439799995],[-58.690490272999966,-34.18507763699995],[-58.69711267499997,-34.16455754799995],[-58.73860766699994,-34.15283406999998],[-58.78491411856226,-34.10497966680882],[-58.74324669099997,-34.164019708999945],[-58.70324464699996,-34.16858235199993],[-58.70200294199998,-34.20170232399994],[-58.722311038999976,-34.229293147999954],[-58.77088607099995,-34.228757093999945],[-58.87120314599997,-34.17389906099993],[-58.966061449999984,-34.14625742299995],[-58.97217860799998,-34.11639572099995],[-59.060694557999966,-34.054623755999955],[-59.1519992500149,-34.02151670583174],[-59.11639089499994,-34.05534732099994],[-59.06624798699994,-34.05911217499994],[-58.98103299799993,-34.11985051299996],[-58.97049527199994,-34.154828462999944],[-58.875029078999944,-34.18069260999994],[-58.754635098999984,-34.239540156999965],[-58.75268978099996,-34.33260787099994],[-59.004216532999976,-34.33948968699997],[-59.00205665699997,-34.62470344999997],[-58.90980333299996,-34.637310972999956],[-58.959867842999984,-34.66120370099998],[-59.082923808999965,-34.657482139999956],[-59.12896159899998,-34.68595592199995],[-59.04057438799998,-34.66319651699996],[-59.006748340999934,-34.66924314399995],[-59.04389813399996,-34.695326758999954],[-59.12422866299994,-34.71152426699996],[-59.110423742999956,-34.728580610999984],[-59.153413357999966,-34.80312890999994],[-59.09543908799998,-34.73181539899997],[-58.99484497599997,-34.689096821999954],[-58.988241054999946,-34.67300007199998],[-58.89701903499997,-34.669390405999934],[-58.87704437799994,-34.68795034699997],[-58.93698032699996,-34.69720143699993],[-58.984022306999975,-34.740863375999936],[-59.04192385099998,-34.76201367099998],[-59.10229563199994,-34.83787286799998],[-59.05490108699996,-34.81350727299997],[-59.037281647999976,-34.85079700999995],[-59.028077708999945,-34.82070405999997],[-59.04925038699997,-34.79110489499993],[-59.01656911199996,-34.76922371499995],[-58.98447607199995,-34.77364717399996],[-58.958432837999965,-34.73332610699998],[-58.904264145999946,-34.70767312499993],[-58.86960530999994,-34.71138433099998],[-58.86383566999996,-34.75795552499994],[-58.95717899699997,-34.840445183999975],[-58.91556279599996,-34.82354874199996],[-58.866283641999985,-34.839575561999936],[-58.909448657999974,-34.87931067699998],[-58.88412050299996,-34.88239098299994],[-58.80783574599997,-34.83888587399997],[-58.75137841199995,-34.83439103899997],[-58.75061219199995,-34.93165137099993],[-58.76405747999996,-34.945426872999974],[-58.83140539899995,-34.94722691299995],[-58.81742398099993,-34.958501712999976],[-58.86554439199995,-34.98048375399998],[-58.96018101699997,-34.96502312999996],[-58.922698768999965,-34.98824646199995],[-58.93909612999994,-35.011683339999934],[-58.92325490282491,-35.05157791440397],[-58.939096123999946,-35.011683338999944],[-58.92269876299997,-34.98824646199995],[-58.88113089199999,-34.99778759399993],[-58.891116290999946,-35.021393623999984],[-58.85337954199997,-35.04888098299995],[-58.858457930999975,-34.991043754999964],[-58.79910302199994,-34.96493339299997],[-58.77195288099995,-34.97276482399997],[-58.828344039999934,-35.03596588299996],[-58.785186333999945,-35.015861005999966],[-58.75031003199996,-34.97552223899993],[-58.74905033199997,-34.99995131899993],[-58.435113041999955,-34.99523408099998],[-58.31102548499996,-35.081022305999966],[-58.273340830999985,-35.18759252499996],[-58.49889935899995,-35.033855640999946],[-58.49200661799995,-35.075844813999936],[-58.42208610899996,-35.089105210999946],[-58.414851306999935,-35.11094698799997],[-58.44360221499994,-35.124313419999964],[-58.51563657799994,-35.11023955299993],[-58.476673655999946,-35.136178703999974],[-58.50568427799993,-35.15629172699994],[-58.458980864999944,-35.18583867299998],[-58.45585229499994,-35.15095466499997],[-58.40127711499997,-35.13423274099995],[-58.403862566999976,-35.17850371999998],[-58.36525534499998,-35.14264015499998],[-58.342618293999976,-35.187210181999944],[-58.38462499399998,-35.195570422999936],[-58.440426582999976,-35.271838000999935],[-58.41850128899995,-35.27295061899997],[-58.369295911999984,-35.21779172799995],[-58.31004313599993,-35.20292161699996],[-58.19602506299998,-35.232102330999965],[-58.15436317299998,-35.26068176299998],[-58.13213550499995,-35.29957747499998],[-58.110884160999944,-35.296255722999945],[-58.10705806699997,-35.34140731599996],[-58.05725521099998,-35.38975018599996],[-58.059874082999954,-35.350242133999984],[-57.99743033699997,-35.335725586999956],[-57.89390224799996,-35.383355224999946],[-57.84529307499997,-35.42993875899998],[-57.80236036442152,-35.430544754429086],[-57.93314459599998,-35.35351587699995],[-57.90457763399996,-35.33770632599993],[-57.95309194099997,-35.33308335999993],[-57.92841349199995,-35.28481190699995],[-57.932751451999934,-35.25587259399998],[-57.961248025999964,-35.251245506999965],[-57.97541188699995,-35.20276425999998],[-58.00212203999996,-35.20305872399996],[-58.016137442999934,-35.14075672599995],[-58.009357044999945,-35.20409483399993],[-57.98131425999998,-35.23192621399994],[-57.97239468499998,-35.286094392999985],[-57.99049248099993,-35.31362589499997],[-58.05148757799998,-35.268275768999956],[-58.02845262799997,-35.319472479999945],[-58.07165782799996,-35.304285472999936],[-58.09868844599998,-35.264620812999965],[-58.07387989799997,-35.253316634999976],[-58.10314829099997,-35.19369785699996],[-58.08876376599994,-35.11831100599994],[-58.04495694399998,-35.08001003499993],[-58.06636636099995,-35.02748271499996],[-58.06962308799996,-35.06928645299996],[-58.094290831999956,-35.10143705799993],[-58.09129829899996,-35.03209769099993],[-58.11204590299997,-35.01183097999996],[-58.120288426999934,-35.05616452099997],[-58.14915599999995,-35.04504631999998],[-58.136903539999935,-35.10809508099993],[-58.16802642899995,-35.06306868699994],[-58.162701986999934,-34.98892252899998],[-57.601733741999965,-34.98854024199994],[-57.50811767599998,-35.02459716799996],[-57.231811522999976,-35.264526366999974],[-57.14691162099996,-35.38940429699994],[-57.13091301399999,-35.45063057699997],[-57.153198241999974,-35.494995116999974],[-57.34450983099998,-35.71524826099994],[-57.465954470999975,-35.57664255099996],[-57.457143593999945,-35.52980696599997],[-57.427033893999976,-35.51262617699996],[-57.35875551299995,-35.54576160399995],[-57.342641397999955,-35.518309915999964],[-57.48696213599993,-35.463705740999956],[-57.48628284399996,-35.42861657299994],[-57.46612460699998,-35.41721585799996],[-57.369116599999984,-35.44626444299996],[-57.34178339899995,-35.435986843999956],[-57.36493115099995,-35.401593022999975],[-57.38229998699995,-35.42339658999998],[-57.41577241199997,-35.41713355699994],[-57.41936164499998,-35.39748542499996],[-57.40049809399994,-35.39833389299997],[-57.40000178599996,-35.37812838999997],[-57.420719144999964,-35.388322563999964],[-57.44178800099996,-35.37141485799998],[-57.45079963999996,-35.40170959899996],[-57.47652462899998,-35.33909169299994],[-57.50255732099998,-35.385760320999964],[-57.49103817599996,-35.41758390499996],[-57.541700918999936,-35.41050246999998],[-57.56192965499997,-35.43424133999997],[-57.56637594599994,-35.41600200199997],[-57.49993583899993,-35.33065646799997],[-57.51677010999998,-35.30861344099998],[-57.56172316999994,-35.379808270999945],[-57.58349402699997,-35.322964421999984],[-57.60483829999998,-35.33846628899994],[-57.58821402899997,-35.364218878999964],[-57.61050605599996,-35.40808665499998],[-57.627773239999954,-35.408739398999955],[-57.63294177999995,-35.32079118099995],[-57.64401255499996,-35.42109139199994],[-57.659808289999944,-35.415240334999964],[-57.64821826599996,-35.44131607999998],[-57.73568431899997,-35.42947385999997],[-57.74345708599998,-35.403041489999964],[-57.72457806199998,-35.37637915499994],[-57.70136160299995,-35.38642974299995],[-57.689514616999986,-35.35564795799996],[-57.65918005699996,-35.335900762999984],[-57.678958094999984,-35.325881469999956],[-57.72564294099993,-35.366822559999946],[-57.727895553999986,-35.33883621299998],[-57.74225513499994,-35.34452290599995],[-57.73863594199997,-35.31416873699993],[-57.67291063799996,-35.25734830499994],[-57.59551012999998,-35.23816326899998],[-57.681391506999944,-35.24846571099994],[-57.73265799599994,-35.300464217999945],[-57.75404435399997,-35.29307574599994],[-57.77118555699997,-35.36358225799995],[-57.80400346099998,-35.347289660999934],[-57.77200226799994,-35.27640255899996],[-57.80425527199998,-35.27386574899998],[-57.78504522399999,-35.24084507499998],[-57.809773708999955,-35.24335978399995],[-57.859428933999936,-35.189318543999946],[-57.90641692299994,-35.21738644699997],[-57.923866601999976,-35.193661808999934],[-57.914162439999984,-35.14822830899993],[-57.93840379399995,-35.15373665399994],[-57.93268573299997,-35.19837364799997],[-57.90661228099998,-35.23477633099998],[-57.87927201799994,-35.22966958199993],[-57.85993062299997,-35.28501264999994],[-57.811771154999974,-35.34062626799994],[-57.81653204999998,-35.35751791599995],[-57.749578818999964,-35.38502098099997],[-57.75884615499996,-35.41549774999993],[-57.70830947099995,-35.45845210899995],[-57.781509084217724,-35.44033584053265],[-57.75034768199998,-35.46476453499997],[-57.69662766499994,-35.470470330999945],[-57.58149110299996,-35.44279456299995],[-57.537445608999974,-35.47483228599998],[-57.50904665999997,-35.47096097199994],[-57.49955241099997,-35.53887946699996],[-57.57025902999993,-35.55780676499995],[-57.53910599999995,-35.57162177599997],[-57.502452536999954,-35.56350298999996],[-57.37801061199997,-35.712784185999965],[-57.34661182499997,-35.71761799799998],[-57.356708228999935,-35.73728337299997],[-57.38284993299993,-35.733524269999975],[-57.43124395999996,-35.773477071999935],[-57.47796656699995,-35.78921922999996],[-57.49821816399998,-35.81969105999997],[-57.556225008999945,-35.84028282899993],[-57.60714766799998,-35.82467423399993],[-57.71823169399994,-35.82479657999994],[-57.71583421799994,-35.86539523399995],[-57.73635815299997,-35.88403567399996],[-57.723346764999974,-35.91831133399995],[-57.91241039399995,-35.97186115299996],[-58.00729796699994,-36.04351080199996],[-58.02144671999997,-36.00920768599997],[-57.99939564699997,-35.95385142499998],[-58.03878639499993,-35.93692739599993],[-58.04162836099994,-35.90351575699998],[-58.028467310999986,-35.896179932999985],[-58.04694065999996,-35.885385751999934],[-57.99810675799995,-35.840147410999975],[-58.019428553999944,-35.80892241599997],[-58.01245586199997,-35.78532248899995],[-57.91784979399995,-35.760775388999946],[-57.94624947199998,-35.73969621799995],[-57.967679988999976,-35.74928551299996],[-57.97693576599994,-35.700494022999976],[-57.88266024099994,-35.677084229999934],[-57.914769484999965,-35.660803063999936],[-57.97466927299996,-35.67339580699996],[-57.99633764999999,-35.65380454999996],[-57.98747990299995,-35.59340916899998],[-57.96254334599996,-35.587437027999954],[-58.02891873899995,-35.567586191999965],[-58.02992570199996,-35.55276713699993],[-58.16787779599997,-35.469727958999954],[-58.15439131099998,-35.52358287299995],[-58.19003370499996,-35.55384430799995],[-58.128897076999976,-35.530349290999936],[-58.068674431999966,-35.544981467999946],[-58.065270400999964,-35.57019366099996],[-58.01622360699997,-35.622114978999946],[-58.03210175099997,-35.65871560399995],[-57.98645514699996,-35.711577284999976],[-57.99750516399996,-35.76585419999998],[-58.023752532999936,-35.76228650999997],[-58.04711778199999,-35.78416543099996],[-58.03317875999994,-35.82794451399997],[-58.06940859799994,-35.87934943399995],[-58.04720775499993,-35.90834309099995],[-58.07365751699996,-35.94517463899996],[-58.134824970999944,-35.88629563599994],[-58.13920872799997,-35.858613513999956],[-58.18191596599996,-35.85439361799996],[-58.19327845299995,-35.81302240699995],[-58.16773404899993,-35.741049026999974],[-58.14246597299996,-35.759755232999964],[-58.11806068799996,-35.73426228499994],[-58.160670935999974,-35.72364143899995],[-58.142699284999935,-35.687884948999965],[-58.17416150699995,-35.70457793099996],[-58.19020339299993,-35.67120630799997],[-58.19921683699994,-35.73615327899995],[-58.24227955699996,-35.762744279999936],[-58.28158494199994,-35.722886090999964],[-58.29686844899999,-35.65219174699996],[-58.29348242299994,-35.734421881999936],[-58.24795571899995,-35.770378050999966],[-58.24907001999998,-35.80462156799996],[-58.295659538999985,-35.854568325999935],[-58.40466282999995,-35.81034184599997],[-58.44066797399995,-35.763815059999956],[-58.43116292099995,-35.72105335899994],[-58.456862831999956,-35.678349700999945],[-58.40167888899998,-35.60985036599993],[-58.471748899999966,-35.678140937999956],[-58.545593494999935,-35.604812428999935],[-58.54226805999997,-35.56384375799996],[-58.51391970999998,-35.53046779799996],[-58.55499324999994,-35.53352505199996],[-58.56500231399997,-35.61147200999994],[-58.542836841999986,-35.62052886099997],[-58.50810115599995,-35.70366983499997],[-58.61064188499995,-35.69502233099996],[-58.60041803499996,-35.728234948999955],[-58.65951283099997,-35.73259387699994],[-58.68600000699996,-35.71226512699997],[-58.72480778099998,-35.710214235999956],[-58.75387648599997,-35.73185498899994],[-58.80791903399995,-35.67146393199994],[-58.72971315399997,-35.61595410799998],[-58.68045061999993,-35.60995012799998],[-58.68190568999995,-35.64105744099993],[-58.711757287999944,-35.642768331999946],[-58.71968913499995,-35.68075848899997],[-58.77158033499995,-35.67879407399994],[-58.72791129299998,-35.70382489299993],[-58.69199869299996,-35.68072539899998],[-58.64997750899994,-35.711227479999934],[-58.623267132999956,-35.698476450999976],[-58.61354007399996,-35.66326459299995],[-58.67147714799995,-35.67129435299995],[-58.650063546999945,-35.64082189699997],[-58.64728750799998,-35.54603153099998],[-58.612491879999936,-35.50712024999996],[-58.63967748199997,-35.465599974999975],[-58.64240653099995,-35.500299738999956],[-58.68482679199997,-35.53503523799998],[-58.723639695999964,-35.51664031799993],[-58.72024424999995,-35.543240200999946],[-58.690888719999975,-35.54937913499998],[-58.72863616799998,-35.56873134699998],[-58.77562431499996,-35.557447346999936],[-58.767312715999935,-35.535388646999934],[-58.81866652599996,-35.50201137099998],[-58.786911041999986,-35.42998104099996],[-58.727839924999955,-35.38434766699993],[-58.71970559599998,-35.42997900499995],[-58.764205448999974,-35.446909095999956],[-58.751141976999975,-35.47332656799995],[-58.70704792699996,-35.48017764699995],[-58.71901669199997,-35.45005066599998],[-58.68883325999997,-35.44509098699996],[-58.67834432999996,-35.48561262399994],[-58.65477978299998,-35.47321789099993],[-58.673932186999934,-35.41269253699994],[-58.69666402799999,-35.418305965999934],[-58.71870681799999,-35.35981485999997],[-58.78684531299996,-35.40285379599993],[-58.79682970899995,-35.43700226699997],[-58.855732598999964,-35.47635222499997],[-58.795777499999986,-35.54231406899993],[-58.842474032999974,-35.56794602699995],[-58.83248038399995,-35.59157841699994],[-58.79246624999996,-35.60263526099993],[-58.821077086999935,-35.64473203199998],[-58.90091426299995,-35.63471350599997],[-58.84937057299999,-35.58993614599996],[-58.87942894799994,-35.54917224899998],[-58.90991397899995,-35.54120662599996],[-58.87936737699994,-35.57407680899996],[-58.93996046299998,-35.61007332899993],[-58.96304564999997,-35.58987486799998],[-58.94431122799995,-35.57100269899996],[-58.94122072699997,-35.52593209499997],[-58.984238328999936,-35.59484213799993],[-59.03378023799996,-35.561780589999955],[-59.001673539999956,-35.48594150499997],[-58.991918993999946,-35.41253183199996],[-59.027659031999974,-35.367189191999955],[-59.01185630899994,-35.33658391199998],[-58.95821520699997,-35.35052366699995],[-58.927118219999954,-35.30901088099995],[-58.94954899499999,-35.28489265999997],[-58.982368716999986,-35.325310453999975],[-59.041250038999976,-35.31510155799998],[-59.08260839999997,-35.27987548899995],[-59.08493418599994,-35.247689107999975],[-58.97407440599994,-35.17281406899997],[-58.99077052599995,-35.04233725699993],[-58.963686830138094,-35.02783024168086],[-58.99077053099995,-35.042337257999975],[-58.98787143399994,-35.159438266999985],[-59.10553366099998,-35.25076623099994],[-59.16979397299997,-35.20528257999996],[-59.183319369999936,-35.14947491299995],[-59.22266852599995,-35.114094060999946],[-59.22952937699995,-34.99512925399995],[-59.263305826999954,-35.03177920099995],[-59.23262610499995,-35.04922978999997],[-59.26096814899995,-35.05706950699994],[-59.30778207056326,-35.10690895653505],[-59.260968144999936,-35.05706950699994],[-59.23262610099994,-35.04922978899998],[-59.23333204399995,-35.12048919799997],[-59.19338695799996,-35.16040018699994],[-59.18522365999996,-35.20759584199993],[-59.13588113199995,-35.24071134199994],[-59.14642688799995,-35.291612655999984],[-59.07118511999994,-35.31182419399994],[-59.04888939399996,-35.33341914699997],[-59.06467974699996,-35.377643268999975],[-59.03444132599998,-35.39406010299996],[-59.02127019899996,-35.44387167399998],[-59.09162848899996,-35.44885033799994],[-59.09299018199994,-35.460649616999945],[-59.02476187499997,-35.48439255899996],[-59.05563105099998,-35.53358207499997],[-59.119299772999966,-35.52850188299993],[-59.21111910199994,-35.54593614099997],[-59.279076231999966,-35.57724532299994],[-59.25327643799994,-35.589865283999984],[-59.191882550999935,-35.546394239999984],[-59.16303597799998,-35.55686687599996],[-59.101414070999965,-35.54552362299995],[-59.03396477899997,-35.59309381799994],[-59.13761124499996,-35.623942383999974],[-59.15793100399998,-35.69426825299996],[-59.14199754899994,-35.70664720499997],[-59.181579462999935,-35.72214236599996],[-59.19466591699995,-35.75521313399997],[-59.32039049599996,-35.80090858699998],[-59.38577124899996,-35.808314191999955],[-59.421951339999964,-35.79480570299995],[-59.49626274299993,-35.80843714799994],[-59.57288762099995,-35.84482517599997],[-59.63936487799998,-35.84960789899998],[-59.67946169099997,-35.82454576199996],[-59.81407857399995,-35.83156091799998],[-59.86446441099997,-35.85823097699995],[-59.89068260999994,-35.90187378199994],[-60.00189901099998,-35.98325173899997],[-60.030933423999954,-35.98818398999998],[-60.13079169499997,-36.050072056999966],[-60.180428810999956,-36.05315260799995],[-60.32105969899993,-36.14636700799997],[-60.42341690999996,-36.18557456699995],[-60.478794910999966,-36.18175869899994],[-60.558760948999975,-36.21703120999996],[-60.601463543999955,-36.24874834399998],[-60.64758029799998,-36.34068343499996],[-60.77429839499996,-36.40073253199995],[-60.86177127099995,-36.47483956599996],[-60.859882426999945,-36.45434374599995],[-60.944998218999956,-36.48642692599998],[-60.939765429999966,-36.51282831399993],[-60.975084237999965,-36.56412158499995],[-60.96879488899998,-36.57824819599995],[-60.92731801299993,-36.512437672999965],[-60.85448689799995,-36.478463327999975],[-60.77578225199994,-36.42021115099993],[-60.68031520899996,-36.38429713599993],[-60.608501872999966,-36.30581913299994],[-60.59606757199998,-36.27126592099995],[-60.53422617299998,-36.224684956999965],[-60.351460448999944,-36.17426795399996],[-60.19528939299994,-36.08085701699997],[-60.11847812299993,-36.06884498699998],[-60.027827513999966,-35.99506877999994],[-59.900328221999985,-35.94590987299995],[-59.86373799499995,-35.90469756099998],[-59.85927953299995,-35.87067642599993],[-59.81309054899998,-35.85114861399995],[-59.67960065699998,-35.836538476999976],[-59.64510483399994,-35.864024867999944],[-59.55801167699997,-35.852353877999974],[-59.492069722999986,-35.82236205999993],[-59.26757092599996,-35.800899141999935],[-59.18111812199999,-35.76394215499994],[-59.17046599799994,-35.72973600399996],[-59.13034737899994,-35.704067049999935],[-59.131003032999956,-35.63918017599997],[-59.08377804199995,-35.61561789899997],[-59.022435077999944,-35.60613349299996],[-58.94623374399998,-35.63308578799996],[-58.92152418999996,-35.61670244099997],[-58.920110215999955,-35.68146341099998],[-58.90262633699996,-35.68432871799996],[-58.901706582999964,-35.64713470999993],[-58.86360523999997,-35.659310422999965],[-58.877488583999934,-35.68885954399997],[-58.87279016499997,-35.740992208999955],[-58.817488552999976,-35.710956719999956],[-58.778190983999934,-35.73260418999996],[-58.75905981999995,-35.77315076899998],[-58.74201630599998,-35.74923164699993],[-58.54988263399997,-35.76811380399994],[-58.537439734999964,-35.751001275999954],[-58.508491300999935,-35.76943400899995],[-58.46947909299996,-35.71667850399996],[-58.44955646699998,-35.74710916999993],[-58.46348187999996,-35.773652512999945],[-58.39143639799994,-35.84631701099994],[-58.31037125199998,-35.87355372199994],[-58.26027507599997,-35.86630236199994],[-58.248974346999944,-35.83463682599995],[-58.15113711999999,-35.88719139799997],[-58.16662703399999,-35.899093182999934],[-58.09352634399994,-35.94669773099997],[-58.08989264199994,-35.967115958999955],[-58.045135356999936,-35.95525214299994],[-58.02010378699998,-36.05232777599997],[-57.99963433199997,-36.05979657199998],[-57.889830115999985,-35.985984232999954],[-57.71600952399996,-35.927888536999944],[-57.70656274399994,-35.84969172299998],[-57.69077828999997,-35.838837523999985],[-57.56018088099995,-35.86328128799994],[-57.475465558999986,-35.82532939899994],[-57.38846641599997,-35.75463502599996],[-57.36206146999996,-35.75543463399998],[-57.38427734399994,-35.833923339999956],[-57.37451171899994,-35.95922851599994],[-57.32849121099997,-36.055908202999944],[-57.19122314499998,-36.212280272999976],[-57.01739501999998,-36.32318115199996],[-57.01814380999997,-36.33934659299996],[-57.01019287099996,-36.326110839999956],[-56.78730528899996,-36.33316639399993],[-56.75701904299996,-36.301269530999946],[-56.716186522999976,-36.354187011999954],[-56.69140624999994,-36.48120117199994],[-56.665283202999944,-36.88189697299998],[-56.99670410199997,-37.296997069999975],[-57.13568115199996,-37.502807616999974],[-57.41998483899994,-37.74733816699995],[-57.41240721099996,-37.70429008799994],[-57.365135762999955,-37.665134286999944],[-57.38031717299998,-37.62495695499996],[-57.344010062999985,-37.61023527399993],[-57.336433270999976,-37.57657984699995],[-57.30966094399997,-37.56454900499995],[-57.29737912199994,-37.528127550999955],[-57.31872666899994,-37.531421818999945],[-57.32121094099995,-37.55675652299993],[-57.401780739999936,-37.62079604999997],[-57.429200643999934,-37.75598287099996],[-57.50360107399996,-37.844604491999974],[-57.541562984999985,-37.96847783399994],[-57.598749862999966,-37.947635702999946],[-57.62763500199998,-37.97317417599993],[-57.60880902499997,-38.00654150499997],[-57.555833130999986,-38.04104841199995],[-57.538786064999954,-38.00617546999996],[-57.52362060499996,-38.01708984399994],[-57.544494628999985,-38.10107421899994],[-57.60479736299993,-38.13067626999998],[-57.63409423799993,-38.170593261999954],[-57.727783202999944,-38.22888183599997],[-58.030402452999965,-38.368798983999966],[-58.463877500999956,-38.52484563899998],[-58.70877374199995,-38.575173931999984],[-58.94512725799996,-38.65809247699997],[-59.854003905999946,-38.83758544899996],[-60.846923827999944,-38.979370116999974],[-61.13159179699994,-38.999389647999976],[-61.38439941399997,-38.98858642599998],[-61.55010986299993,-39.007202147999976],[-61.61248779299996,-39.005798339999956],[-61.71099853499999,-38.96722412099996],[-61.80877685499996,-38.99597167999997],[-62.062863826999944,-38.92056369499994],[-62.07499373099995,-38.907158805999984],[-62.05950735199997,-38.90005222299993],[-62.12171509099994,-38.831953330999966],[-62.10698979999995,-38.814687671999934],[-62.117024783999966,-38.80803084199994],[-62.13163285099995,-38.82800373899994],[-62.22048653999997,-38.81145624099997],[-62.304414891999954,-38.77174924099995],[-62.35409366199997,-38.71682090499996],[-62.38439941399997,-38.74188232399996],[-62.456678771999975,-38.74216822499994],[-62.49715365999998,-38.72622721399995],[-62.54451089599996,-38.742814118999945],[-62.57031249999994,-38.77349853499993],[-62.52001609699994,-38.81599985199995],[-62.41387939499998,-38.82318115199996],[-62.36749267599998,-38.87091064499998],[-62.385250257999985,-38.89409312799995],[-62.34240722699997,-38.868408202999944],[-62.32250976599994,-38.90270996099997],[-62.345275878999985,-38.95159912099996],[-62.31799316399997,-38.979370116999974],[-62.30780029299996,-39.054626464999956],[-62.356689452999944,-39.09790039099994],[-62.33502197299998,-39.13049316399997],[-62.34680175799997,-39.161010741999974],[-62.28338622999996,-39.23400878899997],[-62.327697753999985,-39.25781249999994],[-62.13733690299995,-39.292771647999984],[-62.01487737799994,-39.35567068599994],[-62.031188964999956,-39.39331054699994],[-62.08094456599997,-39.39059876099998],[-62.202514647999976,-39.30767822299998],[-62.304395461999945,-39.293674057999965],[-62.264892577999944,-39.35162353499993],[-62.23437499999994,-39.34698486299993],[-62.18164709399997,-39.39685742699993],[-62.14172363299997,-39.39898681599993],[-62.04138183599997,-39.44500732399996],[-62.110229491999974,-39.628479003999985],[-62.11279542899996,-39.667520225999965],[-62.096191405999946,-39.69500732399996],[-62.12066886499997,-39.847571709999954],[-62.385324508999986,-39.76654361899995],[-62.390641003999974,-39.73672089499996],[-62.443116618999966,-39.71105948699994],[-62.47534433799996,-39.66515995399993],[-62.48034797399998,-39.60867231199995],[-62.52069372899996,-39.584631212999966],[-62.61580088699998,-39.54528316599993],[-62.637635354999986,-39.527877064999984],[-62.71614151599994,-39.52916704399996],[-62.745589981999956,-39.51313376199994],[-62.80889147399995,-39.51168078799998],[-62.85337626699999,-39.52552167399995],[-62.90847375007688,-39.516376844374534],[-62.85516145399998,-39.534567186999936],[-62.75811148399998,-39.51823465699994],[-62.68852567399995,-39.53714287799994],[-62.63695290499999,-39.536114389999966],[-62.49582527999996,-39.60054961299994],[-62.46394132499995,-39.70607866599994],[-62.40034298599994,-39.74225670299995],[-62.39421667499994,-39.764800640999965],[-62.342684222999935,-39.79435690799994],[-62.24694886499998,-39.81750488299997],[-62.28974171099998,-39.815877770999975],[-62.300720214999956,-39.83032226599994],[-62.265197753999985,-39.85858154299996],[-62.311184639999965,-39.877203813999984],[-62.32989501999998,-39.957885741999974],[-62.340698241999974,-40.06518554699994],[-62.31738281299994,-40.14880371099997],[-62.36468505899995,-40.221374511999954],[-62.428259255495064,-40.24097077655555],[-62.47857665999999,-40.29321289099994],[-62.484497069999975,-40.32156977899996],[-62.421692603999986,-40.45939344799996],[-62.31633194799997,-40.51093006599996],[-62.36544108099997,-40.50398213699998],[-62.28406003699996,-40.55729056499996],[-62.254654812999945,-40.56164786699998],[-62.31353919999998,-40.52672829299996],[-62.214169252999966,-40.560238099999935],[-62.16900573099997,-40.60121911899995],[-62.17407226599994,-40.63616943399995],[-62.23283959699995,-40.691322070999945],[-62.31158447299998,-40.87091064499998],[-62.71429443399995,-41.03570556599993],[-62.78240522799996,-41.02541136499997],[-62.799478086999954,-40.987693354999976],[-62.94161064599996,-40.83159762199995],[-63.179012512999975,-40.72198277499996],[-63.27156942499994,-40.727419389999966]],[[-62.40405680499998,-40.22969241599998],[-62.40880804212542,-40.23190649615672],[-62.40880804212541,-40.23190649615672],[-62.40405680499998,-40.22969241599998]],[[-60.56492905999994,-35.98798692799994],[-60.53939916699994,-35.98627148399993],[-60.63563558799996,-36.09699259299998],[-60.76940958399996,-36.16019047399993],[-60.85810643199994,-36.308871428999964],[-61.122291840999935,-36.44956024199996],[-61.230479412999955,-36.48949981399994],[-61.26533712599996,-36.52571080499996],[-61.23510718199998,-36.52567264499993],[-61.19743628899994,-36.49945417299995],[-61.17271713799994,-36.51202179599994],[-61.19656976699997,-36.60620572099998],[-61.260524895999936,-36.66422351299997],[-61.29051977299997,-36.64998348699993],[-61.30411921999996,-36.671704346999945],[-61.233942112999955,-36.670098279999934],[-61.16197284699996,-36.59383839099996],[-61.13130751699998,-36.49096740799996],[-61.149889618999964,-36.47870805799994],[-60.884006961999944,-36.342943918999936],[-60.78901573699994,-36.24696379699998],[-60.78766620399995,-36.21476323099995],[-60.757633329999976,-36.16895452799997],[-60.62349927099996,-36.11204081999995],[-60.514710638999986,-35.99519760599998],[-60.42947022299995,-35.96440929099998],[-60.382064026999956,-35.985460832999934],[-60.27336042899998,-35.96271926199995],[-60.26953058599997,-35.93969404999996],[-60.35432818899994,-35.93151086599994],[-60.38368646899994,-35.95722996699993],[-60.401610751999954,-35.91848996599998],[-60.33673879299994,-35.882876101999955],[-60.29093268699995,-35.82953973499997],[-60.23579996299998,-35.83996697099997],[-60.21285009199994,-35.81205211599996],[-60.173981528999946,-35.81245639799994],[-60.09411853399996,-35.770752656999946],[-59.98097796999997,-35.682996971999955],[-59.97609991699994,-35.651837127999954],[-60.002586630999986,-35.63725233499997],[-60.033664044999966,-35.66050699899995],[-60.04680872399996,-35.701432058999956],[-60.105484685999954,-35.72298859199998],[-60.23034255799996,-35.69283330099995],[-60.42633637399996,-35.88669937099996],[-60.491556283999955,-35.91576855599993],[-60.56492905999994,-35.98798692799994]],[[-61.27379556699998,-38.80328247699998],[-61.21682475699998,-38.82625951399996],[-61.08832391899995,-38.91887344299994],[-60.96219505499994,-38.91500013899997],[-61.04892306199997,-38.904946725999935],[-61.119032549999986,-38.87963816499996],[-61.220828077999954,-38.81023936099996],[-61.27379556699998,-38.80328247699998]],[[-62.56233002899995,-36.01192149899998],[-62.49240409299995,-35.93872327199995],[-62.47330945999994,-35.89981811499996],[-62.55979384799997,-35.97088679899997],[-62.56233002899995,-36.01192149899998]],[[-62.46023614099994,-35.96802736899997],[-62.429473059999964,-36.03774396499995],[-62.37030556299999,-35.96693138799998],[-62.43257474799998,-35.92839059999994],[-62.46023614099994,-35.96802736899997]],[[-62.70016718599999,-36.335898604999954],[-62.68427172999998,-36.294890169999974],[-62.703900749999946,-36.33278963799995],[-62.70016718599999,-36.335898604999954]],[[-62.49080265799995,-36.80003789699998],[-62.52978827499999,-36.80742884399996],[-62.63649519899997,-36.88003398699993],[-62.64090539699998,-36.89813786499997],[-62.435980891999975,-36.88054496299998],[-62.45477895399995,-36.86687969999997],[-62.604270043999975,-36.88670954199995],[-62.525284703999944,-36.81920734299996],[-62.43607698799997,-36.77988407399994],[-62.41175820199999,-36.799115736999966],[-62.45501772799997,-36.83827232099998],[-62.51234585199995,-36.852967423999985],[-62.37514655899997,-36.84206948199994],[-62.37548479199995,-36.870123741999976],[-62.342314047999935,-36.89827956299996],[-62.55330283799998,-36.95098802299998],[-62.610272090999956,-36.99750544799997],[-62.567214071999956,-37.02805293799997],[-62.55624223299998,-37.00998923599997],[-62.47894021899998,-37.02897270899996],[-62.471690354999964,-37.05349541499993],[-62.43290778699998,-37.03754154999996],[-62.41796569799993,-37.00102106899993],[-62.39648612599996,-37.008456388999946],[-62.39031400699997,-36.945619990999944],[-62.29389956399996,-36.95498401699996],[-62.29781534099993,-36.92787230999994],[-62.18772237699994,-36.90707694899993],[-62.14772126299994,-36.88010936999996],[-62.10910334299996,-36.88796130399993],[-62.087311058999944,-36.85582561399997],[-61.994693549999965,-36.86390006499994],[-61.976172926999936,-36.899877207999964],[-61.98816793999998,-36.92197962199998],[-61.96012826599997,-36.90894336599996],[-61.91168715499998,-36.92131361699995],[-61.922584460999985,-36.902543711999954],[-61.842155521999985,-36.89390651299993],[-61.888660749999985,-36.86532157399995],[-61.940659238999956,-36.87383927299993],[-61.98069550099996,-36.86188004799993],[-62.00720493999995,-36.83795446499994],[-61.92887778299996,-36.85785987899993],[-61.92310692899997,-36.819215129999975],[-61.97126451799994,-36.829196776999936],[-61.973772904999976,-36.80964546299998],[-61.885100414999954,-36.79962462999998],[-61.837616854999965,-36.82424629199994],[-61.88756669899993,-36.814443790999974],[-61.90655296799997,-36.840499025999975],[-61.84521912099996,-36.87338160199994],[-61.77631698699997,-36.883054311999956],[-61.76955137699997,-36.86001686199995],[-61.79675374999994,-36.83314264899997],[-61.762532464999936,-36.78306114299994],[-61.69026597499993,-36.82085024699995],[-61.707873982999956,-36.787598119999984],[-61.76389466599994,-36.772602278999955],[-61.722700747999966,-36.73858524899998],[-61.64375781599995,-36.726784006999935],[-61.626369075999946,-36.700547219999976],[-61.573669689999974,-36.70213755299994],[-61.607105959999956,-36.74315205599993],[-61.60611064999995,-36.766954485999975],[-61.58837356599997,-36.733606358999964],[-61.555083244999935,-36.75092812799994],[-61.548304703999975,-36.72610104199998],[-61.475560686999984,-36.68143109699997],[-61.55062822199994,-36.66816876699994],[-61.91505792399994,-36.79222519299998],[-61.99085300999997,-36.786897565999936],[-62.00069399599994,-36.80682618099996],[-62.056102084999964,-36.82880740199994],[-62.099509388999934,-36.828270429999975],[-62.10630295599998,-36.84832991999997],[-62.32142873699996,-36.892208969999956],[-62.34270849799998,-36.86001739699998],[-62.30145117799998,-36.82211635099998],[-62.36862605599998,-36.83120192499996],[-62.34050198999995,-36.81209547799995],[-62.39403567499994,-36.81371876199995],[-62.381927202999975,-36.769409295999935],[-62.457513346999974,-36.76583939899996],[-62.49080265799995,-36.80003789699998]],[[-62.70697608299997,-37.021950077999975],[-62.70674008199995,-37.046391813999946],[-62.803867794999974,-37.094184936999966],[-62.78654618199994,-37.107251119999944],[-62.67059627799995,-37.04239394199993],[-62.61544043099997,-37.07504459499995],[-62.609833597999966,-37.035131382999964],[-62.640096262999975,-37.00792091699998],[-62.67715894999998,-37.00187165299997],[-62.70697608299997,-37.021950077999975]],[[-62.328345741999954,-38.69392429099997],[-62.33741967699996,-38.70562847299993],[-62.26921041999998,-38.76520517599994],[-62.17936854799996,-38.751560918999985],[-62.18174745899995,-38.70968080299997],[-62.328345741999954,-38.69392429099997]],[[-62.86478687999994,-37.094039288999966],[-62.81413620699993,-37.07952638599994],[-62.82690995899998,-37.06474137799995],[-62.95148987799996,-37.08513160799998],[-62.96719527699997,-37.129134947999944],[-62.82301389799994,-37.18405047099998],[-62.78161665099998,-37.172627371999965],[-62.771630484999946,-37.127348936999965],[-62.786279270999955,-37.14173864899993],[-62.82925936099997,-37.10298665899995],[-62.86478687999994,-37.094039288999966]],[[-62.91058591199999,-38.04414077699994],[-62.933066236999935,-38.06349384499998],[-62.95372230799995,-38.08391804299998],[-62.90414050399994,-38.07465758099994],[-62.91058591199999,-38.04414077699994]],[[-62.45519147799996,-40.57497192599993],[-62.43052087799998,-40.586598024999944],[-62.59023221299998,-40.56505465199996],[-62.515306659999965,-40.61367977899994],[-62.45532641799997,-40.625228970999956],[-62.41253208899997,-40.598796042999936],[-62.345257223999965,-40.63378418099995],[-62.34905250199995,-40.666292372999976],[-62.42335929199999,-40.63399604299997],[-62.48304152299994,-40.631771534999984],[-62.457069616999945,-40.67183190999998],[-62.377522031999945,-40.70959536699996],[-62.390558607999935,-40.717728214999966],[-62.474485923999964,-40.68687936499998],[-62.495459969999956,-40.65582792599997],[-62.53600456899994,-40.66597620599998],[-62.51801341899994,-40.68480205599997],[-62.55165442799995,-40.70277177999998],[-62.49991694199997,-40.73930165399997],[-62.26191480399996,-40.74070507899995],[-62.24553901899998,-40.70630782999996],[-62.30039431599994,-40.69525954899996],[-62.28234905399995,-40.66120042899996],[-62.20719486399997,-40.63633782299996],[-62.23284549999994,-40.63698460399996],[-62.231362925999974,-40.598949269999935],[-62.26417397599994,-40.58925215099998],[-62.31743403799999,-40.58968291899998],[-62.442542396999954,-40.55055117799998],[-62.45519147799996,-40.57497192599993]],[[-62.89295786499997,-39.71726763299995],[-63.05749768099997,-39.69132485999995],[-63.094858589999944,-39.70175055499993],[-63.02418066399997,-39.738649764999934],[-62.943577689999984,-39.74480064099998],[-62.900612689999946,-39.73457711899994],[-62.89295786499997,-39.71726763299995]],[[-62.63948367499995,-40.59760388199993],[-62.63320730099997,-40.57971647399995],[-62.66797355999995,-40.55565798499998],[-62.72229061599995,-40.53548808499994],[-62.752785889999984,-40.54685484099997],[-62.72458553499996,-40.575874743999975],[-62.63948367499995,-40.59760388199993]],[[-62.857952947999934,-40.44816480099996],[-62.89281913599996,-40.42110005599994],[-62.95241909599997,-40.41592117099998],[-62.981737771999974,-40.44702042799997],[-63.03780010699995,-40.46158398399996],[-63.178761949999966,-40.44330685099993],[-63.006359799999984,-40.503612103999956],[-62.857952947999934,-40.44816480099996]],[[-63.14137722799995,-40.135183274999974],[-63.12204710293945,-40.09864389071024],[-63.17239575999997,-40.09686962199993],[-63.21830561699994,-40.130998691999935],[-63.14137722799995,-40.135183274999974]],[[-63.286931306999975,-39.42123216799996],[-63.36799775099996,-39.42984427799996],[-63.339033867999945,-39.448387320999984],[-63.286931306999975,-39.42123216799996]],[[-63.050919988999965,-38.67533906299997],[-63.02555214499995,-38.65885492199993],[-63.05643137599998,-38.60093173299998],[-63.087158569999986,-38.603055359999985],[-63.116319648999934,-38.64447994999995],[-63.050919988999965,-38.67533906299997]],[[-63.21905736999997,-39.122943298999985],[-63.34829395699995,-39.090394946999936],[-63.34239329899998,-39.11089517399995],[-63.21905736999997,-39.122943298999985]],[[-62.925290391999965,-38.726033014999985],[-62.978690419999964,-38.73860356399996],[-63.002080890999935,-38.770013062999965],[-62.93170837499997,-38.788935083999945],[-62.90128895199996,-38.75176703999995],[-62.925290391999965,-38.726033014999985]],[[-63.137281034999944,-37.29599912499998],[-63.121240901999954,-37.27992752599994],[-63.12630545099995,-37.26061525899996],[-63.16719695599994,-37.256402513999944],[-63.170714604999944,-37.28105111399998],[-63.137281034999944,-37.29599912499998]],[[-62.77236924599998,-37.53966606199998],[-62.809342166999954,-37.546537703999945],[-62.78399508299998,-37.57520522699997],[-62.77236924599998,-37.53966606199998]],[[-63.355667205999964,-37.20257213299993],[-63.334025716999975,-37.21770478399998],[-63.33615188899995,-37.183363981999946],[-63.355667205999964,-37.20257213299993]],[[-62.55716899199996,-40.905791087999944],[-62.52529120999998,-40.914244665999945],[-62.488103389999935,-40.90025519499994],[-62.50801272399997,-40.86336149599998],[-62.51540389099995,-40.901238906999936],[-62.55716899199996,-40.905791087999944]],[[-62.41868318799993,-40.81566363799993],[-62.44746830299994,-40.805642648999935],[-62.43665009299997,-40.84041968499997],[-62.41868318799993,-40.81566363799993]],[[-62.46742633799994,-40.834617080999976],[-62.50083664699997,-40.845156815999985],[-62.47457655399995,-40.86547884299995],[-62.46742633799994,-40.834617080999976]],[[-63.361732588999985,-39.53918773799995],[-63.320412664999935,-39.57609360299995],[-63.24788783099996,-39.59650940299997],[-63.12439355199996,-39.611795805999975],[-63.10510458799996,-39.571832047999976],[-63.293186085999935,-39.50413015899994],[-63.361732588999985,-39.53918773799995]],[[-62.85929233899998,-35.882775349999974],[-62.88714535999998,-35.88893386199993],[-62.887374628999964,-35.93465348299998],[-62.85929233899998,-35.882775349999974]],[[-62.923257751999984,-35.79707372299998],[-62.91587237899995,-35.79333340199997],[-62.91147716499995,-35.77873451499994],[-62.923257751999984,-35.79707372299998]],[[-62.53953871099998,-38.04811831599994],[-62.55578186599996,-38.079893124999955],[-62.50137437199999,-38.06324431899998],[-62.479587020999986,-38.04056469999995],[-62.45525197799998,-38.05710903599993],[-62.448847941999986,-38.013928618999955],[-62.53953871099998,-38.04811831599994]],[[-62.54640936499999,-37.90867288199996],[-62.51057137799995,-37.93320535799995],[-62.52239772799999,-37.89188926199995],[-62.54640936499999,-37.90867288199996]],[[-62.54501381799997,-37.89368924599995],[-62.53794045099994,-37.881898939999985],[-62.600539992999984,-37.86988659599996],[-62.63444159599999,-37.88687673499993],[-62.54501381799997,-37.89368924599995]],[[-62.845188519999965,-37.78479623099997],[-62.89424812799996,-37.82225368799993],[-62.85447184099996,-37.81537081299996],[-62.845188519999965,-37.78479623099997]],[[-62.73091492799995,-36.924168004999956],[-62.78509136099996,-36.93819949999994],[-62.82913572799998,-36.991894086999935],[-62.73302147099997,-36.94043795099998],[-62.734927210999956,-36.974129338999944],[-62.64969910399998,-36.95966832499994],[-62.73091492799995,-36.924168004999956]],[[-62.484395706999976,-35.98053245799997],[-62.51851236699997,-36.00903436799996],[-62.55088871799995,-36.060051845999965],[-62.47783423299995,-35.99761894799997],[-62.484395706999976,-35.98053245799997]],[[-62.70967412799996,-35.881500898999946],[-62.729222009999944,-35.890724216999956],[-62.73816781299996,-35.93323513099995],[-62.70967412799996,-35.881500898999946]],[[-62.296548761999986,-40.79342811699996],[-62.33773559699995,-40.782371669999975],[-62.36098952799995,-40.80322063899996],[-62.296548761999986,-40.79342811699996]],[[-61.38097758599997,-36.38070883499995],[-61.41251961699999,-36.40327568399994],[-61.384226798999975,-36.401028562999954],[-61.38097758599997,-36.38070883499995]],[[-61.701990886999965,-36.62001271899993],[-61.943329044999984,-36.66023048999995],[-61.72926486999995,-36.63321673299998],[-61.73655411699997,-36.67852643899994],[-61.702218294999966,-36.66276661099994],[-61.655963733999954,-36.67110467599997],[-61.53844437299995,-36.61016176199996],[-61.707252765999954,-36.65367238599998],[-61.701990886999965,-36.62001271899993]],[[-61.94723112599996,-36.73545398599998],[-61.820421815999964,-36.73267641399997],[-61.75073865199994,-36.71504464399993],[-61.76500139199999,-36.70916704699994],[-61.94723112599996,-36.73545398599998]],[[-61.93679518799996,-36.770860185999936],[-61.96339206199997,-36.744911739999964],[-62.22944495199994,-36.80767936899997],[-62.05241306199997,-36.78310878099995],[-61.98304129799993,-36.75478057899994],[-61.93679518799996,-36.770860185999936]],[[-62.39780428599994,-36.036095692999936],[-62.36603098399996,-36.01227238299998],[-62.35416918699997,-35.96560582199993],[-62.39780428599994,-36.036095692999936]],[[-62.44047774599994,-36.13054106399994],[-62.37099985599997,-36.08066763399995],[-62.32354065099997,-35.982741835999946],[-62.37851996899997,-36.04224108599993],[-62.44047774599994,-36.13054106399994]],[[-61.97666588299995,-36.69979997299998],[-61.938781304999964,-36.705980764999936],[-61.82037330099996,-36.68807657199994],[-61.78293024499993,-36.66489271299997],[-61.97666588299995,-36.69979997299998]],[[-62.13141182499999,-36.769843425999966],[-62.10956895999993,-36.75342805099996],[-62.21115091499996,-36.753429746999984],[-62.13141182499999,-36.769843425999966]],[[-61.66593081299993,-36.55057402899996],[-61.61289455499997,-36.54622650799996],[-61.67154843299994,-36.51292969599996],[-61.69111033599995,-36.536983402999965],[-61.66593081299993,-36.55057402899996]],[[-61.95463668999997,-34.63197544099995],[-61.833511285999975,-34.63016186799996],[-61.827678178999975,-34.66182643999997],[-61.87398274399993,-34.66934079199996],[-61.82338977399996,-34.687022163999984],[-61.76168719399993,-34.661366233999956],[-61.72367314699994,-34.67305133899998],[-61.68212332799993,-34.623702983999976],[-61.64819791599996,-34.64479554199994],[-61.67589981699996,-34.58384615799997],[-61.658366135999984,-34.56653656499998],[-61.620618674999946,-34.57222176099998],[-61.59318797199995,-34.54092108599997],[-61.689285810999934,-34.54561659099994],[-61.69114569699997,-34.623014884999975],[-61.72717121299996,-34.66335093099997],[-61.761700496999936,-34.654675691999955],[-61.81401212199995,-34.66492667099993],[-61.80236218199997,-34.631849295999984],[-61.84134393599999,-34.61184748299996],[-61.851042149999955,-34.584716868999976],[-61.92941723299998,-34.62152302599998],[-62.00446886299994,-34.583989119999956],[-62.07168028799998,-34.572804291999944],[-62.050716647999934,-34.52312697199994],[-62.086901463999936,-34.55165692899993],[-62.08376449399998,-34.58192283699998],[-62.11536225399993,-34.62369954999997],[-62.01991875799996,-34.602165931999934],[-61.95463668999997,-34.63197544099995]],[[-62.415617863999955,-34.73237223299998],[-62.442335929999956,-34.72652253699994],[-62.446515535999936,-34.737734031999935],[-62.415617863999955,-34.73237223299998]],[[-62.24985045599993,-34.932639252999934],[-62.23225886499995,-34.90924950099998],[-62.28906423999996,-34.91366408499994],[-62.287289520999934,-34.92666775699996],[-62.24985045599993,-34.932639252999934]],[[-62.18082654699998,-34.708404712999936],[-62.23433654099995,-34.75736574399997],[-62.263496748999955,-34.731120449999935],[-62.27582690899993,-34.74367036199993],[-62.24954472899998,-34.774487851999936],[-62.187123791999966,-34.737665455999945],[-62.18082654699998,-34.708404712999936]],[[-61.61693400499996,-38.77418393399995],[-61.54881688199998,-38.79509276599998],[-61.60472328099996,-38.75674447599994],[-61.61693400499996,-38.77418393399995]],[[-61.22235063599999,-37.765446088999965],[-61.25777444199997,-37.77556692199994],[-61.25362938999996,-37.82203552999994],[-61.22235063599999,-37.765446088999965]],[[-61.18536668899998,-37.66365786599994],[-61.14665519199997,-37.664857525999935],[-61.13163575799996,-37.643808424999975],[-61.18536668899998,-37.66365786599994]],[[-61.50129731499999,-36.77902917399996],[-61.53341843499999,-36.75988382899993],[-61.57947395899998,-36.78170437799997],[-61.50129731499999,-36.77902917399996]],[[-61.46557430499996,-36.55275406699997],[-61.501709794999954,-36.57107096699997],[-61.49622178699997,-36.608072523999965],[-61.45352999099998,-36.609105531999944],[-61.45333516699998,-36.63846787899996],[-61.398309309999945,-36.63444604799997],[-61.43383799099996,-36.62359020799994],[-61.43470979399996,-36.59655765699995],[-61.36621225999994,-36.57909910199993],[-61.38555685999995,-36.56327675299997],[-61.494415645999936,-36.58897603199995],[-61.46557430499996,-36.55275406699997]],[[-61.59618511299993,-34.353282143999934],[-61.61121857799998,-34.29191607699994],[-61.638182788999984,-34.35218289699998],[-61.616834825999945,-34.39116756499993],[-61.59618511299993,-34.353282143999934]],[[-61.70110049699997,-34.763092438999934],[-61.73758693299993,-34.67828059899995],[-61.847851865999985,-34.79400306699995],[-61.836436669999955,-34.81297531499996],[-61.80601258299998,-34.79711526699998],[-61.79989932299998,-34.76902271199998],[-61.69466124999997,-34.816708397999946],[-61.63197119999995,-34.753450716999964],[-61.62996980799994,-34.804177840999955],[-61.60282567399997,-34.80461844499996],[-61.593868922999945,-34.76085851899995],[-61.62179099999997,-34.73019021399995],[-61.67799027999996,-34.739663519999965],[-61.70110049699997,-34.763092438999934]],[[-61.55773156199996,-34.48532185799996],[-61.54086953099994,-34.42287541099995],[-61.57446135999999,-34.41592571599995],[-61.57787973899997,-34.43254719799995],[-61.68476189799998,-34.41643998699993],[-61.68132251499998,-34.456896850999954],[-61.656894584999975,-34.46320013199994],[-61.696227378999936,-34.493988843999944],[-61.69915982899994,-34.527331956999944],[-61.598974134999935,-34.47224787499994],[-61.58908903899999,-34.49757874299996],[-61.576466934999985,-34.45409810499996],[-61.55773156199996,-34.48532185799996]],[[-61.812450455999965,-34.58182399999998],[-61.79123485599996,-34.53046586299996],[-61.79109068399998,-34.48444089299994],[-61.819540968999945,-34.55736386399997],[-61.812450455999965,-34.58182399999998]],[[-61.72719797899998,-34.61537683299997],[-61.74151955599996,-34.56177696999998],[-61.752260149999984,-34.60577770699996],[-61.72719797899998,-34.61537683299997]],[[-61.52574293499998,-34.35775602999996],[-61.535979372999975,-34.37439245599995],[-61.519483107999974,-34.352801392999936],[-61.52574293499998,-34.35775602999996]],[[-59.723646058999975,-33.789378487999954],[-59.69520461422574,-33.82749552569739],[-59.723646057999986,-33.789378487999954],[-59.77354974599996,-33.77530023699995],[-59.762283707999984,-33.76136360899994],[-59.799481232880524,-33.777478079743865],[-59.723646058999975,-33.789378487999954]],[[-59.641785447821015,-33.80661945032084],[-59.67432853899999,-33.819337208438],[-59.64178544799995,-33.80661945099996],[-59.641785447821015,-33.80661945032084]],[[-60.52949100799998,-34.67691018199997],[-60.526713997999934,-34.67418204899997],[-60.53101583499995,-34.673565587999974],[-60.52949100799998,-34.67691018199997]],[[-60.537312277999945,-33.970902183999954],[-60.544975772999976,-33.97202066799997],[-60.54011235099995,-33.97519350299996],[-60.537312277999945,-33.970902183999954]],[[-60.23695428199994,-34.04891003199998],[-60.233921487999964,-34.05143617699997],[-60.21989181999999,-34.051758905999975],[-60.23695428199994,-34.04891003199998]],[[-60.38654576899995,-34.19378968299998],[-60.392250640999976,-34.19226419299997],[-60.39186360699995,-34.19924674499998],[-60.38654576899995,-34.19378968299998]],[[-60.248247711999966,-33.31749416799994],[-60.26211703699994,-33.331320593999976],[-60.24740008499998,-33.323466629999984],[-60.248247711999966,-33.31749416799994]],[[-60.45170182399994,-33.67119569399995],[-60.45025951699995,-33.67465514299994],[-60.444413027999985,-33.672161984999946],[-60.45170182399994,-33.67119569399995]],[[-60.209696974999986,-33.75683105099995],[-60.20478109299995,-33.75705630199997],[-60.197058212999934,-33.74704006799993],[-60.209696974999986,-33.75683105099995]],[[-59.860810664999974,-33.83684014599993],[-59.83789485125952,-33.830633472387895],[-59.84421979799998,-33.81646007499995],[-59.76492450699993,-33.81086969199998],[-59.84421979899997,-33.81646007499995],[-59.860810664999974,-33.83684014599993]],[[-59.74960146951818,-33.81655158143333],[-59.749813484278626,-33.812881723418094],[-59.75395383199998,-33.811060865999934],[-59.74960146951818,-33.81655158143333]],[[-59.76078437299998,-33.89356021699996],[-59.81298200454186,-33.94048124958813],[-59.76078437199993,-33.89356021699996],[-59.722822528999984,-33.89101514799995],[-59.71274856399998,-33.86304329999996],[-59.72282253099996,-33.89101514799995],[-59.76078437299998,-33.89356021699996]],[[-59.94112607499994,-33.91291200599994],[-59.94252155899994,-33.906905766999955],[-59.95025776099993,-33.911445338999954],[-59.94112607499994,-33.91291200599994]],[[-59.766970234772764,-33.96072254488829],[-59.85991660999997,-33.947292267999956],[-59.766970234999974,-33.96072254499995],[-59.766970234772764,-33.96072254488829]],[[-59.62877961899994,-33.83383834699998],[-59.678381213999955,-33.84434912399996],[-59.628779618905114,-33.83383834719179],[-59.62877961899994,-33.83383834699998]],[[-59.95244685299997,-33.919667782999966],[-59.955326955999965,-33.92222835999996],[-59.94404629899998,-33.92073555099995],[-59.95244685299997,-33.919667782999966]],[[-59.92414970999994,-33.954526847999944],[-59.95539576199997,-33.93204379499997],[-59.924149710999984,-33.954526847999944],[-59.94713128899997,-33.986314569999934],[-59.92414970999994,-33.954526847999944]],[[-60.55345972699996,-33.69415381099998],[-60.55804415999995,-33.69931808499996],[-60.56239525899997,-33.70862527199995],[-60.55345972699996,-33.69415381099998]],[[-60.56186169499995,-33.72190664599998],[-60.565306577999934,-33.71911201199998],[-60.56602471999997,-33.72266941199996],[-60.56186169499995,-33.72190664599998]],[[-60.56709226099997,-33.73236591799997],[-60.574722461999954,-33.73560863299997],[-60.571224969999946,-33.74039561099994],[-60.56709226099997,-33.73236591799997]],[[-60.514788195999984,-33.77428513499996],[-60.51247078899996,-33.781208197999945],[-60.51019309299994,-33.77802113599995],[-60.514788195999984,-33.77428513499996]],[[-60.799779429999944,-33.842201271999954],[-60.79636562899998,-33.84536000999998],[-60.79234098599994,-33.841456784999934],[-60.799779429999944,-33.842201271999954]],[[-60.596570646999965,-33.89771958999995],[-60.592723202999935,-33.89925663699995],[-60.59173093099997,-33.89562633399993],[-60.596570646999965,-33.89771958999995]],[[-60.255637168999954,-34.31097309099994],[-60.266650148999986,-34.29528453499995],[-60.274356574999956,-34.321464583999955],[-60.255637168999954,-34.31097309099994]],[[-60.24716187299998,-34.813139975999945],[-60.23119216827327,-34.81204563759117],[-60.234020044999966,-34.81127983699997],[-60.24716187299998,-34.813139975999945]],[[-60.029792724999936,-34.99733813699993],[-60.019464495999955,-35.01896696899996],[-60.040484926999966,-34.961984997999934],[-60.029792724999936,-34.99733813699993]],[[-60.374674298999935,-34.439067517999945],[-60.37897610199997,-34.43943393699993],[-60.38000116099994,-34.44287892099993],[-60.374674298999935,-34.439067517999945]],[[-60.36634386099996,-34.44282720699994],[-60.370399033999945,-34.43870133599995],[-60.374674298999935,-34.439067517999945],[-60.36634386099996,-34.44282720699994]],[[-59.76999163195747,-34.00552110613567],[-59.79720890599998,-34.009379115999934],[-59.85218917399993,-34.04781058499998],[-59.83949969599996,-34.09490007299996],[-59.85218917299994,-34.04781058499998],[-59.76999163195747,-34.00552110613567]],[[-60.36974704199997,-34.26375447799995],[-60.34347020183498,-34.296086052417714],[-60.342588399999954,-34.28006631899996],[-60.36974704199997,-34.26375447799995]],[[-59.99961274799995,-37.17280122799997],[-60.03922307899995,-37.134420872999954],[-60.02287852899997,-37.11128689399993],[-60.01259929999998,-37.022050631999946],[-59.97554445399999,-37.004335321999974],[-59.92624280599995,-36.92897504699994],[-59.89925955699994,-36.95844693599997],[-59.868344760999946,-36.95758294099994],[-59.902196894999975,-36.93412684799995],[-59.90933678899995,-36.86294119899998],[-59.936053553999955,-36.88177030399993],[-59.94742485599994,-36.93055195599993],[-60.00165728999997,-36.98092289899995],[-60.08344164899995,-37.153889869999944],[-60.068984271999966,-37.17753728699995],[-60.03825550099998,-37.185064014999966],[-59.99961274799995,-37.17280122799997]],[[-60.693617218999975,-38.85499741599995],[-60.756379856999956,-38.84416913299998],[-60.76471661399995,-38.87051352599997],[-60.71280032399994,-38.871827028999974],[-60.693617218999975,-38.85499741599995]],[[-61.02106863499995,-38.87391361199997],[-60.97170502999995,-38.86222910799995],[-61.01663766499996,-38.83995337599998],[-61.065387114999965,-38.84604934699996],[-61.02106863499995,-38.87391361199997]],[[-60.695186803999945,-38.71953040599993],[-60.713690155999984,-38.743604938999965],[-60.684705021999946,-38.75123512099998],[-60.695186803999945,-38.71953040599993]],[[-60.765029184999946,-38.72403564699994],[-60.77368574099995,-38.75373100099995],[-60.735223703999964,-38.746148320999964],[-60.765029184999946,-38.72403564699994]],[[-60.67641967399999,-38.79232481799994],[-60.756625919999976,-38.79456146699994],[-60.73839982099997,-38.810780600999976],[-60.67675151999998,-38.81938499499995],[-60.67641967399999,-38.79232481799994]],[[-60.484320400999934,-38.45363431399994],[-60.464111066999976,-38.46787765099998],[-60.41951380399996,-38.43614008399993],[-60.484320400999934,-38.45363431399994]],[[-60.79090308699995,-37.268299173999935],[-60.80415528599997,-37.29581524099996],[-60.760335460999954,-37.28778895199997],[-60.79090308699995,-37.268299173999935]],[[-60.215973806999955,-38.343519802999936],[-60.09005297999994,-38.34065239499995],[-60.08796040499993,-38.32392172699997],[-60.181055828999945,-38.32511200199997],[-60.215973806999955,-38.343519802999936]],[[-60.14826163999999,-37.80118751699996],[-60.23842156599994,-37.83259584199993],[-60.163306861999956,-37.822979474999954],[-60.13599888699997,-37.839521255999955],[-60.11600491099995,-37.81277805499997],[-60.14826163999999,-37.80118751699996]],[[-59.64622952199994,-35.404255948999946],[-59.62566206599996,-35.445491052999955],[-59.64426254199998,-35.45910743299993],[-59.71665205199997,-35.449308334999955],[-59.77209213899994,-35.47953731499996],[-59.76209406399994,-35.430044727999984],[-59.745634122999945,-35.419428323999966],[-59.87242087899995,-35.422108557999934],[-59.833500329999936,-35.445699177999984],[-59.80185104499998,-35.43360522699993],[-59.79038815399997,-35.467713119999985],[-59.93849065999996,-35.466987761999974],[-60.022574858999974,-35.52412205899998],[-60.04348323499994,-35.510978303999934],[-60.042484452999986,-35.44689351499994],[-60.110993977999954,-35.495880229999955],[-60.023106767999934,-35.53194383099998],[-60.03087888599998,-35.54717524499995],[-60.08197987099999,-35.556407407999984],[-60.09687107899998,-35.57543792399997],[-60.142574854999964,-35.56123130799995],[-60.22414892299997,-35.62953464499998],[-60.27645328799997,-35.602190673999985],[-60.216071804999956,-35.58165809099995],[-60.18543052399997,-35.550387618999935],[-60.227438346999975,-35.53970087999994],[-60.275751937999985,-35.56306134299996],[-60.27030910899998,-35.579666964999944],[-60.31852305499996,-35.59036210599993],[-60.28301467399996,-35.63261225799994],[-60.21750914799998,-35.65414593099996],[-60.166523507999955,-35.64952704499996],[-60.11374091799996,-35.62878457299996],[-60.10876816999996,-35.60507024899994],[-60.17637566099995,-35.633714175999955],[-60.19549754899998,-35.61970296199996],[-60.156658456999935,-35.59070040299997],[-60.09799875799996,-35.58992500199997],[-60.04532989799998,-35.56404659699996],[-60.028653747999954,-35.60127690699994],[-60.076553170999944,-35.64604216899994],[-60.04506011899997,-35.64928219999996],[-60.00678718599994,-35.619812356999944],[-59.97884278199996,-35.569947688999946],[-60.00064563899997,-35.553537010999946],[-59.98004833299996,-35.51561769999995],[-59.91999118399997,-35.490967351999984],[-59.72077095999998,-35.49198397499998],[-59.608670605999976,-35.46888902499995],[-59.503816237999956,-35.48874801899996],[-59.58666535399993,-35.454558480999935],[-59.62556239199995,-35.397580474999984],[-59.721999351999955,-35.33245579099997],[-59.76918272599994,-35.34336499999995],[-59.64622952199994,-35.404255948999946]],[[-60.49914196499998,-35.81035142099995],[-60.446832753999956,-35.813975193999966],[-60.46630901899994,-35.84787615799996],[-60.43886822699994,-35.84953302799994],[-60.40538966199995,-35.76942157399998],[-60.461389752999935,-35.80478083899993],[-60.51810778399994,-35.79079281899993],[-60.49914196499998,-35.81035142099995]],[[-60.71709857899998,-35.01504906599996],[-60.68251166699997,-35.02363060099998],[-60.63790281699994,-34.99152117999995],[-60.65710862099996,-34.95478403499993],[-60.706364717999975,-34.93785398099993],[-60.77643484299995,-34.98077688999996],[-60.83086456899997,-34.98596059199997],[-60.83496321699994,-35.00450364699998],[-60.77715501999995,-35.01964146299997],[-60.75857515499996,-34.98157697199997],[-60.67585125699998,-34.986304934999964],[-60.71709857899998,-35.01504906599996]],[[-60.99336705199994,-35.02114359899997],[-61.03430555399996,-35.01960291199998],[-61.046519381999985,-35.04216289999994],[-60.99336705199994,-35.02114359899997]],[[-58.47280709499995,-35.936364054999956],[-58.40593476599997,-35.92662061799996],[-58.42281033099994,-35.89059286599996],[-58.493199638999954,-35.91678242699993],[-58.47280709499995,-35.936364054999956]],[[-58.24958129299995,-35.98354551199998],[-58.315924990999974,-36.01346535799996],[-58.206379407999975,-36.007301405999954],[-58.24958129299995,-35.98354551199998]],[[-58.21507084499996,-37.639096516999984],[-58.21191686499998,-37.64179357199998],[-58.209287582999934,-37.63730090399997],[-58.21507084499996,-37.639096516999984]],[[-57.41114763599995,-37.60193541399997],[-57.38717744599995,-37.57214998599994],[-57.403050924999945,-37.57015935199996],[-57.41114763599995,-37.60193541399997]],[[-57.522927325999945,-37.45540686199996],[-57.54690228099997,-37.45444582699997],[-57.526415078999946,-37.48876617299993],[-57.522927325999945,-37.45540686199996]],[[-57.61889883499998,-35.904624791999936],[-57.562880536999955,-35.91677155399998],[-57.58294671599998,-35.88266501399994],[-57.61889883499998,-35.904624791999936]],[[-57.333175488999984,-37.286155407999956],[-57.31135862699995,-37.30712182199994],[-57.27285213299996,-37.30832989499993],[-57.26172918299994,-37.28315214699995],[-57.29406257399995,-37.27894937299993],[-57.303968718999954,-37.232226535999985],[-57.23535920099994,-37.229884468999956],[-57.25232317999996,-37.20852474099996],[-57.33399633199997,-37.22213915799995],[-57.333175488999984,-37.286155407999956]],[[-57.282246301999976,-36.99923039299995],[-57.22380091699995,-37.02570029399993],[-57.220712066999965,-37.01119065599994],[-57.27782138699996,-36.98009944599994],[-57.30986662599997,-37.00233874699995],[-57.29387212199998,-37.017782258999944],[-57.282246301999976,-36.99923039299995]],[[-57.14083763899998,-37.20912934299997],[-57.18023207799996,-37.143803177999985],[-57.19270138999997,-37.17714154999993],[-57.14083763899998,-37.20912934299997]],[[-57.781100554999966,-36.80918846399993],[-57.74345256299995,-36.82360828199995],[-57.77297423599998,-36.76337197199996],[-57.794604376999985,-36.758968032999974],[-57.781100554999966,-36.80918846399993]],[[-57.71631795999997,-36.85666840399995],[-57.69769069599994,-36.88976327199998],[-57.683621237999944,-36.85344282199998],[-57.71631795999997,-36.85666840399995]],[[-57.303805600999965,-37.42622639499996],[-57.27872169099999,-37.44678397299998],[-57.253600207999966,-37.42650181799996],[-57.303805600999965,-37.42622639499996]],[[-57.21617450599996,-36.56005009799998],[-57.18347129799997,-36.56559913499996],[-57.159181847999946,-36.53385612899996],[-57.16329163499995,-36.49224986899998],[-57.22932003799997,-36.49154402199997],[-57.205408673999955,-36.52066683499993],[-57.21617450599996,-36.56005009799998]],[[-57.56090317199994,-36.41711158499993],[-57.528560735999974,-36.42759752699993],[-57.56505524499994,-36.38754299599998],[-57.56090317199994,-36.41711158499993]],[[-56.894955926999955,-36.83966327999997],[-56.90818572499995,-36.90072787099996],[-56.85972537499998,-36.884769596999945],[-56.87571841199997,-36.84405794899993],[-56.894955926999955,-36.83966327999997]],[[-56.95534785399997,-36.91645406799995],[-56.948597665999955,-36.85502790399994],[-57.00322862199994,-36.86485268499996],[-56.990890784999976,-36.93762048399998],[-56.936812990999954,-36.950448938999955],[-56.95534785399997,-36.91645406799995]],[[-57.59530709399996,-36.99953944599997],[-57.64436585999994,-36.97972790199998],[-57.65391670399998,-36.99366596099998],[-57.59530709399996,-36.99953944599997]],[[-57.61056118299996,-37.10846124699998],[-57.63769994199998,-37.14949334599993],[-57.606924713999945,-37.154424347999964],[-57.61056118299996,-37.10846124699998]],[[-59.413675455999964,-35.11248272699993],[-59.370804293657436,-35.0932216271939],[-59.41367545793551,-35.11248272697098],[-59.413675455999964,-35.11248272699993]],[[-59.33616772507735,-35.112834158389866],[-59.33616772399995,-35.11283415899993],[-59.3165595718565,-35.10874116633125],[-59.33616772507735,-35.112834158389866]],[[-59.147917044999986,-35.15067405699995],[-59.133946424965934,-35.14935405610915],[-59.14791704516104,-35.15067405654275],[-59.147917044999986,-35.15067405699995]],[[-57.75780473599997,-35.50240450599995],[-57.76298627999995,-35.56031914399995],[-57.73250225399994,-35.55449757699995],[-57.75780473599997,-35.50240450599995]],[[-57.68227784399994,-35.689140297999984],[-57.72129202599996,-35.69775681899995],[-57.68098404199998,-35.727259068999956],[-57.68227784399994,-35.689140297999984]],[[-57.61247890399994,-35.18343810699997],[-57.60450161499995,-35.19432401699993],[-57.61247883599998,-35.18343810699997],[-57.61247890399994,-35.18343810699997]],[[-57.49829134299995,-35.15865449699993],[-57.459093774999985,-35.11123396199997],[-57.48615842299995,-35.088375808999956],[-57.45909384399994,-35.11123393199995],[-57.49829134299995,-35.15865449699993]],[[-57.55502995599994,-35.23682121199994],[-57.480487762999985,-35.18952369599998],[-57.48354226799995,-35.17321720099994],[-57.480487842999935,-35.189523701999974],[-57.55502995599994,-35.23682121199994]],[[-57.43592444899997,-35.20201174699997],[-57.452109993999954,-35.229520761999936],[-57.43592440699996,-35.202011744999936],[-57.47711047399997,-35.17466495899998],[-57.43592444899997,-35.20201174699997]],[[-57.49549968499997,-35.26210303299996],[-57.495499647999964,-35.262103011999955],[-57.48288017999994,-35.24649666899995],[-57.49549968499997,-35.26210303299996]],[[-57.47672963399998,-35.29711551099996],[-57.448954328999946,-35.27999052499996],[-57.457230348999985,-35.24891903199995],[-57.44895441299997,-35.279990529999964],[-57.47672963399998,-35.29711551099996]],[[-57.24820558799996,-35.35300324199994],[-57.33268368499995,-35.31151277299995],[-57.350048492999974,-35.27475532999995],[-57.33268373299995,-35.31151277599997],[-57.24820558799996,-35.35300324199994]],[[-57.149541965295064,-35.42017105691554],[-57.14954196299993,-35.42017105499997],[-57.15215347818913,-35.416350000667535],[-57.149541965295064,-35.42017105691554]],[[-57.13204991699996,-35.45076315699998],[-57.18291562999997,-35.50553585199998],[-57.18291553299997,-35.50553586099994],[-57.13204991699996,-35.45076315699998]],[[-57.263542288999986,-35.51443654399998],[-57.32444517783814,-35.538846175272205],[-57.324445164999986,-35.53884619299998],[-57.263542288999986,-35.51443654399998]]],[[[-61.78149118699997,-36.778880070999946],[-61.77535980399995,-36.79614704499994],[-61.812711727999954,-36.813601466999955],[-61.83135657899999,-36.790128263999975],[-61.78149118699997,-36.778880070999946]]],[[[-60.201588931999936,-35.75116735299997],[-60.23749894799994,-35.81057832699997],[-60.28433863199996,-35.787347928999964],[-60.250481570999966,-35.745349716999954],[-60.46194972699993,-35.95713941699995],[-60.49954175299996,-35.96339205499993],[-60.32089027599994,-35.783355642999936],[-60.24624593699997,-35.732883276999985],[-60.201588931999936,-35.75116735299997]]],[[[-60.15709431299996,-35.755259484999954],[-60.12666970499998,-35.76532264599996],[-60.15757196599998,-35.784508389999985],[-60.20513891799993,-35.78758744899994],[-60.15709431299996,-35.755259484999954]]],[[[-58.75144558499994,-34.82666170899995],[-58.846830015999956,-34.833757781999964],[-58.881526882999935,-34.80678515699998],[-58.839912684999945,-34.83105710199993],[-58.75735007199995,-34.81593283199993],[-58.75144558499994,-34.82666170899995]]],[[[-58.56793474099993,-34.391755316999934],[-58.532582985999966,-34.393170045999966],[-58.52393851499994,-34.42361513999998],[-58.555823541999985,-34.42287806699994],[-58.56793474099993,-34.391755316999934]]],[[[-58.57081228699997,-34.29324483199997],[-58.534736255999974,-34.331013739999946],[-58.526242121999985,-34.38584715799993],[-58.55707715099999,-34.367825427999946],[-58.57081228699997,-34.29324483199997]]],[[[-58.52396448799993,-34.34137024699993],[-58.53661130299997,-34.307686057999945],[-58.489850254999965,-34.345557708999934],[-58.52396448799993,-34.34137024699993]]],[[[-58.434433550999984,-34.265234729999975],[-58.48113005799996,-34.25056117499997],[-58.49235683699993,-34.214943904999984],[-58.434433550999984,-34.265234729999975]]],[[[-58.429406513999936,-34.227101749999974],[-58.42897476199994,-34.19736982999996],[-58.39908698299996,-34.23203383999993],[-58.429406513999936,-34.227101749999974]]],[[[-58.44612462799995,-34.14984611899996],[-58.37772835699997,-34.191486752999936],[-58.38274964599998,-34.206475198999954],[-58.40069934199994,-34.20693469599996],[-58.44609732299995,-34.16618172999995],[-58.44612462799995,-34.14984611899996]]],[[[-58.38361319799998,-34.16629767499995],[-58.418541893999986,-34.14618942399994],[-58.41741300499996,-34.12112141899996],[-58.37758783899994,-34.13670260799995],[-58.38361319799998,-34.16629767499995]]],[[[-58.46637235099996,-34.22023096799995],[-58.526522210999985,-34.15288419199993],[-58.575157015999935,-34.13077254299998],[-58.57832097499994,-34.086390190999964],[-58.60516442599999,-34.05092088499998],[-58.54484140899996,-34.06795916999994],[-58.475039693999975,-34.12272029899998],[-58.44966616499994,-34.19229657599993],[-58.46637235099996,-34.22023096799995]]],[[[-58.388984078999954,-34.11296689499994],[-58.437362148999966,-34.10348093599998],[-58.422806037999976,-34.08826700399993],[-58.38115159399996,-34.096202783999956],[-58.388984078999954,-34.11296689499994]]],[[[-58.47801450999998,-34.11233986299993],[-58.47416636999998,-34.08019657299997],[-58.44870248299998,-34.102571316999956],[-58.47801450999998,-34.11233986299993]]],[[[-58.497718806999956,-34.097053191999976],[-58.58059358999998,-34.03351933699997],[-58.50808555399993,-34.03244512099997],[-58.485899968999945,-34.052837764999936],[-58.497718806999956,-34.097053191999976]]],[[[-58.454790582999976,-34.08949956899994],[-58.48346728599995,-34.03457716999998],[-58.41069317999995,-34.04027062599994],[-58.38148486599994,-34.08237254799997],[-58.44537601999997,-34.07256261699996],[-58.454790582999976,-34.08949956899994]]],[[[-58.96620815499995,-33.92826949099998],[-58.897722974999965,-33.897415603999946],[-58.857758554999975,-33.950550875999966],[-58.95500286699996,-33.955250486999944],[-58.96620815499995,-33.92826949099998]]],[[[-59.02510821599998,-33.85779989799994],[-58.98385210299995,-33.85882386499998],[-59.033575893999966,-33.89749984899993],[-59.02510821599998,-33.85779989799994]]],[[[-59.21106194999999,-33.819273349999946],[-59.188592049999954,-33.81454766199994],[-59.134194364999985,-33.85541169499993],[-59.045166294999945,-33.84590673099996],[-59.04801538899994,-33.89973330099997],[-59.02807412599998,-33.90298672999995],[-58.99057126799994,-33.872260402999984],[-58.919306597999935,-33.88798090999995],[-59.00302233499997,-33.932701720999944],[-59.20429719499998,-33.85095657299996],[-59.21106194999999,-33.819273349999946]]],[[[-58.23268063799998,-35.19712630499998],[-58.29327852999995,-35.09938117099995],[-58.28538577699999,-35.048403485999984],[-58.231817138999986,-35.073441807999984],[-58.158388452999986,-35.13663987199993],[-58.117909199999986,-35.13378762999997],[-58.13073858699994,-35.21949570099997],[-58.11113639299998,-35.256095062999975],[-58.163477574999945,-35.22259211599993],[-58.168869996999945,-35.16941322899993],[-58.18681535199994,-35.19432035199998],[-58.23268063799998,-35.19712630499998]]],[[[-58.18885302899997,-34.98939567899998],[-58.171631153999954,-34.98908042299996],[-58.176472804999946,-35.03579634399995],[-58.213063552999984,-35.07109823299993],[-58.217037311999945,-35.04398910899994],[-58.18885302899997,-34.98939567899998]]],[[[-58.308222342999954,-35.05812227399997],[-58.332220561999975,-35.04341895099998],[-58.32971123599998,-34.99241641799995],[-58.276597841999944,-34.99139713699998],[-58.308222342999954,-35.05812227399997]]],[[[-58.26631025699999,-34.99093837099997],[-58.201833188999956,-34.989631696999936],[-58.24529574899998,-35.05344262699998],[-58.269953320999946,-35.02871135799995],[-58.26631025699999,-34.99093837099997]]],[[[-58.33638258599996,-34.992584756999975],[-58.34178602399999,-35.03300728399995],[-58.412207921999936,-34.99458490199993],[-58.33638258599996,-34.992584756999975]]]]}},{"type":"Feature","properties":{"PROV":"Córdoba"},"geometry":{"type":"MultiPolygon","coordinates":[[[[-65.14225385399993,-33.194468925999956],[-65.03775481999998,-33.12950090199996],[-65.04687548399994,-33.07662340199994],[-65.00397769799997,-33.00146739099995],[-65.01920345799994,-32.96640514099994],[-64.99428064799997,-32.91132748899997],[-64.97319967699997,-32.89982258799995],[-64.95362773899996,-32.72620736299996],[-64.91816885699996,-32.666546392999976],[-64.92456286999999,-32.61411485299993],[-64.89275069899998,-32.59786024599998],[-64.87672716199995,-32.56662466299997],[-64.88226307299993,-32.53053872299995],[-64.90583488299995,-32.51771965199998],[-64.89598836299996,-32.487371836999955],[-64.92398030699997,-32.44114227199998],[-64.95418598899994,-32.22282993999994],[-64.92760880999998,-32.05295811099995],[-64.94027731599994,-31.986587871999973],[-64.92537911699998,-31.93537973499997],[-64.86132537199995,-31.834340362999967],[-64.85040538299995,-31.772659518999944],[-64.87827903499993,-31.633027841999933],[-64.85446527299996,-31.570474589999947],[-64.85987610199999,-31.52026354399993],[-64.83189080999995,-31.477741673999958],[-64.81396205899995,-31.288129037999965],[-64.84821648899998,-31.295988388999945],[-64.91125740499996,-31.395800288999965],[-64.91417983599996,-31.46070758999997],[-64.93808118799996,-31.46902788099993],[-64.97332583899998,-31.59534699099993],[-64.91575469299994,-31.76112743899995],[-64.93420840099998,-31.81233309099997],[-64.91628673499997,-31.85461711199997],[-64.97417737799998,-31.89832584399994],[-64.94879394899993,-32.06914915799996],[-64.97492698099995,-32.20565988699997],[-64.96843239299994,-32.27651309799995],[-64.98165338899997,-32.30280674099998],[-64.96861442799997,-32.317184649999945],[-65.21353840099994,-32.32594318399998],[-65.21527428399997,-32.23597475299994],[-65.23275961599995,-32.21148167299998],[-65.24862833499998,-32.09065817499993],[-65.31772989399997,-32.039977963999945],[-65.64588265699996,-31.903012298999954],[-65.77763133199994,-31.888603128999932],[-65.78091292499994,-31.025491168999963],[-65.60382874999993,-30.58933306499995],[-65.54405115999998,-30.79004419599994],[-65.50934245199994,-30.790846365999982],[-65.49353584999994,-30.71109250899997],[-65.54169762999999,-30.64768190999996],[-65.54951897799998,-30.55117096999993],[-65.36441084899997,-30.37005709699997],[-65.31612546799994,-30.34396120499997],[-65.26947456399995,-30.266949330999978],[-65.05536915499994,-30.17378700699993],[-64.92979178199994,-30.164175730999943],[-64.76511535099996,-30.125872809999976],[-64.69468278099998,-30.05780329499993],[-64.67881200099998,-30.01237397099993],[-64.67278279699997,-29.85143539799998],[-64.82939365099998,-29.738265990999935],[-64.85690757999998,-29.67332799299993],[-64.86166261299996,-29.601562265999974],[-64.83617546899995,-29.550580985999943],[-64.61715015699997,-29.526978394999958],[-64.58240631299998,-29.593865421999965],[-64.56022388499997,-29.71719104799996],[-64.53931546799998,-29.732058235999943],[-64.50225402799998,-29.691354487999945],[-64.46777479599996,-29.682673121999983],[-64.37411171999997,-29.527292983999928],[-64.34052433499994,-29.506965656999967],[-63.97629355199996,-29.549407043999963],[-63.95950409899996,-29.62348477499995],[-63.87421504499997,-29.623651155999937],[-63.82382470899995,-29.56616420499995],[-63.78936674499994,-29.566292653999938],[-63.76277108499994,-29.604418774999942],[-63.79802923099999,-29.614511653999955],[-63.78815410699997,-29.640452856999957],[-63.47157822799994,-29.675162272999955],[-63.475499164999974,-29.716681193999932],[-63.44734075699995,-29.71910546199996],[-63.44735887199994,-29.75596213999995],[-62.83651316999993,-29.854980299999966],[-62.78586874699994,-29.97594049299994],[-62.69059575999995,-30.055629086999943],[-62.55831230199993,-30.08211966199997],[-62.58433742099999,-30.094739940999943],[-62.642845387999955,-30.214825039999937],[-62.70711711699994,-30.26352640999994],[-62.90408036499997,-30.319005600999958],[-62.983724964999965,-30.36549151899993],[-63.14316807899996,-30.418504539999958],[-63.24628850399995,-30.39961829899994],[-63.30758961999999,-30.354000956999982],[-63.30876520999993,-30.29551089499995],[-63.34534297199997,-30.31942276199993],[-63.36996452899996,-30.370221710999942],[-63.35857298999997,-30.41865102199995],[-63.32470594499995,-30.439462461999938],[-63.26246691299997,-30.55077875799998],[-63.195960268999954,-30.56978592799993],[-63.16961498399996,-30.613629811999942],[-63.09126932799995,-30.65378242199995],[-63.08946886799998,-30.69921760799997],[-63.022339002999956,-30.74438803299995],[-62.95944080299995,-30.759974477999947],[-62.88205431499995,-30.830679010999972],[-62.86166601499997,-30.86079313999994],[-62.87600403299996,-30.927857639999957],[-62.86487491299994,-30.95038685299994],[-62.76858269199994,-30.916912000999957],[-62.73588965299996,-30.94920616099995],[-62.70474499799997,-30.952895246999958],[-62.66873614599996,-30.91835233699993],[-62.56050539399996,-30.87771529099996],[-62.465542977999974,-30.90875694899995],[-62.39408757599995,-30.903277594999963],[-62.40184075099995,-30.92966537799998],[-62.22914475899995,-30.86508475399995],[-62.18492866499997,-30.804408399999943],[-62.17779583499998,-30.733719261999966],[-62.18973533099995,-30.699323886999935],[-62.17975983399998,-30.63210146299997],[-62.21523859299998,-30.537477447999947],[-62.17615717999996,-30.428641831999983],[-62.18124079599994,-30.347611334999954],[-62.128317857999946,-30.478566823999984],[-61.84439473499998,-30.749226688999954],[-62.12157139699997,-31.60484159799995],[-62.23527782499997,-31.693841352999982],[-62.202708910999945,-31.756104594999954],[-62.220288248999964,-31.89314051599996],[-62.17113993099997,-31.947177352999972],[-62.16570731199994,-31.998778736999952],[-62.20034778999997,-32.13474475899994],[-62.13289108999999,-32.20700867399995],[-62.04948111899995,-32.253943351999965],[-62.00100311999995,-32.38333575599995],[-62.110196960999986,-32.39182121899995],[-62.16713918499994,-32.38081190699995],[-62.03553747899997,-32.31393370199993],[-62.03983237799997,-32.28715964299994],[-62.11970068499994,-32.33587596799998],[-62.13772052599995,-32.31983099499996],[-62.08297035299995,-32.27984103399996],[-62.14947881499995,-32.300909521999984],[-62.18598997299995,-32.36594229099995],[-62.23570059699995,-32.40601909299994],[-62.34367362399996,-32.42428648099997],[-62.47074163099995,-32.39196310999995],[-62.55062218099994,-32.40512167999998],[-62.71297085499998,-32.34016871399996],[-62.74148232999994,-32.31400313699993],[-62.811843419999946,-32.32537881899998],[-62.838861218999966,-32.30931805199998],[-62.828855680999936,-32.285366805999956],[-62.869681843999956,-32.300389165999945],[-62.89751228599994,-32.29174499199996],[-62.94454528299997,-32.243305858999975],[-63.00974661499998,-32.20804807899998],[-62.962757119999935,-32.18026158499998],[-62.81065639299999,-32.236698339999975],[-62.78072547499994,-32.22535789999995],[-62.68036664099998,-32.241852420999976],[-62.72614622599997,-32.21722978699995],[-62.69393000399998,-32.19725363499998],[-62.65506550499998,-32.20653080499994],[-62.62743896599994,-32.17307953899996],[-62.67000717299999,-32.18717723499998],[-62.696501154999964,-32.17582807499997],[-62.668322031999935,-32.14850133199997],[-62.54416418599993,-32.090236808999975],[-62.58924614199998,-32.089717234999966],[-62.62390702099998,-32.05220248799998],[-62.72110654499994,-32.14645220299997],[-62.80223410899998,-32.166526277999935],[-62.861931296999956,-32.20968902499993],[-62.88574072299997,-32.18144525399998],[-62.94253124399995,-32.161692280999944],[-63.02082946399997,-32.19032997199997],[-63.06098903499998,-32.17898810299994],[-63.09036163099995,-32.15026975099994],[-63.214789964999966,-32.15930323899994],[-63.26135620499997,-32.130686459999936],[-63.31601134199997,-32.12890065399995],[-63.27582425199995,-32.094691814999976],[-63.244037608999975,-32.09800434699997],[-63.117558103999954,-32.04120332699995],[-63.11131232199995,-31.98168020299994],[-62.978173596999966,-31.881708386999946],[-62.796863532999964,-31.89083572499993],[-62.77431225899994,-31.86139997799995],[-62.81870571899998,-31.874055003999956],[-62.860132344999954,-31.865150278999977],[-62.84250630199995,-31.82836558599996],[-62.790368212999965,-31.846391537999978],[-62.69169833299998,-31.841919060999942],[-62.60194315199993,-31.792490424999983],[-62.561376174999964,-31.757608105999964],[-62.52303037799999,-31.671202747999928],[-62.53217261499998,-31.66598300499993],[-62.597313731999975,-31.772574679999934],[-62.68006343899998,-31.820641402999968],[-62.71707188099998,-31.81491930599998],[-62.753549126999985,-31.832851518999973],[-62.82204178999996,-31.813082218999966],[-62.98117558399997,-31.86047542999995],[-63.05542476299996,-31.920075818999976],[-63.12645242699995,-31.953613894999933],[-63.14416448999998,-32.01832973499995],[-63.204306745999986,-32.04393051099993],[-63.215222998999934,-32.03315242299993],[-63.275818851999986,-32.068409438999936],[-63.33773058899993,-32.07379444299994],[-63.34490012799995,-32.11707279199993],[-63.415575581999974,-32.11463552399994],[-63.419757782999966,-32.13937132799998],[-63.456639964999965,-32.14561341299998],[-63.459460278999984,-32.11347105599998],[-63.48438871899998,-32.136448762999976],[-63.52132807199996,-32.11102237599994],[-63.51132254199996,-32.14323214899997],[-63.537254391999966,-32.17373823699995],[-63.68906040799993,-32.21683252599996],[-63.90602833899999,-32.16203436099994],[-64.05575481799997,-32.14243945599998],[-64.32480735299998,-32.18075955599994],[-64.32603785399994,-32.19809489299996],[-64.26706903799999,-32.20648952999994],[-64.14712508199995,-32.18458302499994],[-63.97278544999995,-32.23469609299997],[-63.76265385499994,-32.232677594999984],[-63.69472691599998,-32.251986460999944],[-63.62180883899998,-32.32011618299998],[-63.493441795999956,-32.38117694199997],[-63.44275057899995,-32.444510769999965],[-63.31448955999997,-32.505359545999966],[-63.22025437699995,-32.59150211699995],[-63.29738360199997,-32.496560441999975],[-63.45439283199994,-32.42037664099996],[-63.478386730999944,-32.37416533199996],[-63.63625969399993,-32.28890971199996],[-63.60973361899994,-32.27359046199996],[-63.474890337999966,-32.32972102999997],[-63.44988403199994,-32.38105096199996],[-63.23043539499997,-32.432780116999936],[-63.089953322999975,-32.53281536099996],[-63.03348439699994,-32.54310157899994],[-63.03871225599994,-32.58152590199995],[-62.985156047999965,-32.60046311999997],[-62.97582722699997,-32.619052883999984],[-62.858403804999966,-32.63954628499994],[-62.81378505699996,-32.61384180299996],[-62.75544850899996,-32.63604729699995],[-62.68955545199998,-32.626121705999935],[-62.65279226999996,-32.63660978099995],[-62.63875507499995,-32.62045836899995],[-62.54093827199995,-32.64179922099993],[-62.52374933699997,-32.63141465199993],[-62.479143713999974,-32.66099972199993],[-62.435528301999966,-32.66421067199997],[-62.42916344099996,-32.62106440699995],[-62.463386714999956,-32.59850639299998],[-62.50640029099998,-32.59583240599994],[-62.546280739999986,-32.56306098799996],[-62.59900985899998,-32.579573524999944],[-62.59067197699994,-32.56187248999993],[-62.61823407299994,-32.55547741099997],[-62.709618784999975,-32.59545046499994],[-62.93512684299998,-32.60490282699993],[-63.002482019999945,-32.56908840199998],[-63.02458173799994,-32.52413243899997],[-63.13379947799996,-32.48545834299995],[-63.22489195999998,-32.41652542099996],[-63.211000644999956,-32.38034208899995],[-63.33038416399995,-32.29147212699996],[-63.37292659899998,-32.292246632999934],[-63.392630760999964,-32.274737992999974],[-63.32102379199995,-32.24938381299995],[-63.187348835999956,-32.29519670399998],[-63.06301039699997,-32.30546703599998],[-62.938488974999984,-32.35938648999996],[-62.88376759499994,-32.35959705799996],[-62.80890632499995,-32.40388572799998],[-62.69161222499997,-32.43059986099996],[-62.61066701799996,-32.408608234999974],[-62.57036877199994,-32.42896687899997],[-62.44838248199994,-32.44751635299997],[-62.42220372899993,-32.47344539499994],[-62.202189947999955,-32.412622505999934],[-62.02621241999998,-32.42811501199998],[-61.98819692999996,-32.408957217999955],[-61.929624675999946,-32.48660893699997],[-61.932224331999976,-32.541887680999935],[-61.89368147899995,-32.60509623699994],[-61.95858972599996,-32.66276625699993],[-61.93237481099993,-32.69267702999997],[-61.85878473399998,-32.69897253899995],[-61.79326766699995,-32.77700694999993],[-61.77644966399998,-32.92360102599997],[-61.79613069699997,-32.95824607199995],[-61.802220087999956,-33.02217717299993],[-61.87878715399995,-33.07747826099995],[-61.89496286299993,-33.11096195299996],[-61.970121508999966,-33.17628557299997],[-62.484054912999966,-33.89442553199996],[-62.880871758999945,-34.38439362099996],[-63.38181837299999,-34.38332252699996],[-63.38734967199997,-34.99801275799996],[-65.11629164299995,-34.99964041099997],[-65.11570220699997,-33.69874824899995],[-65.14225385399993,-33.194468925999956]],[[-61.79564638699998,-32.95043227899998],[-61.797619143001164,-32.972394761961674],[-61.797619143001135,-32.97239476196143],[-61.79564638699998,-32.95043227899998]],[[-61.800482929637575,-33.00146071603827],[-61.821058189999974,-33.030560409999964],[-61.800482929637575,-33.001460716038274],[-61.800482929637575,-33.00146071603827]],[[-64.06013466599995,-31.323632234999934],[-64.31118957699994,-31.340678787999934],[-64.30929718099998,-31.539183433999938],[-64.05960304899997,-31.532954274999952],[-64.06013466599995,-31.323632234999934]],[[-63.632074029999956,-31.499508981999952],[-63.87522095999998,-31.55311469999998],[-63.96926380499997,-31.559213351999972],[-64.04431232399997,-31.599810657999967],[-64.14607569799995,-31.707474025999943],[-64.18288819499998,-31.716782338999963],[-64.25434989299998,-31.78611111999993],[-64.28967170099997,-31.794312416999958],[-64.35241130599996,-31.740158425999937],[-64.39702942499997,-31.72712230899998],[-64.34223693099995,-31.778096394999977],[-64.38425296199995,-31.829028824999966],[-64.30563225399999,-31.80580599299998],[-64.28998434499994,-31.81633864899993],[-64.24467954599999,-31.807479677999936],[-64.16639003199998,-31.722069761999933],[-64.08020759999994,-31.72755627199996],[-64.02280046999994,-31.67987984399997],[-63.879375719999985,-31.68200740599997],[-63.83529826399996,-31.69219414199995],[-63.80066044999995,-31.73589944799994],[-63.64289534899996,-31.78300066099996],[-63.64644965799994,-31.815141066999956],[-63.627508888999955,-31.824272677999943],[-63.584512797999935,-31.803801729999975],[-63.574144212999954,-31.840312989999973],[-63.52245900099996,-31.807833692999964],[-63.473616462999985,-31.831263856999954],[-63.430824143999985,-31.818499746999976],[-63.41714366399998,-31.84779817699996],[-63.38629078599996,-31.825262889999976],[-63.35251461699994,-31.85006279099997],[-63.40906678599998,-31.860974605999957],[-63.448341239999934,-31.887210426999957],[-63.34729964099995,-31.86540301699995],[-63.321323769999935,-31.835288101999936],[-63.274876192999955,-31.838722796999946],[-63.265459755999984,-31.860809625999934],[-63.16947243799996,-31.77777505699993],[-63.056776069999955,-31.714206628999932],[-62.949582034999935,-31.68048755999996],[-62.82730018199999,-31.66929565299995],[-62.79816259599994,-31.683451348999938],[-62.68067308299999,-31.642944012999976],[-62.721331830999986,-31.636890758999982],[-62.791264498999965,-31.659084608999933],[-62.96274555699995,-31.672298224999963],[-63.08846925199998,-31.71511133499996],[-63.12513895799998,-31.745372820999933],[-63.14076737099998,-31.731918476999965],[-63.221042101999956,-31.79203770999993],[-63.22918752999993,-31.764955413999928],[-63.273138925999945,-31.804054915999984],[-63.31990478299997,-31.80167178499994],[-63.29936159199997,-31.817803526999967],[-63.42113933799993,-31.815598604999934],[-63.52548281299994,-31.75929069999995],[-63.73377253399997,-31.705196823999984],[-63.737876048999965,-31.687380969999936],[-63.65858847199996,-31.69484848199994],[-63.56122492099996,-31.67645877999996],[-63.54197897199998,-31.711315379999974],[-63.51227742399993,-31.714207985999963],[-63.383586407999985,-31.661299162999967],[-63.34993251599997,-31.625850039999932],[-63.31349013499994,-31.632101433999935],[-63.27566045899994,-31.603499172999932],[-63.24864576899995,-31.611202167999977],[-63.15935019999995,-31.560996617999933],[-62.98819919899995,-31.512353822999955],[-62.93012275299998,-31.529179673999977],[-62.86306844099994,-31.48448352099996],[-62.93758172799994,-31.500050751999936],[-62.959035152999945,-31.488324407999983],[-63.06633350699997,-31.493230394999955],[-63.08568432299995,-31.521719257999962],[-63.25892873699996,-31.59455520399996],[-63.28291129399997,-31.579867269999966],[-63.19832343099995,-31.497455249999973],[-63.05979805399994,-31.46558448099995],[-62.98367940099996,-31.42299425699997],[-62.97589595199997,-31.38815544399995],[-63.02574753299996,-31.392483573999982],[-63.15959997599998,-31.447168484999963],[-63.18739879499998,-31.43411808899998],[-63.21209578999998,-31.44667661799997],[-63.23863855099995,-31.430596415999958],[-63.28855219199994,-31.44501742799997],[-63.29959661299995,-31.43392012299995],[-63.35721138499997,-31.486018256999955],[-63.491275188999964,-31.508902690999946],[-63.65731745099998,-31.591809832999957],[-63.895217926999976,-31.655793795999955],[-63.99496019999998,-31.646165081999982],[-64.08405771799994,-31.71086397299996],[-64.10520839799995,-31.68529458499995],[-64.00897789099997,-31.600350239999955],[-63.94474016099997,-31.573082290999935],[-63.85280444199998,-31.56701583499995],[-63.63546678399996,-31.517414895999934],[-63.57887444399995,-31.487087490999954],[-63.55948592899995,-31.426936608999938],[-63.632074029999956,-31.499508981999952]],[[-63.79204853199997,-33.14395550599994],[-63.75321828099999,-33.14636761899993],[-63.739475279999965,-33.11113752199998],[-63.773616767999954,-33.08507145999994],[-63.79204853199997,-33.14395550599994]],[[-64.23930047099998,-33.153787901999976],[-64.27761615199995,-33.10754640799996],[-64.30755261399997,-33.10743453499998],[-64.44880191899995,-32.94289638599997],[-64.51567172799997,-32.90329197899996],[-64.54804539599996,-32.82394900399993],[-64.65675377699995,-32.73256722199994],[-64.67536943899995,-32.70870562799996],[-64.63765910399997,-32.655131765999954],[-64.69677393299997,-32.67199860299996],[-64.72062494199997,-32.723635943999966],[-64.59798313999994,-32.79219245199994],[-64.55554499999994,-32.88680290099995],[-64.65634374599995,-32.86700750999995],[-64.74000914799996,-32.782687745999965],[-64.75778513499995,-32.808184696999945],[-64.66774845099997,-32.87897074099993],[-64.71022076499997,-32.89274517999996],[-64.76398562599996,-32.83975759599997],[-64.75663426799997,-32.88380803499996],[-64.83695324399997,-32.905009846999974],[-64.81555448299997,-32.91713811499994],[-64.69408650999998,-32.909855049999976],[-64.61748268099996,-32.89004132799994],[-64.51089139199996,-32.93290637599995],[-64.28941161199998,-33.15252770999996],[-64.23930047099998,-33.153787901999976]],[[-64.12062984499994,-34.17376408499996],[-64.15588622699994,-34.22770779299998],[-64.14504960299996,-34.24120007999994],[-64.09435631599996,-34.23769904399995],[-64.04152095399996,-34.196630623999965],[-63.86662347699996,-34.188815095999985],[-63.819814761999965,-34.20181997099996],[-63.77993644099996,-34.25663793399997],[-63.68169345999996,-34.29119584499995],[-63.65462344699995,-34.32122109799997],[-63.611565817999974,-34.286833136999974],[-63.66693709799995,-34.27825150999996],[-63.69375890099997,-34.245417532999966],[-63.665451538999946,-34.20125166299994],[-63.56183870299998,-34.25181162299998],[-63.553530775999945,-34.31240944499996],[-63.53175769699993,-34.31365928499997],[-63.52815789899995,-34.249215161999985],[-63.503965241999936,-34.22512682799993],[-63.553211664999935,-34.19013693599993],[-63.52780111199996,-34.161058029999936],[-63.463943014999984,-34.14102411899995],[-63.43999083299997,-34.10359857499998],[-63.431118598999944,-34.04328064199996],[-63.401901547999955,-34.02354004499995],[-63.424416217999976,-34.00343099699995],[-63.43423524599996,-33.96130483799993],[-63.39112566399996,-33.85971835199996],[-63.36006794499997,-33.84007599399996],[-63.350628074999975,-33.81370238799997],[-63.32157977099996,-33.828385337999975],[-63.30719334799994,-33.76278923999996],[-63.27073479499995,-33.73208402299997],[-63.21675110799998,-33.719495424999934],[-63.21362117499996,-33.69257166799997],[-63.23805821299999,-33.66631771699997],[-63.227680471999975,-33.62473516099993],[-63.15748603099996,-33.549543755999935],[-63.140657877999956,-33.55367105299996],[-63.12629123199997,-33.71176115999998],[-63.10058147899997,-33.68234644699993],[-63.12019502199996,-33.63700413699996],[-63.099041658999965,-33.59821558699997],[-63.04171884799996,-33.586535648999984],[-63.08792053099995,-33.55576614699993],[-63.060445364999964,-33.49307736299994],[-62.95701638999998,-33.42904319199994],[-62.88592886999999,-33.42998966199997],[-62.84298764999994,-33.39695524499996],[-62.80427912699997,-33.39376845899994],[-62.78549011699994,-33.36997901999996],[-62.77633150199995,-33.26018243699997],[-62.84965558899995,-33.31720125399994],[-62.878389218999985,-33.38619672799996],[-62.97704325199999,-33.42163053899998],[-63.119147028999976,-33.43047126299996],[-63.11071387599998,-33.483291804999965],[-63.15447322199998,-33.52511816599997],[-63.19080621399996,-33.506247524999935],[-63.215675533999956,-33.537883772999976],[-63.27235953699994,-33.53478625799994],[-63.324421539999946,-33.65529738399994],[-63.44853810099994,-33.67473531099995],[-63.48153892299996,-33.71009788499998],[-63.511424430999966,-33.68903158499995],[-63.46338307199994,-33.79427022699997],[-63.47480021599995,-33.871073009999975],[-63.52832906699996,-33.95690636399996],[-63.58673279299995,-34.01202602199993],[-63.61659662499994,-33.99483710599998],[-63.63640600399998,-34.01463254999993],[-63.62813755499997,-34.053791366999974],[-63.722240632999956,-34.05962903899996],[-63.75860089599996,-34.05165419499997],[-63.76070288999995,-34.02321868799993],[-63.799311554999974,-34.03141077199996],[-63.86283222299994,-34.01071978899995],[-63.91974224499995,-34.037135131999946],[-63.94159164299998,-34.10294117899997],[-63.87241717899997,-34.106195457999945],[-63.89098643999995,-34.151629672999945],[-63.993152614999985,-34.18107946499998],[-63.97992789299997,-34.111011281999936],[-64.04422082599996,-34.123314833999984],[-64.12062984499994,-34.17376408499996]],[[-64.15259222999998,-34.28034105499995],[-64.14286692799993,-34.31593171399993],[-64.05078355299997,-34.36308406799998],[-64.04328686399998,-34.34750835199998],[-64.07990314099993,-34.29740478999997],[-64.13779944599997,-34.26885943899998],[-64.15259222999998,-34.28034105499995]],[[-63.935590177999984,-34.46492017199995],[-63.909313302999976,-34.509461897999984],[-63.88710871599994,-34.50835478399995],[-63.877648282999985,-34.54490197499996],[-63.777030630999946,-34.61332721699995],[-63.75284206799995,-34.660034276999966],[-63.71800832599996,-34.656232873999954],[-63.707188248999955,-34.60356649499994],[-63.72739080399998,-34.52529713499996],[-63.823778017999985,-34.40156110799995],[-63.89131003399996,-34.38130978499993],[-63.84959091999997,-34.45234481799997],[-63.89213374399998,-34.43166867499997],[-63.90113440999994,-34.460598791999985],[-63.935590177999984,-34.46492017199995]],[[-64.51652570599998,-29.919282803999977],[-64.52834945599994,-29.92094747699997],[-64.53143875699993,-29.923594655999977],[-64.51652570599998,-29.919282803999977]],[[-64.64027377799994,-33.03257593899997],[-64.65785322199997,-33.00784646799997],[-64.66003833199994,-32.95429713799996],[-64.67192219799995,-32.99877066499994],[-64.72706920199994,-32.986927168999955],[-64.66876787899997,-33.02677606699996],[-64.67596882899994,-33.040023649999966],[-64.73694738399996,-33.026806567999984],[-64.73022503599998,-33.04830213099996],[-64.79933473399996,-33.056616229999975],[-64.63905605299993,-33.05798862499995],[-64.61648101599997,-33.07222256999995],[-64.83326621699996,-33.09461581099998],[-64.82815857699995,-33.10699502699998],[-64.72194512099998,-33.100129523999954],[-64.75022073499997,-33.11754034799998],[-64.72994717299997,-33.14874882899994],[-64.61111749399998,-33.08246067999994],[-64.44816325099998,-33.11592448799996],[-64.42680263699998,-33.145170492999966],[-64.42952461599998,-33.21979195799997],[-64.41650808099996,-33.224647663999974],[-64.41035626399997,-33.14143347799995],[-64.42734462799996,-33.10857889899995],[-64.52562638899997,-33.08733034499994],[-64.54231477699994,-33.05594351099995],[-64.56614511499998,-33.06498071899995],[-64.64027377799994,-33.03257593899997]],[[-64.49265375499994,-33.24863947699998],[-64.92950106999996,-33.146418138999934],[-64.60133353199996,-33.25202035799998],[-64.49265375499994,-33.24863947699998]],[[-64.74829584699995,-33.40023792599993],[-64.66569329299995,-33.41354346299994],[-64.59606690599998,-33.43602593399993],[-64.66333572999997,-33.400998364999964],[-64.75247782999998,-33.38578575899993],[-64.74829584699995,-33.40023792599993]],[[-64.48242931299995,-33.49854065099993],[-64.50007503599994,-33.47550710999997],[-64.57113128199995,-33.44402784799996],[-64.53207701399998,-33.48162195799995],[-64.48242931299995,-33.49854065099993]],[[-64.74533684899995,-34.09042832499995],[-64.82363245899995,-34.03785728699995],[-64.99740323999998,-34.026141827999936],[-65.08034151799995,-33.97665366099994],[-65.08721776899995,-33.98763600999996],[-65.00070025499997,-34.04097000199994],[-64.86276727399996,-34.05592114999996],[-64.61041766299996,-34.182041595999976],[-64.56595506199994,-34.18040433699997],[-64.46769719999998,-34.22226878699996],[-64.29966314799998,-34.26054991999996],[-64.26279292899994,-34.24773434499997],[-64.57626598399997,-34.163036801999965],[-64.74533684899995,-34.09042832499995]],[[-64.74015560099997,-34.748562686999946],[-64.71380788699997,-34.76417808799994],[-64.67675202699996,-34.75234169299995],[-64.71019373899998,-34.72994607399994],[-64.74015560099997,-34.748562686999946]],[[-64.85622104899994,-33.32108391699995],[-64.88779783699994,-33.25136376299997],[-64.95478601599996,-33.17255478599998],[-64.97227365799995,-33.18207520799996],[-64.85622104899994,-33.32108391699995]],[[-64.95691553299997,-33.278817954999965],[-65.00769008099996,-33.25665377799993],[-64.96830587699998,-33.31471029199997],[-65.00891586599994,-33.347652858999936],[-65.05340129599995,-33.30841706299998],[-65.06638551799995,-33.31335982999997],[-65.00646408499995,-33.376106945999936],[-65.05610344499996,-33.36712017399998],[-64.98173093799994,-33.44716310699994],[-64.98627397099995,-33.37580553899994],[-64.95436249799997,-33.308506448999935],[-64.95691553299997,-33.278817954999965]],[[-65.02595145199996,-33.58178046599994],[-65.00757864399998,-33.56113950799994],[-65.08966473899994,-33.491201838999984],[-65.09625167699994,-33.51061269999997],[-65.02595145199996,-33.58178046599994]],[[-65.35770601099995,-30.779766498999948],[-65.35829907999994,-30.982551955999952],[-65.26782388399994,-31.191046039999947],[-65.25510873399998,-31.158061178999958],[-65.32853960599994,-31.027689592999934],[-65.34118925299998,-30.884567106999953],[-65.32014452899995,-30.82426455999996],[-65.34720250699996,-30.824472310999965],[-65.34256890399996,-30.77798202899993],[-65.35770601099995,-30.779766498999948]],[[-64.99294364599996,-31.86586129799997],[-64.99383276799995,-31.853295833999937],[-65.03683694599994,-31.85147337999996],[-65.02929062299995,-31.880904121999947],[-64.99294364599996,-31.86586129799997]],[[-65.25140280399995,-31.698887336999974],[-65.20878708499998,-31.72082423599994],[-65.23096578099995,-31.662993993999976],[-65.37058845899998,-31.495708284999978],[-65.39892116799996,-31.394620112999974],[-65.37288019299996,-31.391435039999976],[-65.40265812499996,-31.35730160199995],[-65.43168023499999,-31.23546111199994],[-65.44927551199999,-31.136095205999936],[-65.40690019299996,-30.87767110599998],[-65.45517861099995,-31.012680819999957],[-65.46098354799994,-31.210517554999967],[-65.39184639099994,-31.484657784999968],[-65.25140280399995,-31.698887336999974]],[[-65.16638285199997,-30.935002447999977],[-65.14361240499994,-30.929599740999947],[-65.16707536199993,-30.89773508199994],[-65.18080560399994,-30.90081317399995],[-65.16638285199997,-30.935002447999977]],[[-64.85510847399996,-34.820265467999945],[-64.87369003199996,-34.827471111999955],[-64.88033122799993,-34.86101849099998],[-64.85573503599994,-34.86981626299996],[-64.85510847399996,-34.820265467999945]],[[-64.84233685199996,-34.659532094999975],[-64.88409326199996,-34.60613137399997],[-64.89617153399996,-34.613054939999984],[-64.84233685199996,-34.659532094999975]],[[-64.74659115699995,-30.79037515799996],[-64.72487776299994,-30.77930367099998],[-64.74357240599994,-30.746970146999956],[-64.76250231099993,-30.764763383999934],[-64.74659115699995,-30.79037515799996]],[[-64.44311101499994,-34.472870815999954],[-64.45870854699996,-34.426287825999964],[-64.47926176799996,-34.43855775999998],[-64.45701511999994,-34.473975096999936],[-64.44311101499994,-34.472870815999954]],[[-64.40801920299998,-34.480009518999964],[-64.38328460899999,-34.46408769499993],[-64.41609020999994,-34.44482714399993],[-64.42492023599993,-34.45970307699997],[-64.40801920299998,-34.480009518999964]],[[-64.14430300199996,-34.441751643999964],[-64.10366698999997,-34.468954001999975],[-64.05575212899998,-34.44456446499993],[-64.05405902099994,-34.41381179699994],[-64.09760285499993,-34.40819866399994],[-64.14430300199996,-34.441751643999964]],[[-64.20325437499997,-33.33439572899994],[-64.18163766699996,-33.35533191999997],[-64.18393939499998,-33.41973770799996],[-64.12896534999999,-33.584202543999936],[-64.12927689199995,-33.70331419699994],[-64.11694965899994,-33.70347491199993],[-64.11834187599999,-33.52137587799996],[-64.16399871899995,-33.429295234999984],[-64.16568553699994,-33.35794182799998],[-64.18275134799995,-33.326210783999954],[-64.28930385099994,-33.28849777199997],[-64.37792588099995,-33.27609800799996],[-64.20325437499997,-33.33439572899994]],[[-64.32501466899998,-33.621994453999946],[-64.32378824399996,-33.60491573999997],[-64.38490986099998,-33.56353277699998],[-64.38329588099998,-33.601303461999976],[-64.32501466899998,-33.621994453999946]],[[-64.30596877599999,-33.93686775799995],[-64.30748595599994,-33.940235359999974],[-64.30472259599998,-33.940322901999934],[-64.30596877599999,-33.93686775799995]],[[-64.44049726499998,-33.48483609799996],[-64.34657460799997,-33.52054434199994],[-64.35331743899997,-33.502996723999956],[-64.44049726499998,-33.48483609799996]],[[-64.13465017599998,-34.61801688899993],[-64.12957289199994,-34.643495954999935],[-64.10484517399993,-34.63788508799996],[-64.13465017599998,-34.61801688899993]],[[-64.19645776899995,-33.68993918199993],[-64.19671760399996,-33.66708099599998],[-64.26636632899994,-33.61416216699996],[-64.27785690999997,-33.62001552299995],[-64.19645776899995,-33.68993918199993]],[[-64.23510394799996,-32.84598140199995],[-64.25717304999995,-32.84094447399997],[-64.27027812999995,-32.87942855099993],[-64.25348118299996,-32.88407758499994],[-64.23510394799996,-32.84598140199995]],[[-64.52754713399997,-31.79044722499998],[-64.56162698899993,-31.810848612999962],[-64.53605970599995,-31.860857608999936],[-64.51299961099994,-31.837050744999942],[-64.52754713399997,-31.79044722499998]],[[-64.48337130599998,-32.24635804299993],[-64.43365216499996,-32.25044734399995],[-64.39405050699997,-32.21443603999995],[-64.42856262099997,-32.183070466999936],[-64.43833300199998,-32.23156692099997],[-64.49395078199996,-32.19437956599995],[-64.50178357899995,-32.268108937999955],[-64.48337130599998,-32.24635804299993]],[[-64.38788963199994,-32.182400478999966],[-64.35614576099994,-32.18813057699998],[-64.37566934499995,-32.13677517799994],[-64.40345706499994,-32.133305753999934],[-64.38788963199994,-32.182400478999966]],[[-64.46807915199997,-31.349541312999975],[-64.49130022199995,-31.40100654699995],[-64.45753971399995,-31.37786003599996],[-64.46807915199997,-31.349541312999975]],[[-63.98226215599993,-33.07258318499993],[-63.948928674999934,-33.06236523899997],[-63.97603030899995,-33.04633622599994],[-63.98226215599993,-33.07258318499993]],[[-63.973955770999964,-33.14707575799997],[-64.00417379799995,-33.15179032899994],[-63.96369135899994,-33.174418328999934],[-63.973955770999964,-33.14707575799997]],[[-63.622377046999986,-34.472930462999955],[-63.603040162999946,-34.40213041299995],[-63.61498593099998,-34.37471380799997],[-63.622377046999986,-34.472930462999955]],[[-63.58056488699998,-33.08380056999994],[-63.59430502599997,-33.16262026099997],[-63.55460068899998,-33.12586958099996],[-63.55108019299996,-33.05403233699997],[-63.58056488699998,-33.08380056999994]],[[-63.546685440999966,-33.141575554999974],[-63.56705806999997,-33.17325015499995],[-63.53991725199995,-33.168192913999974],[-63.546685440999966,-33.141575554999974]],[[-63.679353024999955,-33.228628663999984],[-63.63292846999997,-33.201045748999945],[-63.63435740299997,-33.151173907999976],[-63.65400832299997,-33.190097055999956],[-63.679353024999955,-33.228628663999984]],[[-63.67285859699996,-33.14280151299994],[-63.68971531999995,-33.167249520999974],[-63.66220483699993,-33.171372633999965],[-63.67285859699996,-33.14280151299994]],[[-63.62139486799998,-33.06483758199994],[-63.72499907699995,-33.10800201199993],[-63.73782569799994,-33.14812300299997],[-63.72141305399998,-33.161341221999976],[-63.70954985999998,-33.11595329599993],[-63.674934716999985,-33.10346797899996],[-63.650025943999935,-33.132740299999966],[-63.62193868099996,-33.114075431999936],[-63.62139486799998,-33.06483758199994]],[[-63.716913631999944,-32.56946947599994],[-63.68125996099997,-32.58170598999993],[-63.66440132099996,-32.615825101999974],[-63.64298712999994,-32.60414504899995],[-63.662342784999964,-32.57275222499993],[-63.70007311399996,-32.55583645399997],[-63.716913631999944,-32.56946947599994]],[[-63.55076040899996,-32.67145020299995],[-63.536623427999984,-32.683013768999956],[-63.52672424699995,-32.63429783799995],[-63.53946509899998,-32.61649013699997],[-63.55076040899996,-32.67145020299995]],[[-62.587711696999975,-33.71964213199993],[-62.512343715999975,-33.75217778199993],[-62.50753388499999,-33.725811129999954],[-62.587711696999975,-33.71964213199993]],[[-63.76231681099995,-31.771013597999968],[-63.77894835999996,-31.801531119999936],[-63.763070709999965,-31.817646343999968],[-63.76231681099995,-31.771013597999968]],[[-63.39889591299993,-29.781705124999974],[-63.393039966999936,-29.786166969999954],[-63.38741930499998,-29.783917134999967],[-63.39889591299993,-29.781705124999974]],[[-63.55175865574605,-29.818366911824484],[-63.559043035999935,-29.810568127999943],[-63.566350159999956,-29.806704683999953],[-63.55175865574605,-29.818366911824484]],[[-63.55120651899995,-29.818958038999938],[-63.545117748999985,-29.823674641999958],[-63.55175865574605,-29.818366911824484],[-63.55120651899995,-29.818958038999938]],[[-62.27078393399995,-31.57428095199998],[-62.26713188499997,-31.576134771999932],[-62.24864170899997,-31.57032552299995],[-62.27078393399995,-31.57428095199998]],[[-62.18382007799994,-31.436597263999943],[-62.18001914299998,-31.43820097699995],[-62.18536083999999,-31.43306032499993],[-62.18382007799994,-31.436597263999943]]],[[[-64.94737098399997,-30.043279213999938],[-64.92190998799998,-30.11797367799994],[-64.93978400699996,-30.141250212999978],[-64.98846301199995,-30.041490179999983],[-64.97657606999996,-29.941159957999957],[-64.93564641599994,-29.960850213999947],[-64.94737098399997,-30.043279213999938]]],[[[-63.74652136499998,-34.54341897299997],[-63.747326088999955,-34.59535023099994],[-63.77005172499997,-34.562623895999934],[-63.74652136499998,-34.54341897299997]]],[[[-63.875506548999965,-34.49091984699993],[-63.85977201099996,-34.468256388999976],[-63.814077021999935,-34.49316109199998],[-63.77783937799995,-34.54083027699994],[-63.81534495699998,-34.55384024899996],[-63.86171631299999,-34.52513269599996],[-63.875506548999965,-34.49091984699993]]],[[[-63.72068543499995,-34.22598435699996],[-63.76296299399996,-34.22651662299995],[-63.79190572299996,-34.207801985999936],[-63.764722638999956,-34.195272124999974],[-63.72068543499995,-34.22598435699996]]],[[[-63.690108356999986,-34.18872010299998],[-63.69835647599996,-34.217196453999975],[-63.760669424999946,-34.168067708999956],[-63.71658046199997,-34.17077107599994],[-63.690108356999986,-34.18872010299998]]],[[[-63.77632692399993,-34.132026604999965],[-63.817760600999975,-34.17065838899998],[-63.85714586299997,-34.13690440199997],[-63.78317489799997,-34.11206804899996],[-63.77632692399993,-34.132026604999965]]],[[[-63.63663058399999,-34.09966395799995],[-63.61724830299994,-34.122274232999985],[-63.670729059999985,-34.12957372099993],[-63.63663058399999,-34.09966395799995]]],[[[-63.48208564399994,-34.05096397899996],[-63.48495057399998,-34.10439975399993],[-63.50782458699996,-34.12588363599997],[-63.54351413999996,-34.15531273199997],[-63.594295554999974,-34.15392111899996],[-63.59525121699994,-34.10868570399998],[-63.56727005099998,-34.083322040999974],[-63.50499520999995,-33.94792828499993],[-63.50011713599997,-34.03077796499997],[-63.48208564399994,-34.05096397899996]]],[[[-63.45980970699998,-31.80751341399997],[-63.675701800999946,-31.76572125299998],[-63.689831879999986,-31.743649984999934],[-63.51827772499996,-31.775358987999937],[-63.45980970699998,-31.80751341399997]]],[[[-63.81161460199996,-31.66552700999995],[-63.76402970899994,-31.679113017999953],[-63.79487466599994,-31.68997849599998],[-63.83591361799995,-31.676243709999937],[-63.81161460199996,-31.66552700999995]]],[[[-63.71578185899995,-31.65869208199996],[-63.69233141099994,-31.673523632999945],[-63.77135583199998,-31.667805622999936],[-63.71578185899995,-31.65869208199996]]],[[[-63.60679965099996,-31.613788324999973],[-63.46026097899994,-31.533755265999957],[-63.395980419999944,-31.533023003999972],[-63.322366500999976,-31.498199092999982],[-63.28122972099993,-31.495071695999968],[-63.25515865899996,-31.533297195999978],[-63.33906372699994,-31.57959449799995],[-63.47497412399997,-31.57689643599997],[-63.53057450499995,-31.641723584999966],[-63.59050483799996,-31.668218516999957],[-63.64022748299993,-31.675698418999957],[-63.654186676999984,-31.64524609999995],[-63.71772396599994,-31.63602801199994],[-63.60679965099996,-31.613788324999973]]],[[[-63.322455478999984,-32.39800159499998],[-63.34769386099998,-32.35386436299996],[-63.418796929999985,-32.32423523299997],[-63.41134201099999,-32.30913763899997],[-63.36409349699994,-32.30941646399998],[-63.26746291599994,-32.36978375799998],[-63.25254656499993,-32.39820205899997],[-63.322455478999984,-32.39800159499998]]],[[[-63.45437100199996,-32.310381709999945],[-63.35381026299996,-32.36528726399996],[-63.33836911699996,-32.393743625999946],[-63.43893532399994,-32.36410412999993],[-63.47177596999995,-32.33052002599993],[-63.45437100199996,-32.310381709999945]]],[[[-63.56674927299997,-32.27059468799996],[-63.470788521999964,-32.24102938599998],[-63.36557868299997,-32.181345128999965],[-63.25502936999993,-32.20447209599996],[-63.160090078999986,-32.169290685999954],[-63.07334481999993,-32.220008382999936],[-63.044896061999964,-32.20597195399995],[-62.97311072799994,-32.24382285799993],[-63.010547061999944,-32.26578923899996],[-63.06393282099998,-32.25705577799994],[-63.20950683199999,-32.27465338999997],[-63.27775016999993,-32.25773609299995],[-63.29291105999994,-32.229890858999966],[-63.53528061999998,-32.286697551999964],[-63.56674927299997,-32.27059468799996]]],[[[-63.26706658299997,-32.16330424999995],[-63.26067733699995,-32.19582356899997],[-63.33100402699995,-32.16384735999998],[-63.31198846799998,-32.15411158599994],[-63.26706658299997,-32.16330424999995]]],[[[-63.38140015899995,-31.629740348999974],[-63.44122477399998,-31.673223829999984],[-63.51786576899997,-31.693385657999954],[-63.546834168999965,-31.66179981099998],[-63.50573017299996,-31.644329764999952],[-63.478655027999935,-31.597392807999938],[-63.423910941999964,-31.60801123599998],[-63.43444556399999,-31.623464100999968],[-63.38140015899995,-31.629740348999974]]],[[[-62.641141577999974,-32.41242877399998],[-62.671071508999944,-32.41547426699998],[-62.736748355999964,-32.37622253999996],[-62.81757581099998,-32.37709038399993],[-62.849981484999944,-32.360551450999935],[-62.81835014099994,-32.35006248199994],[-62.687515057999974,-32.36782479699997],[-62.641141577999974,-32.41242877399998]]],[[[-62.958092153999985,-32.33978069799997],[-62.97951095299999,-32.29824745299993],[-62.94035364299998,-32.28833605799997],[-62.872165457999984,-32.32178210799998],[-62.90141331799998,-32.344396691999975],[-62.91492415699997,-32.31748563899998],[-62.958092153999985,-32.33978069799997]]]]}},{"type":"Feature","properties":{"PROV":"San Luis"},"geometry":{"type":"Polygon","coordinates":[[[-66.63701880499997,-35.994942435999974],[-66.62100800599995,-35.96862599999997],[-66.62274024099997,-35.85373833299997],[-66.54942323999995,-35.64359743399996],[-66.56981200799999,-35.58896274199998],[-66.54013004099994,-35.56157870099997],[-66.51772552399996,-35.472479144999966],[-66.52639922699996,-35.419557613999984],[-66.49833478999994,-35.32008761399993],[-66.51970635199996,-35.283375011999965],[-66.48431755499996,-35.209593009999935],[-66.49571692199999,-35.15430260499994],[-66.47913269799994,-35.141524027999935],[-66.54726120899994,-34.96853612799998],[-66.52564565199998,-34.94759746899996],[-66.55392423899997,-34.90759789899994],[-66.54594189399995,-34.87716618699994],[-66.61010225699994,-34.77479358199997],[-66.64604660599997,-34.76354630499998],[-66.64464382299997,-34.71341416499996],[-66.68665380999994,-34.69083619299994],[-66.73852315599999,-34.578184592999946],[-66.76533748799994,-34.55129374599994],[-66.75470230699995,-34.451430039999934],[-66.79212656199996,-34.41180287399993],[-66.76492142999996,-34.38892630999993],[-66.81184942299996,-34.34402257599993],[-66.80612211399995,-34.30748295799998],[-66.77800683899994,-34.28982197099998],[-66.79919893399995,-34.25756848599997],[-66.78408219499994,-34.23146104399996],[-66.72494197199995,-34.21006733099995],[-66.70641521199997,-34.02233982699994],[-66.66305916399995,-33.983688359999974],[-66.67754344999997,-33.94919371999998],[-66.86521881199997,-33.83406027899997],[-66.88599156599997,-33.77051324299998],[-66.94767747899994,-33.73247084199994],[-67.00180997899997,-33.668150372999946],[-67.01110025099996,-33.61695979999996],[-67.09545590799996,-33.538065693999954],[-67.10212126399995,-33.49741496099995],[-67.15215177699997,-33.41352130799993],[-67.15414678599996,-33.31896262099997],[-67.17136690099994,-33.30369047599993],[-67.18238680299999,-33.19674360799996],[-67.16763393999997,-33.16305511099995],[-67.18328588699995,-33.130582930999935],[-67.17979276799997,-33.002820199999974],[-67.23141743899998,-32.86550310499996],[-67.17916254799997,-32.82090064399995],[-67.18474590499994,-32.77198280899995],[-67.16770350599995,-32.76161795899998],[-67.18913550699995,-32.70052236399994],[-67.22179349999993,-32.68291754399996],[-67.24805230099997,-32.58943808099997],[-67.28279766399999,-32.53495950799993],[-67.29640514999994,-32.43182425499998],[-67.33242729999995,-32.34950221199995],[-67.37909711499998,-32.33170915199997],[-67.29687342599993,-32.33140167799996],[-67.48375435999998,-32.21890253999993],[-67.43815087499996,-31.940953929999978],[-67.46775383399995,-31.859079858999962],[-67.24096436699995,-31.880842688999962],[-67.12987635899998,-31.83978895599995],[-66.75694549599996,-31.903471577999937],[-66.73900091599995,-31.92953036399996],[-66.76667500899998,-32.003629624999974],[-66.73573452799997,-32.13609974199994],[-66.66305880399995,-32.20965386199998],[-66.63411035699994,-32.17954381299995],[-66.64501763299995,-32.12396449399995],[-66.63388704199997,-32.08100248799997],[-66.59684595299996,-32.03358658399998],[-66.61587446399994,-32.023786008999934],[-66.58391090899994,-31.996014749999972],[-66.60554531399998,-31.955761215999928],[-66.55668766299993,-31.978165588999957],[-66.52776151499995,-31.94889987199997],[-66.46650021599999,-31.954067605999967],[-66.43022339799995,-31.93910459199998],[-66.38107126499995,-31.964995296999973],[-66.29789308499994,-31.938400516999934],[-66.23901200799997,-31.94561303499995],[-66.05007095999997,-31.88829177799994],[-65.88516164199996,-31.907113668999955],[-65.77763133199994,-31.888603128999932],[-65.64588265699996,-31.903012298999954],[-65.31772989399997,-32.039977963999945],[-65.24862833499998,-32.09065817499993],[-65.23275961599995,-32.21148167299998],[-65.21527428399997,-32.23597475299994],[-65.21353840099994,-32.32594318399998],[-64.96861442799997,-32.317184649999945],[-64.98129979399994,-32.35457243399998],[-64.95722465599994,-32.37068301099998],[-64.95608385199995,-32.404610100999946],[-64.98561315699993,-32.45136211399995],[-64.93544243499997,-32.557986582999945],[-64.94312236699994,-32.61275280299998],[-64.98501855199999,-32.72907454899996],[-65.03537840899997,-32.97272998799997],[-65.10342118599993,-33.127281720999974],[-65.09207826099998,-33.15219913999994],[-65.14225385399993,-33.194468925999956],[-65.11570220699997,-33.69874824899995],[-65.11534098899995,-36.00022301499996],[-66.63701880499997,-35.994942435999974]],[[-65.69958645699995,-34.287031543999944],[-65.71057231699996,-34.35382409999994],[-65.69511844099998,-34.40649581499997],[-65.68664101199994,-34.29751345699998],[-65.69958645699995,-34.287031543999944]],[[-66.68932486899996,-33.54200723699995],[-66.69753970099998,-33.55743271899996],[-66.66926015199994,-33.58920835999993],[-66.67512469999997,-33.61554536699998],[-66.61471992799994,-33.61071738199996],[-66.61142839299998,-33.566283873999964],[-66.63325621099995,-33.53692494999996],[-66.68932486899996,-33.54200723699995]],[[-67.02088222199995,-32.65731224099994],[-67.01676892899997,-32.66088675599997],[-67.01811182599994,-32.65376150599997],[-67.02088222199995,-32.65731224099994]],[[-67.02083840599994,-32.652071976999935],[-67.02232160999995,-32.66160113299998],[-67.02088222199995,-32.65731224099994],[-67.02083840599994,-32.652071976999935]],[[-66.30324469999994,-35.30534394899996],[-66.30604491499997,-35.419248841999945],[-66.33833561799997,-35.465609195999946],[-66.29948022699995,-35.45563973999998],[-66.26663791499993,-35.39187342599996],[-66.27814292199997,-35.313030098999945],[-66.30324469999994,-35.30534394899996]],[[-66.36585393199994,-35.40471847799995],[-66.31164575999998,-35.37824499199996],[-66.32065832799998,-35.33237974999997],[-66.33910966799994,-35.37383897299998],[-66.34658722999995,-35.33354072399993],[-66.36585393199994,-35.40471847799995]],[[-66.31753290799998,-35.65405673399994],[-66.28934076699994,-35.562415689999966],[-66.30371886199998,-35.55141155399997],[-66.34774344399995,-35.63649979899998],[-66.31753290799998,-35.65405673399994]],[[-66.27318568299995,-35.732447616999934],[-66.28593267299993,-35.75961870699996],[-66.23290272199995,-35.78963030899996],[-66.18737768699998,-35.77527290599994],[-66.19914343999994,-35.74943720799996],[-66.24158393799996,-35.75975091999993],[-66.27318568299995,-35.732447616999934]],[[-66.27958345999997,-35.99156031499996],[-66.24578240299996,-35.94786357199996],[-66.23978644199997,-35.89946528499996],[-66.26007086299995,-35.89582662399994],[-66.27958345999997,-35.99156031499996]],[[-66.15172434599998,-35.480421312999965],[-66.13695581199994,-35.42867265299998],[-66.14720805599995,-35.399556892999954],[-66.16613042599994,-35.43440389099993],[-66.15172434599998,-35.480421312999965]],[[-66.21924197099997,-35.558086851999974],[-66.19919299099996,-35.55195231299996],[-66.19779362399998,-35.45998290599994],[-66.21098538499996,-35.484469882999974],[-66.21924197099997,-35.558086851999974]],[[-66.00174010799998,-35.25707642499998],[-65.97474753899996,-35.205645379999964],[-66.02798665199998,-35.22017211699995],[-66.00174010799998,-35.25707642499998]],[[-65.76820969399995,-34.29549376799997],[-65.73390780499994,-34.28019553099995],[-65.77753651199998,-34.261450310999976],[-65.78462358099995,-34.282633585999974],[-65.76820969399995,-34.29549376799997]],[[-65.93885048699997,-34.36334009299998],[-65.91392954599996,-34.345664761999956],[-65.93135869799994,-34.32306492599997],[-65.93885048699997,-34.36334009299998]],[[-65.90108900999996,-34.43737435899993],[-65.86251240399997,-34.478967678999936],[-65.87794187899993,-34.42068570999993],[-65.90108900999996,-34.43737435899993]],[[-65.71896882799996,-34.51850964199997],[-65.73065421799998,-34.48834382599995],[-65.75286457499993,-34.51337459299998],[-65.73966748899994,-34.539917284999945],[-65.71896882799996,-34.51850964199997]],[[-66.01414160399997,-34.576220639999974],[-66.01557229899998,-34.54283795699996],[-66.04253023699994,-34.53776284299994],[-66.04830526999996,-34.56197719399995],[-66.01414160399997,-34.576220639999974]],[[-65.54050812699995,-35.006448199999966],[-65.53061873699994,-34.97637216499993],[-65.55962976199999,-34.98791140099996],[-65.59047015099998,-34.97287270399994],[-65.58986508699996,-34.994352151999976],[-65.54050812699995,-35.006448199999966]],[[-65.53050544899997,-34.28252569599994],[-65.51828365499995,-34.25127410299996],[-65.56340484099997,-34.26918236699993],[-65.53050544899997,-34.28252569599994]],[[-65.63879102999994,-34.31100764499996],[-65.63931772799998,-34.28140464099994],[-65.67059266299998,-34.289471729999946],[-65.63879102999994,-34.31100764499996]],[[-65.09437567399993,-32.88440815699994],[-65.05783747699996,-32.86407938599996],[-65.04460805899998,-32.81801829999995],[-65.08517734499998,-32.815460393999956],[-65.12709745699993,-32.846626209999954],[-65.16299294399994,-32.92363819499997],[-65.14591546799994,-32.97004492099995],[-65.14226253499999,-32.92093923899995],[-65.11752995799998,-32.919788994999976],[-65.09437567399993,-32.88440815699994]]]}},{"type":"Feature","properties":{"PROV":"Santa Fe"},"geometry":{"type":"MultiPolygon","coordinates":[[[[-62.07059291899998,-34.38494050999998],[-62.880871758999945,-34.38439362099996],[-62.50163699299998,-33.91515144599998],[-62.47061145099997,-33.923341568999945],[-62.48010184999998,-33.99407824799994],[-62.45046363499995,-33.95979955399997],[-62.441615629999944,-33.91788032499994],[-62.41700364199994,-33.93717399899998],[-62.38043978999997,-33.93200719299995],[-62.38278316199995,-33.892702774999975],[-62.36358776399999,-33.85880978199998],[-62.40042988799996,-33.868674520999946],[-62.40961781699997,-33.89529866799995],[-62.432162310999956,-33.87297146699996],[-62.484054912999966,-33.89442553199996],[-61.970121508999966,-33.17628557299997],[-61.89496286299993,-33.11096195299996],[-61.87878715399995,-33.07747826099995],[-61.802220087999956,-33.02217717299993],[-61.79613069699997,-32.95824607199995],[-61.77644966399998,-32.92360102599997],[-61.79326766699995,-32.77700694999993],[-61.85878473399998,-32.69897253899995],[-61.93237481099993,-32.69267702999997],[-61.95858972599996,-32.66276625699993],[-61.89368147899995,-32.60509623699994],[-61.932224331999976,-32.541887680999935],[-61.929624675999946,-32.48660893699997],[-62.00100311999995,-32.38333575599995],[-62.02494357299997,-32.29332812699994],[-62.04948111899995,-32.253943351999965],[-62.13289108999999,-32.20700867399995],[-62.20034778999997,-32.13474475899994],[-62.16570731199994,-31.998778736999952],[-62.17113993099997,-31.947177352999972],[-62.220288248999964,-31.89314051599996],[-62.202708910999945,-31.756104594999954],[-62.23527782499997,-31.693841352999982],[-62.12157139699997,-31.60484159799995],[-61.84439473499998,-30.749226688999954],[-62.128317857999946,-30.478566823999984],[-61.957720252999934,-29.455960284999946],[-61.92553954799996,-29.398209777999966],[-61.85779919299995,-29.373991799999942],[-61.78085019499997,-29.28925378699995],[-61.732064882999964,-29.268555663999962],[-61.680049537999935,-29.35416259799996],[-61.54770839899999,-29.443386445999977],[-61.51953439899995,-29.508692588999963],[-61.403973907999955,-29.523913626999956],[-61.337206683999966,-29.474143529999935],[-61.30498299499993,-29.509626856999944],[-61.16679304599995,-29.573385696999935],[-61.09867397199997,-29.633208319999937],[-61.17521754699993,-29.65266066199996],[-61.19698062499998,-29.685490881999954],[-61.25436974699994,-29.68975262899994],[-61.37187083099997,-29.643828171999928],[-61.46166213299995,-29.644072025999947],[-61.50551398999994,-29.612372040999958],[-61.59847753099996,-29.613691322999955],[-61.627491599999985,-29.599681455999928],[-61.61883704599995,-29.578905563999967],[-61.68015275199997,-29.55989627799994],[-61.67423634299996,-29.61139993699993],[-61.69686675199995,-29.659229050999954],[-61.649401087999934,-29.647716318999983],[-61.505970168999966,-29.69583871499998],[-61.447983163999936,-29.672791142999984],[-61.36149861999996,-29.67734269099998],[-61.30068384599997,-29.70700384999998],[-61.19306292799996,-29.72330232799993],[-61.14058899499997,-29.672321675999967],[-61.09132422499994,-29.666713956999956],[-61.01509020299994,-29.68385114299997],[-61.03303024499996,-29.651891139999975],[-60.96837685999998,-29.679999545999976],[-60.967730176999964,-29.76051159499997],[-61.01140540399996,-29.823613033999948],[-61.11018563399995,-29.849975233999942],[-61.213999084999955,-29.82826453699994],[-61.26820649299998,-29.84219675199995],[-61.305866496999954,-29.887928433999946],[-61.25513433799995,-29.89059384999996],[-61.22580528360276,-29.95381169549708],[-61.18652473099996,-29.945600535999972],[-61.20683830099995,-29.929584279999972],[-61.20168182599997,-29.87479826699996],[-61.03821935399998,-29.874336420999953],[-60.986282020999965,-29.949007199999983],[-60.98141865499997,-30.018251188999955],[-61.002627348999965,-30.048568237999973],[-61.03825158999996,-30.055000719999953],[-61.06949017299996,-30.004937249999955],[-61.07694504799997,-30.041013824999936],[-61.09750820299996,-30.038041688999954],[-61.12493980299996,-30.091244974999938],[-61.08755617999998,-30.059040636999953],[-61.03731801799995,-30.07747209699994],[-61.063970074999986,-30.099772004999977],[-61.02853649699995,-30.100241040999947],[-61.00054128499994,-30.072672489999945],[-60.98079455599998,-30.184666268999933],[-60.89214979999997,-30.21537729599993],[-60.89002723799996,-30.23934190999995],[-60.741130003999956,-30.241739424999935],[-60.66374128599995,-30.271097864999945],[-60.66290615199995,-30.311571597999944],[-60.69789617199996,-30.35437221199993],[-60.743938706999984,-30.37691773299997],[-60.80885399299996,-30.370028265999963],[-60.78198074399995,-30.380809713999952],[-60.81618717499998,-30.399602589999972],[-60.89019302599996,-30.366345636999938],[-60.89574522299995,-30.37580341599994],[-60.83107537899997,-30.401294694999933],[-60.856735094999976,-30.467646164999962],[-60.82854530199995,-30.424442941999928],[-60.700452617999986,-30.37678352499995],[-60.67102942699995,-30.422070056999928],[-60.66663378699997,-30.49678602299997],[-60.689954255999965,-30.50384850599994],[-60.69915242199994,-30.551245342999948],[-60.65234076499996,-30.59127092999995],[-60.62135386199998,-30.666544270999964],[-60.637505878999946,-30.721175724999966],[-60.68606105899994,-30.73329601499995],[-60.68975520399994,-30.640742934999935],[-60.70763176299994,-30.602525188999948],[-60.805029186999946,-30.580235312999946],[-60.907538027999976,-30.507320573999948],[-61.06143517899994,-30.44544988299998],[-61.05452594199994,-30.463357653999935],[-60.95306591899998,-30.519723426999974],[-61.01636060399994,-30.55053455199993],[-60.911631383999975,-30.541597990999946],[-60.78917299799997,-30.60758689399995],[-60.74218866299998,-30.60632848599994],[-60.70593929599994,-30.641371807999974],[-60.71257400199994,-30.727486082999974],[-60.74257050399996,-30.77456134499994],[-60.84030481499997,-30.771253607999938],[-60.89915325099997,-30.735635443999968],[-60.90068391799997,-30.766768199999944],[-60.86632584999995,-30.776701980999974],[-60.80980687699997,-30.866139105999935],[-60.86796781199996,-30.894752853999933],[-60.846191688999966,-30.959660737999968],[-60.858305385999984,-31.012426414999936],[-60.84004333499996,-31.022535017999928],[-60.86693590699997,-31.048736274999953],[-60.84017696799998,-31.100670754999953],[-60.81082464999997,-31.111172259999933],[-60.86404561699999,-31.173804118999954],[-60.87082395599998,-31.21450808999998],[-60.92076046599993,-31.246680296999955],[-60.930652177999946,-31.301501117999976],[-60.954307840999945,-31.33539641799996],[-60.98102651399995,-31.322773647999952],[-60.980328388999965,-31.287141085999963],[-61.00608803399996,-31.23502925599996],[-60.94218835799995,-31.178021892999936],[-60.95536849999996,-31.132487091999963],[-60.93737141399998,-31.088830978999965],[-60.94297057599994,-31.005446228999972],[-60.924679416999936,-30.98765153399995],[-60.929062392604926,-30.95282378013907],[-60.93799431399998,-30.99916878199997],[-60.948476116999984,-30.951392692999946],[-61.04073319299994,-30.888889055999982],[-61.05743531099995,-30.841399801999955],[-61.03972276799993,-30.764100370999984],[-61.06418691632745,-30.739990848024057],[-61.03972276999997,-30.764100370999984],[-61.05932017599997,-30.838244234999934],[-61.053385128999935,-30.89111513399996],[-61.13558544099993,-30.887268354999946],[-61.02987073099996,-30.91367035299993],[-60.95066449899997,-30.969625637999968],[-60.968259975999956,-31.05603333099998],[-60.96021033699998,-31.104669985999976],[-60.97485322399996,-31.129530320999947],[-60.96473111499995,-31.187695830999928],[-61.01152429699994,-31.212629755999956],[-61.04671009699996,-31.14648250299996],[-61.10141283199994,-31.129597154999942],[-61.04553685899998,-31.162248941999962],[-61.04294951099996,-31.19707670899993],[-61.11868343599997,-31.189222816999973],[-61.03800554999998,-31.21673730699996],[-60.99364617899994,-31.28418661099994],[-61.00568493199995,-31.298892855999952],[-60.97226514799996,-31.366758010999945],[-60.90537908899995,-31.388678200999948],[-60.814847362999956,-31.358735124999953],[-60.824548197999945,-31.421005781999952],[-60.79755236699998,-31.46125140199996],[-60.81218745199993,-31.50909440199996],[-60.75650862599997,-31.70512266299994],[-60.81881732699998,-31.746760483999935],[-60.91436378199995,-31.93560746999998],[-60.93032609399995,-32.056433125999945],[-60.920950914999935,-32.11453735799995],[-60.94050220899999,-32.14934119499998],[-60.92264669599996,-32.20288860199997],[-60.92900866399998,-32.23010749699995],[-60.89771766299998,-32.26519836699998],[-60.91405820699998,-32.29638256399994],[-60.84250103499994,-32.36852730299995],[-60.798537830999976,-32.443916541999954],[-60.79840670699997,-32.54325383099996],[-60.72781462699999,-32.66858925699995],[-60.71966390399996,-32.699611285999936],[-60.74437753299998,-32.69993903899996],[-60.746138309999935,-32.72789659699998],[-60.68764675299997,-32.898850694999965],[-60.7676069247934,-32.878582144124564],[-60.77737033899996,-32.894359175999966],[-60.84329000499997,-32.88936913499998],[-60.829277064999985,-32.90347631699996],[-60.685742998999956,-32.92778783299997],[-60.701380007999944,-32.968526363999956],[-60.683096327999976,-32.97635821099993],[-60.68270488799993,-33.04095977399993],[-60.67269497999996,-33.02783020199996],[-60.66661405299993,-33.047334389999946],[-60.59465484499998,-33.02599446399995],[-60.51699439299995,-33.12337788699995],[-60.437192943999946,-33.18170583099993],[-60.34717813399993,-33.19489243299995],[-60.24583446499997,-33.28223554999994],[-60.30846553199996,-33.362195044999964],[-60.33158821899997,-33.42429326699994],[-60.38735914099993,-33.45861160099997],[-60.41479496399995,-33.50441451699993],[-60.41606970599997,-33.56242218999995],[-60.451887272999954,-33.58877086799998],[-60.45811600899998,-33.63466246799993],[-60.550402593999934,-33.64451881499997],[-60.678169244999935,-33.58368804299994],[-60.74900482399994,-33.58512646799994],[-60.810129631999985,-33.54137960999998],[-60.857966965999935,-33.54431883899997],[-60.914652788999945,-33.58989557199993],[-60.92833017899994,-33.65428706999995],[-61.47770630399998,-34.16004830399993],[-61.47428982599996,-34.12972790899994],[-61.50370815799994,-34.161890977999974],[-61.540572736999934,-34.10779040099993],[-61.530787241999974,-34.030289935999974],[-61.551204911999946,-34.039786007999965],[-61.55167411499997,-34.17014705899993],[-61.58195902699998,-34.138187905999985],[-61.58911333799995,-34.09534977799996],[-61.62092805799995,-34.076843725999936],[-61.61698340899994,-34.034416292999936],[-61.65270960899994,-34.04491012799997],[-61.66911941799998,-34.02391081799993],[-61.633611858999984,-33.967014260999974],[-61.690447621999965,-34.01150809999996],[-61.706421887999966,-33.98298994299995],[-61.68446118299994,-33.95320135299994],[-61.71618171099993,-33.93542476899995],[-61.72277040199998,-33.97913666599993],[-61.74070053999998,-33.96824889099997],[-61.75049537899997,-33.90899673699994],[-61.72615972199998,-33.82489848599994],[-61.760864796999954,-33.800237928999934],[-61.774476394999965,-33.80894157399996],[-61.764164095999945,-33.85897244299997],[-61.812729897999986,-33.853265774999954],[-61.810439832999975,-33.87776270699993],[-61.77873298999998,-33.89468992899998],[-61.756743685999936,-33.974298819999944],[-61.82242908099994,-33.95919796099997],[-61.85850095899997,-33.90580486999994],[-61.88346204499999,-33.93597427799995],[-61.86527659099994,-33.97974590399997],[-61.84872567999997,-33.94292256399996],[-61.84475799599994,-33.98327027899995],[-61.79793309899998,-33.971706677999975],[-61.79937432999998,-33.99162211699996],[-61.74826856799996,-33.99418418099998],[-61.63192540599994,-34.066268916999945],[-61.63101090499998,-34.10112580599997],[-61.60108354899995,-34.104971175999935],[-61.577638139999976,-34.17893311399996],[-61.52525233999995,-34.18229857399996],[-61.59906968399997,-34.20949804299994],[-61.67974874699996,-34.15211022099993],[-61.688416865999955,-34.18295512299994],[-61.61876494099994,-34.20016007899994],[-61.62004716399997,-34.23310454299997],[-61.679852720999975,-34.26093246399995],[-61.68341082599994,-34.22844055899998],[-61.72578655999996,-34.325454340999954],[-61.77153564499997,-34.31974774699995],[-61.804592457999945,-34.24678273199993],[-61.851517257999944,-34.24605787199994],[-61.88106088999996,-34.22658695999996],[-61.87775502799997,-34.20053444699994],[-61.926780608999934,-34.139479078999955],[-61.911293167999986,-34.098341638999955],[-61.85829837199998,-34.067383553999946],[-61.90521207399996,-34.089788091999935],[-61.92024721599995,-34.08156907899996],[-61.956793526999945,-34.147804047999955],[-61.98020189799996,-34.04579468399993],[-61.995751000999974,-34.09370815699998],[-61.97280725999997,-34.14665536699994],[-62.00008892499994,-34.14764744499996],[-62.02772050699997,-34.255474076999974],[-61.966858050999974,-34.197207628999934],[-61.951110091999965,-34.156631697999956],[-61.92876036699994,-34.155087151999965],[-61.89116685299996,-34.21755242099994],[-61.906146268999976,-34.25977327299995],[-61.81629809499998,-34.26197724899998],[-61.775209909999944,-34.33323801399996],[-61.73244795099998,-34.334392279999975],[-61.733501511999975,-34.37358296899998],[-61.758567325999934,-34.37717253699998],[-61.74906882799996,-34.357881376999956],[-61.88238444899997,-34.38529129899996],[-61.98679272199996,-34.38503262099994],[-61.97165387399997,-34.32276836199998],[-61.94461387499996,-34.32655148699996],[-61.92558366999998,-34.36845609499994],[-61.89713476299994,-34.32867349899993],[-61.86366728199994,-34.32153852199997],[-61.83124706299998,-34.34154685899995],[-61.82658302799996,-34.30680211199996],[-61.88104051899995,-34.314358537999965],[-61.89096201099994,-34.28658735999994],[-61.907770884999934,-34.32418374599996],[-61.97374587899998,-34.288387098999976],[-62.00536048899994,-34.35813544299998],[-62.07059291899998,-34.38494050999998]],[[-60.77028630677377,-30.40799206421954],[-60.76189586083174,-30.403520143106032],[-60.767381753999985,-30.405907292999984],[-60.77028630677377,-30.40799206421954]],[[-60.80908351599999,-30.607668365999928],[-60.77529885063445,-30.618504037103055],[-60.78917299799997,-30.60758689399995],[-60.80908351599999,-30.607668365999928]],[[-61.15169738599997,-30.01201006599996],[-61.13016823999993,-30.018983206999962],[-61.13381249699995,-30.007865438999943],[-61.15169738599997,-30.01201006599996]],[[-61.016194320999944,-30.22510524699993],[-60.98704171034001,-30.205760741225586],[-61.016194321505466,-30.225105246671824],[-61.016194320999944,-30.22510524699993]],[[-60.84996070166412,-30.248721927064516],[-60.849960701999976,-30.248721926999963],[-60.887660825999944,-30.252386313999978],[-60.84996070166412,-30.248721927064516]],[[-60.75488002599997,-30.26699698799996],[-60.72184026882338,-30.262893078102213],[-60.75488002639252,-30.26699698792451],[-60.75488002599997,-30.26699698799996]],[[-60.810854957999936,-30.360010212999953],[-60.733250236999936,-30.361908246999974],[-60.733250236992994,-30.361908246975688],[-60.810854957999936,-30.360010212999953]],[[-60.805252595999946,-30.433089460999952],[-60.75903498099996,-30.425613485999975],[-60.7955032341207,-30.426091760962166],[-60.805252595999946,-30.433089460999952]],[[-60.718443453575524,-30.692269496509343],[-60.732511957999975,-30.652171736999946],[-60.748785320726874,-30.639366724556464],[-60.718443453575524,-30.692269496509343]],[[-60.82174395399994,-30.75058785799996],[-60.86951204799993,-30.71752073199997],[-60.88351231599995,-30.677172534999954],[-60.88351231941208,-30.677172534045543],[-60.86951204899998,-30.71752073199997],[-60.82174395499993,-30.75058785799996],[-60.771451061780496,-30.75647195990862],[-60.82174395399994,-30.75058785799996]],[[-60.92122160799994,-30.66662478099994],[-60.92207460493607,-30.694648768900365],[-60.90953128097197,-30.66989470963373],[-60.92122160799994,-30.66662478099994]],[[-60.952101212999935,-30.689527597999984],[-60.99281639299994,-30.65551618099994],[-60.95210121399998,-30.689527597999984],[-60.92207460592042,-30.694648770842964],[-60.952101212999935,-30.689527597999984]],[[-60.97694173899998,-30.708226599999932],[-60.96913193647242,-30.71059362719132],[-61.00682219151658,-30.67251113355412],[-60.97694173899998,-30.708226599999932]],[[-60.941036371252174,-30.73634422506416],[-60.921126320999974,-30.742028527999935],[-60.939017334351796,-30.730313185439584],[-60.941036371252174,-30.73634422506416]],[[-61.016670844999965,-30.686437437999928],[-61.01959193099998,-30.662052392999954],[-61.01667084699994,-30.686437437999928],[-60.96618893285862,-30.72916318945798],[-61.016670844999965,-30.686437437999928]],[[-61.09843846699994,-30.661523133999935],[-61.09843846659626,-30.661523135454427],[-61.04677335764791,-30.678249345790203],[-61.09843846699994,-30.661523133999935]],[[-60.60557185899995,-33.10409370599996],[-60.597845639999946,-33.09177368199994],[-60.602071792999936,-33.09249986899994],[-60.60557185899995,-33.10409370599996]],[[-61.739869528999975,-31.016024674999983],[-61.74802784599996,-31.00607421799998],[-61.745195027999955,-31.010512346999974],[-61.739869528999975,-31.016024674999983]],[[-61.230646665999984,-32.17937611699995],[-61.23128858399997,-32.17468449199998],[-61.23412126699998,-32.17733318399996],[-61.230646665999984,-32.17937611699995]],[[-61.08788497599994,-33.27635282899996],[-61.09068323799994,-33.27228971599993],[-61.09243286499998,-33.27733246799994],[-61.08788497599994,-33.27635282899996]],[[-62.01733422399997,-33.75959367399997],[-61.97542055599996,-33.71077777099998],[-61.90136332299994,-33.66061423699995],[-61.89381071799994,-33.63337348999994],[-61.98133539099996,-33.645790345999956],[-61.99199678499997,-33.66780718199993],[-61.961671201999934,-33.666953099999944],[-62.01733422399997,-33.75959367399997]],[[-62.19353892299995,-34.12543797799998],[-62.197896284999956,-34.06877550299998],[-62.16539947799998,-34.025870432999966],[-62.190396163999935,-34.00418742199997],[-62.20011690399997,-34.04369886699993],[-62.223855395999976,-34.06429478599995],[-62.21449042599994,-34.12113044399996],[-62.19353892299995,-34.12543797799998]],[[-61.98478043399996,-33.97020502899994],[-61.99119631599996,-33.97307728699997],[-61.99127035699996,-34.019526232999965],[-61.98478043399996,-33.97020502899994]],[[-62.457894962999944,-34.24053140799998],[-62.46042973799996,-34.27415580699994],[-62.53140668399993,-34.305876215999945],[-62.50967588699996,-34.32179126899996],[-62.42741619199995,-34.29791910199998],[-62.43626021199998,-34.258056341999975],[-62.419104721999986,-34.24165984999996],[-62.44950390099996,-34.19334741899996],[-62.48634579299994,-34.229895203999945],[-62.457894962999944,-34.24053140799998]],[[-62.294687590999956,-34.057799159999945],[-62.27129075499994,-34.01938904399998],[-62.33048971699998,-34.05017370199994],[-62.31025094299997,-34.06827619799998],[-62.31410040399999,-34.09928137999998],[-62.357722131999935,-34.10136407999994],[-62.37631133599996,-34.124807062999935],[-62.40145374599996,-34.106320281999956],[-62.399033756999984,-34.04980953699993],[-62.42714123099995,-34.10690026599997],[-62.37880788399997,-34.15982545199995],[-62.38207998099995,-34.21211033099996],[-62.35864036799995,-34.20867764399998],[-62.36691131199996,-34.138117903999955],[-62.33794136499995,-34.11040961499998],[-62.31801355099998,-34.12878617699994],[-62.29028588799997,-34.11064477599996],[-62.294687590999956,-34.057799159999945]],[[-62.53087114199997,-34.11964392699997],[-62.50809991299997,-34.16841379099998],[-62.50612781399997,-34.07947055099993],[-62.52659966899995,-34.05633524199993],[-62.58337377299995,-34.104975802999945],[-62.57935840999994,-34.12462685699995],[-62.53087114199997,-34.11964392699997]],[[-61.720799805999945,-34.15705261599993],[-61.697798439999985,-34.141565441999944],[-61.746544504999974,-34.10560866999998],[-61.73718598299996,-34.07252347599996],[-61.74856276299994,-34.067482438999946],[-61.76291735299998,-34.12129555399997],[-61.720799805999945,-34.15705261599993]],[[-61.875469958999986,-34.16382379999993],[-61.837814210999966,-34.20406879099994],[-61.840650927999945,-34.17599445099995],[-61.875469958999986,-34.16382379999993]],[[-62.38137305299995,-34.09966715999997],[-62.36215170599996,-34.091654655999946],[-62.34800814999994,-34.04278226499997],[-62.37226837199995,-34.03208119499993],[-62.38137305299995,-34.09966715999997]],[[-62.46236261399997,-34.03272660299996],[-62.42745293899998,-34.030385809999984],[-62.424006659999975,-33.98283753499993],[-62.45706251499996,-34.01088304299998],[-62.46236261399997,-34.03272660299996]],[[-62.28818358199999,-33.72536539699996],[-62.33660807699994,-33.768565645999956],[-62.37013239999993,-33.803658988999985],[-62.309388299999966,-33.76800135599996],[-62.26308754099995,-33.793637064999984],[-62.25472838799993,-33.730052099999966],[-62.296338961999936,-33.64963093699998],[-62.28818358199999,-33.72536539699996]],[[-62.363994021999986,-33.92724812399996],[-62.40931611099995,-33.95651658099996],[-62.40391059799998,-33.969586333999985],[-62.341557431999945,-33.931161094999936],[-62.329887687999985,-33.88471108199997],[-62.34376852199995,-33.86453719299993],[-62.363994021999986,-33.92724812399996]],[[-62.23732936099998,-33.97076798599994],[-62.26364330999996,-33.96422948899993],[-62.251380102999974,-33.91074811999994],[-62.27567634099995,-33.95129939499998],[-62.26418159999997,-34.01251243099995],[-62.23732936099998,-33.97076798599994]],[[-62.58166045899998,-34.05271734899998],[-62.619005475999984,-34.09403917299994],[-62.57895504099997,-34.07666860799998],[-62.548568236999984,-34.00011785399994],[-62.571287568999935,-34.01106476699994],[-62.58166045899998,-34.05271734899998]],[[-61.95899556799998,-34.02142825799996],[-61.931057693999946,-34.002293350999935],[-61.94256300899997,-33.97085291099995],[-61.95899556799998,-34.02142825799996]],[[-62.076252944999965,-33.80568424899997],[-62.13224327399996,-33.779834052999945],[-62.155264156999976,-33.842109456999935],[-62.19422160499994,-33.85763370099994],[-62.151058974999955,-33.86389592099994],[-62.147328878999986,-33.880668012999934],[-62.102117876999955,-33.87304749799995],[-62.04639626599999,-33.82985290199997],[-62.02793196199997,-33.78206602399996],[-62.06990447099997,-33.82565063199996],[-62.076252944999965,-33.80568424899997]],[[-61.997205203999954,-33.80615005399994],[-62.042794070999946,-33.90682252599993],[-61.976836584999944,-33.811801413999945],[-61.997205203999954,-33.80615005399994]],[[-61.831981463999966,-33.218473864999964],[-61.82762834699997,-33.22175945299995],[-61.82805137499997,-33.21559681399998],[-61.831981463999966,-33.218473864999964]],[[-61.83364511899998,-33.16100160599996],[-61.84206818299998,-33.16151054699998],[-61.83452651699997,-33.164514606999944],[-61.83364511899998,-33.16100160599996]],[[-61.51713589999997,-33.68284431699993],[-61.465263462999985,-33.73588700199997],[-61.42702973199994,-33.71703784399995],[-61.42613351299997,-33.685230237999974],[-61.51713589999997,-33.68284431699993]],[[-61.584954134999975,-31.74593056599997],[-61.584192118999965,-31.75190987999997],[-61.583236892999935,-31.75540436299997],[-61.584954134999975,-31.74593056599997]],[[-61.59088740899995,-29.92561043099994],[-61.59073079299998,-29.915595291999978],[-61.59648463299993,-29.92062618999995],[-61.59088740899995,-29.92561043099994]],[[-61.72360427199993,-29.350147008999954],[-61.733611493999945,-29.351430438999955],[-61.73227253999994,-29.36185358399996],[-61.72360427199993,-29.350147008999954]],[[-61.72682449399997,-29.756967912999983],[-61.74059285199996,-29.74629315599998],[-61.742264586999966,-29.751514501999964],[-61.72682449399997,-29.756967912999983]],[[-61.52191065899996,-30.933704193999972],[-61.51783949199995,-30.93148536399997],[-61.52016442699994,-30.92873460499993],[-61.52191065899996,-30.933704193999972]],[[-61.436029832999964,-30.77787852299997],[-61.45809503399994,-30.78393028299996],[-61.44761698999997,-30.78637895299994],[-61.436029832999964,-30.77787852299997]],[[-61.387790603999974,-30.71099213499997],[-61.428002386999935,-30.732359342999928],[-61.38817758799996,-30.714477648999946],[-61.387790603999974,-30.71099213499997]],[[-61.37969695299995,-30.718903099999977],[-61.386134105999986,-30.71759069899997],[-61.38309481099998,-30.72386852699998],[-61.37969695299995,-30.718903099999977]],[[-61.34472243999994,-30.90269660699994],[-61.35237517699994,-30.899344949999943],[-61.348922938999976,-30.901325374999942],[-61.34472243999994,-30.90269660699994]],[[-61.44924960099996,-30.70348827199996],[-61.456792632999964,-30.678615416999946],[-61.49547728799996,-30.653564142999983],[-61.45679263399995,-30.678615416999946],[-61.44924960099996,-30.70348827199996]],[[-61.35608441399995,-29.93873681599996],[-61.39056801031124,-29.953216673710774],[-61.39056800999998,-29.953216673999975],[-61.35608441399995,-29.93873681599996]],[[-61.07168032599998,-33.275597611999956],[-61.06782808999998,-33.27732287699996],[-61.06522893299996,-33.27443292999993],[-61.07168032599998,-33.275597611999956]],[[-61.20322647099994,-30.957423034999977],[-61.223278722999964,-30.962102114999936],[-61.19511529099998,-30.957791404999966],[-61.20322647099994,-30.957423034999977]],[[-61.13372063199995,-31.00592211999998],[-61.13226230999999,-31.009263356999952],[-61.12802552299996,-31.01540211599996],[-61.13372063199995,-31.00592211999998]],[[-60.831580362999944,-31.42381224299993],[-60.835648008999954,-31.418783969999936],[-60.83770453499994,-31.432965299999978],[-60.831580362999944,-31.42381224299993]],[[-61.07508190999994,-32.56724929899997],[-61.074932081999975,-32.57069804199995],[-61.07392501299995,-32.574807679999935],[-61.07508190999994,-32.56724929899997]],[[-61.10314280899996,-32.56002926699995],[-61.100050057999965,-32.557660056999964],[-61.10221122299998,-32.55381384499998],[-61.10314280899996,-32.56002926699995]],[[-61.30607937299993,-31.058984777999967],[-61.31430875999996,-31.062051615999962],[-61.32326188899998,-31.06852684599994],[-61.30607937299993,-31.058984777999967]],[[-61.12000800799996,-31.06644259099994],[-61.11928875999996,-31.07352199299993],[-61.110557530999984,-31.085597677999942],[-61.12000800799996,-31.06644259099994]],[[-60.96068000099996,-30.65695012499998],[-60.92301089399996,-30.656637176999936],[-60.86298090199995,-30.61445495299995],[-60.887576346999936,-30.60711827299997],[-60.88648273399997,-30.628515754999967],[-60.92301089599994,-30.656637176999936],[-60.96068000099996,-30.65695012499998]],[[-61.41174034699998,-30.93703486299995],[-61.40770720499995,-30.937228458999982],[-61.39716303999995,-30.932708521999928],[-61.41174034699998,-30.93703486299995]],[[-61.14462741199998,-30.824730871999975],[-61.158087422999984,-30.83132907099997],[-61.15380663399998,-30.836422334999952],[-61.14462741199998,-30.824730871999975]],[[-61.07696667128241,-30.70130535224947],[-61.06046971208972,-30.72444399356678],[-61.021124903999976,-30.719829824999977],[-61.07696667128241,-30.70130535224947]],[[-61.148725651213034,-30.6476334343365],[-61.1487256437552,-30.64763343991456],[-61.14872565199994,-30.647633432999953],[-61.148725651213034,-30.6476334343365]],[[-61.286815769999976,-30.691536821999932],[-61.18034007799997,-30.721247868999967],[-61.18034007758912,-30.721247868835572],[-61.286815769999976,-30.691536821999932]],[[-60.84366972170286,-30.71495737889812],[-60.87034758189162,-30.660906292256065],[-60.870900863999964,-30.663629623999952],[-60.84366972170286,-30.71495737889812]],[[-60.743327567999984,-30.72536589999993],[-60.729729143999975,-30.704177528999935],[-60.753251718999934,-30.68679025499995],[-60.759420140999964,-30.649233823999964],[-60.78535100199997,-30.631158331999984],[-60.78535100899879,-30.631158331471177],[-60.75942014299994,-30.649233823999964],[-60.75325171999998,-30.68679025499995],[-60.729729144999965,-30.704177528999935],[-60.743327567999984,-30.72536589999993]],[[-60.86311024699995,-30.62528311999995],[-60.86311024701115,-30.625283120055077],[-60.86311024418485,-30.625283120212647],[-60.86311024699995,-30.62528311999995]],[[-60.970341452999946,-30.47364077499998],[-60.96419346099998,-30.457329997999977],[-60.97034145383575,-30.473640774564387],[-60.970341452999946,-30.47364077499998]],[[-60.97908798999998,-30.445494533999977],[-60.98602850599997,-30.434275242999945],[-60.989150016999986,-30.436719788999937],[-60.97908798999998,-30.445494533999977]],[[-61.10940085499993,-30.36830674999993],[-61.10548301899996,-30.368530491999934],[-61.08394691099994,-30.36616635499996],[-61.10940085499993,-30.36830674999993]],[[-60.94265249699998,-30.258508094999968],[-60.95622729699994,-30.225187983999945],[-60.94265249799997,-30.258508095999957],[-60.962218072999974,-30.280465155999934],[-60.94265249699998,-30.258508094999968]],[[-60.76454317599996,-30.329661476999945],[-60.75365924999994,-30.28608998599998],[-60.78434610399995,-30.268937709999932],[-60.75365925099999,-30.28608998599998],[-60.76454317699995,-30.329661476999945],[-60.792143012999986,-30.336192101999984],[-60.76454317599996,-30.329661476999945]],[[-60.964941531999955,-30.587673694999978],[-60.944270761999974,-30.58216699299993],[-60.93338675799998,-30.591856276999977],[-60.95319460999997,-30.567595377999965],[-60.964941531999955,-30.587673694999978]],[[-61.35314910799997,-30.06817323699994],[-61.32802830299994,-30.108937667999953],[-61.32189520999998,-30.073130401999947],[-61.35314910799997,-30.06817323699994]],[[-61.20135259099993,-30.11599840399998],[-61.22045998699997,-30.07851750499998],[-61.22882726599994,-30.112532319999957],[-61.20135259099993,-30.11599840399998]],[[-60.91324444899993,-31.867227535999973],[-60.91062392699996,-31.87000440399993],[-60.90749310699994,-31.867565884999976],[-60.91324444899993,-31.867227535999973]],[[-60.82462635099995,-31.578195730999937],[-60.82622474899995,-31.585286673999974],[-60.82230815799994,-31.58656849199997],[-60.82462635099995,-31.578195730999937]],[[-60.86767454899996,-31.46826980299994],[-60.86308445499998,-31.464588945999935],[-60.87553150599996,-31.465899241999978],[-60.86767454899996,-31.46826980299994]]],[[[-61.95095245099998,-29.411008394999953],[-61.947088924999946,-29.42197571099996],[-61.95354089999995,-29.42607929899998],[-61.95095245099998,-29.411008394999953]]],[[[-61.94850656099999,-29.396764305999966],[-61.82733291399995,-28.695725893999963],[-61.81049961399998,-28.66853971599994],[-61.79434022899994,-28.739050472999963],[-61.81185501099998,-28.786080803999937],[-61.787330330999964,-28.79762336999994],[-61.80712570199995,-28.831215721999968],[-61.77898178299995,-28.83804317099998],[-61.74876580599994,-28.789993556999946],[-61.78849318399995,-28.773872342999937],[-61.77359905099996,-28.738096708999933],[-61.797553198999935,-28.63779440999997],[-61.788008341999955,-28.62864154099998],[-61.74737105999998,-28.695275396999932],[-61.73670163199995,-28.671030256999984],[-61.687432171999944,-28.706279820999953],[-61.71944705399994,-28.579035886999975],[-61.75890153599994,-28.605443242999968],[-61.76329391199994,-28.595809772999928],[-61.71190904699995,-28.542547617999958],[-61.66373823999999,-28.52372088599998],[-61.68375037599998,-28.500255409999966],[-61.669942806999984,-28.472574926999982],[-61.68351303299994,-28.46502966299994],[-61.647158281999964,-28.454284164999933],[-61.64293826399995,-28.43041583799993],[-61.58665376599998,-28.396536252999965],[-61.552058396764096,-28.418164823897047],[-61.573440164999965,-28.38730391599995],[-61.567855651999935,-28.36412181399993],[-61.618736729999966,-28.35877854699993],[-61.63146030799999,-28.39145614599994],[-61.68883401099998,-28.40089041899995],[-61.68798502699997,-28.359713702999954],[-61.62540579399996,-28.35662866299998],[-61.59244327399995,-28.304512901999942],[-61.56839450399997,-28.30839386799994],[-61.562271436999936,-28.282641931999933],[-61.600524718999964,-28.287791180999932],[-61.56106318399998,-28.25739919399996],[-61.557907485999976,-28.218119211999976],[-61.52032554099998,-28.232437174999973],[-61.50363470099995,-28.21763128699996],[-61.48190538399996,-28.239969747999965],[-61.49819982399998,-28.262843206999946],[-61.46245897599994,-28.281268157999932],[-61.43919786399994,-28.235826797999948],[-61.344165858999986,-28.224899019999953],[-61.31469951299994,-28.260140640999964],[-61.404584230999944,-28.293870525999978],[-61.350169351999966,-28.30917220899994],[-61.30620588299996,-28.290592930999935],[-61.241070771999944,-28.30681855399996],[-61.24769046799997,-28.326341191999973],[-61.20022897599995,-28.33305970699996],[-61.196375761999946,-28.362852431999954],[-61.08923846399995,-28.473742001999938],[-61.02161193799998,-28.51684617199993],[-61.07001488699996,-28.579559357999983],[-60.95984171699996,-28.564530312999977],[-60.84453703699995,-28.578697972999976],[-60.809722197999974,-28.603419535999933],[-60.74576696599996,-28.72398286599997],[-60.73120832999996,-28.71900087599994],[-60.68400100499997,-28.762769723999952],[-60.689896087999955,-28.77991404499994],[-60.61280799999997,-28.802706824999973],[-60.64532972899997,-28.83007295599998],[-60.60439889199995,-28.843342792999977],[-60.57224188099997,-28.876972346999935],[-60.52700536499998,-29.00249568499993],[-60.53033553399996,-29.07379203299996],[-60.56120472599997,-29.14428241099995],[-60.61632994299998,-29.17971719899998],[-60.64317400599998,-29.220686325999964],[-60.66643830399994,-29.219735646999936],[-60.638828848999935,-29.153648671999974],[-60.650221518999956,-29.10262820899993],[-60.76493612960715,-29.082012778139553],[-60.650221520999935,-29.10262820899993],[-60.63882884999998,-29.153648671999974],[-60.666438304999986,-29.219735646999936],[-60.64882562299994,-29.224483714999963],[-60.66974871299993,-29.30380248299997],[-60.65503831199999,-29.336167769999975],[-60.58943597699994,-29.389622731999964],[-60.60271960199998,-29.410760676999928],[-60.63852969399994,-29.406985453999937],[-60.68066222999994,-29.48957238199995],[-60.730728607999936,-29.47847447199996],[-60.736706263654554,-29.43742681262535],[-60.741337459999954,-29.484823854999945],[-60.776311945999964,-29.471876583999972],[-60.79202476793665,-29.381875481362677],[-60.776311946999954,-29.471876583999972],[-60.741337460999944,-29.484823854999945],[-60.72433281699995,-29.519419665999976],[-60.75329650499998,-29.551835451999978],[-60.816722716088016,-29.50987435691111],[-60.75736647999997,-29.55963644299993],[-60.75168736099994,-29.71556446099993],[-60.82604952299994,-29.71239103099998],[-60.96981090587682,-29.63198155978966],[-61.070487560999936,-29.607839446999947],[-61.11580487599997,-29.539813416999948],[-61.28221306599994,-29.49309356899994],[-61.30605356199993,-29.458653669999933],[-61.41772110399995,-29.427149636999957],[-61.48127526799993,-29.38412382299998],[-61.599759990999985,-29.37655503899998],[-61.66536344899998,-29.32903297599995],[-61.72352762099996,-29.254454361999933],[-61.77722189999997,-29.266535318999956],[-61.87645631899994,-29.357815569999957],[-61.94850656099999,-29.396764305999966]],[[-61.42481385199994,-29.382317016999934],[-61.40186418299999,-29.399449269999934],[-61.420765003999975,-29.384451844999944],[-61.42481385199994,-29.382317016999934]],[[-61.65869342399998,-28.709714677999955],[-61.66553187799997,-28.707170521999956],[-61.657683092999946,-28.713104622999936],[-61.65869342399998,-28.709714677999955]],[[-61.61684275399995,-29.247506595999937],[-61.61563809699999,-29.24011322399997],[-61.619144174999974,-29.244580010999982],[-61.61684275399995,-29.247506595999937]],[[-61.73963695599997,-29.190778851999937],[-61.767968851829075,-29.144121799281375],[-61.73963695699996,-29.190778851999937],[-61.757498391999945,-29.226175714999954],[-61.682798195239315,-29.246991209933284],[-61.757498390999956,-29.226175713999965],[-61.73963695599997,-29.190778851999937]],[[-61.81692272399994,-29.160738768999977],[-61.83047131999996,-29.17200989899993],[-61.87103857499994,-29.15704324899997],[-61.83047132099995,-29.172009899999978],[-61.81692272399994,-29.160738768999977]],[[-60.889160211076984,-29.54130029594287],[-60.91255283399994,-29.52396324199998],[-60.903352438999946,-29.478271161999942],[-60.962180648352444,-29.445727668358156],[-60.90335244099998,-29.478271161999942],[-60.912552835999975,-29.52396324199998],[-60.889160211076984,-29.54130029594287]],[[-60.81819418494809,-29.536909761261096],[-60.818194189999986,-29.53690975899997],[-60.81819419085791,-29.536909759053046],[-60.81819418494809,-29.536909761261096]],[[-60.91243639299995,-29.579924309999967],[-60.867685232999975,-29.569349715999977],[-60.912436393597616,-29.57992430966859],[-60.91243639299995,-29.579924309999967]],[[-60.617609914842525,-29.013633350447133],[-60.60805067699994,-28.980064440999968],[-60.65946281999999,-28.931680504999974],[-60.69039935916419,-28.91687283939999],[-60.60805067899997,-28.980064440999968],[-60.617609914842525,-29.013633350447133]]],[[[-61.814447961999974,-28.627678574999948],[-61.80322267399998,-28.609304350999935],[-61.81156833499995,-28.629783532999966],[-61.814447961999974,-28.627678574999948]]],[[[-61.78164167399996,-28.573485827999946],[-61.76014363499996,-28.51898084299995],[-61.738968581999984,-28.506076185999973],[-61.73894974399997,-28.536656565999976],[-61.77228761599997,-28.577541431999975],[-61.78164167399996,-28.573485827999946]]],[[[-61.72660033999995,-28.530542326999978],[-61.72838259599996,-28.498103571999934],[-61.71801451299996,-28.492045150999957],[-61.72660033999995,-28.530542326999978]]],[[[-61.768667979999975,-28.49191200599995],[-61.773513831999935,-28.536974160999932],[-61.79247672699995,-28.538448156999948],[-61.78713455199994,-28.47881352199994],[-61.768667979999975,-28.49191200599995]]],[[[-61.747870724999984,-28.331344715999933],[-61.71809358199994,-28.28253871399994],[-61.710405229999935,-28.29653263399996],[-61.69908531699997,-28.287070653999933],[-61.655301160999954,-28.30061675999997],[-61.65834013099993,-28.321595203999948],[-61.675149903999966,-28.331474862999983],[-61.69452446699995,-28.308532928999966],[-61.72832577999998,-28.32248521899993],[-61.73851367899994,-28.37861916999998],[-61.72175724699997,-28.34738409199997],[-61.708077120999974,-28.372020077999935],[-61.72114975299996,-28.415831865999962],[-61.75463418199996,-28.40533963799993],[-61.773818020999954,-28.419798533999938],[-61.76381132399996,-28.330127882999932],[-61.747870724999984,-28.331344715999933]]],[[[-61.693822962999946,-28.19779365599993],[-61.71970921299999,-28.224272722999956],[-61.74112476799996,-28.201547855999934],[-61.72212281099996,-28.194713229999934],[-61.712213944999974,-28.207432702999938],[-61.693822962999946,-28.19779365599993]]],[[[-61.717826481999964,-28.057888237999975],[-61.71116219099997,-27.999944150999966],[-61.69897481899994,-28.000195378999933],[-61.717826481999964,-28.057888237999975]]],[[[-61.508925326999986,-34.18819265199994],[-61.61229494299994,-34.29038005599995],[-61.713021486999935,-34.38080713299996],[-61.697935394999945,-34.32339370899996],[-61.644384903999935,-34.26118122999998],[-61.508925326999986,-34.18819265199994]]],[[[-61.56829744899994,-29.41368661599995],[-61.473219395999934,-29.412433161999957],[-61.438189327999964,-29.455736507999973],[-61.379651069999966,-29.459787878999975],[-61.38755205399997,-29.507444961999965],[-61.512554802999944,-29.50183943099995],[-61.542442740999945,-29.430822456999977],[-61.56829744899994,-29.41368661599995]]],[[[-61.70623905599996,-28.43694239399997],[-61.701616154999954,-28.41531354999995],[-61.671845158999986,-28.436448267999936],[-61.68160496599995,-28.439169815999946],[-61.70623905599996,-28.43694239399997]]],[[[-61.69931391499995,-28.22765958599996],[-61.640110720999985,-28.267958207999982],[-61.710684871999945,-28.24976488699997],[-61.71112292199996,-28.23580967299995],[-61.69931391499995,-28.22765958599996]]],[[[-61.66441144299995,-28.11895027199995],[-61.631931649999956,-28.202336361999983],[-61.70500392399998,-28.18343106499998],[-61.73413066299997,-28.158672578999983],[-61.72742297299993,-28.114357231999975],[-61.66441144299995,-28.11895027199995]]],[[[-61.57931503399993,-28.179915088999962],[-61.64261699599996,-28.108704605999947],[-61.52955169899997,-28.151582718999975],[-61.57931503399993,-28.179915088999962]]],[[[-61.52011380699997,-28.07429221299998],[-61.43620355699994,-28.10989804099995],[-61.473362416999976,-28.131020362999948],[-61.62607388499998,-28.08698312499996],[-61.69770681499995,-28.09467053399993],[-61.72144733399995,-28.079163575999928],[-61.71641581099993,-28.058895707999966],[-61.66912467499998,-28.05617961599995],[-61.52011380699997,-28.07429221299998]]],[[[-61.07286687199996,-28.01855691399993],[-61.15838725737709,-28.112257978317498],[-61.072866869999984,-28.01855691399993],[-61.07212310299997,-28.001078648999965],[-60.36315658399997,-28.000360892999936],[-60.36260635399998,-28.023705528999983],[-60.40728659399997,-28.036768992999953],[-60.37746392499997,-28.087785142999962],[-60.38936832799993,-28.159918885999957],[-60.42291767489133,-28.168309334972395],[-60.36107804899996,-28.167501396999967],[-60.384453623999946,-28.147012209999957],[-60.37746392399998,-28.087785142999962],[-60.407286591999934,-28.036768992999953],[-60.36260635199994,-28.023705528999983],[-60.36315658299998,-28.000360892999936],[-60.14413063999996,-28.000275065999972],[-60.16730065699994,-28.043609301999936],[-60.14413063899997,-28.000275064999983],[-59.14547178199996,-28.000577172999954],[-59.206718604999935,-28.163234399999965],[-59.248173495999936,-28.46183505399995],[-59.30182519099998,-28.58018796799996],[-59.30996143699997,-28.68420053799997],[-59.33833360999995,-28.73771880499993],[-59.46720122299996,-28.829186499999935],[-59.48775489399998,-28.963326262999942],[-59.62402376599994,-29.19886531399993],[-59.65109980699998,-29.31117259499996],[-59.731592285999966,-29.457899139999938],[-59.76397822399997,-29.43126610099995],[-59.78711778599995,-29.31881685099995],[-59.77516415799994,-29.274049955999942],[-59.69345418399996,-29.173168492999935],[-59.749427974999946,-29.215232766999975],[-59.77212217899995,-29.258270773999982],[-59.80425561199996,-29.21993595999993],[-59.83332501599995,-29.209921273999953],[-59.89079413699994,-29.12084810799996],[-59.89790808899994,-29.079952566999964],[-59.87350718099998,-29.05280131099994],[-59.88130407699998,-28.98257304799995],[-59.92712920099996,-28.942861274999927],[-59.92893744999998,-28.850398154999937],[-59.999134337999976,-28.76683689099997],[-60.01382189199995,-28.725803591999977],[-59.996679325999935,-28.68335167999993],[-60.025702697999975,-28.725659936999932],[-60.06416500399996,-28.73480816199998],[-60.02666619799999,-28.742676050999933],[-59.96253516899998,-28.828604773999928],[-59.937604936999946,-28.879254513999967],[-59.94121811599996,-28.946786688999964],[-59.89406812499993,-29.018210410999984],[-59.996331915999974,-28.976508138999975],[-60.006750764999936,-28.874939534999953],[-60.08747194499995,-28.795911760999957],[-60.09755236199999,-28.80098386399993],[-60.025548294999965,-28.86573915699995],[-60.02806533199998,-28.878544216999956],[-60.10455377399995,-28.886702899999932],[-60.157532981999964,-28.871033157999932],[-60.17380395199996,-28.880544905999955],[-60.12027666599994,-28.895777790999944],[-60.01755770999995,-28.89451600999996],[-59.99192579399994,-28.995963548999953],[-59.88387730699998,-29.033991559999947],[-59.90352297299995,-29.072427346999973],[-59.93926437999994,-29.06436978199997],[-59.89811570699993,-29.148516834999953],[-59.855279580999934,-29.180848155999968],[-59.84443990899996,-29.215348459999973],[-59.80800156699996,-29.248644080999952],[-59.80028042999999,-29.302297933999967],[-59.85509270799997,-29.283011294999937],[-59.95272222699998,-29.21008038399998],[-59.89589392099998,-29.273012301999984],[-59.81299150499996,-29.309487187999935],[-59.78714286699994,-29.367539741999963],[-59.790849295999976,-29.430876935999947],[-59.829162596999936,-29.354250615999945],[-59.91063196399995,-29.33462560199996],[-59.934900778999975,-29.35496896199993],[-59.96031369599996,-29.34666397099994],[-59.91745950699993,-29.365967497999975],[-59.86443378699994,-29.34914943499996],[-59.79102307499994,-29.445318317999977],[-59.76936197699996,-29.45444250299994],[-59.749252344999945,-29.51001475399994],[-59.818420463999985,-29.693087472999935],[-59.83026013999995,-29.805578045999937],[-59.81070220899994,-29.94906783999994],[-59.832592473999966,-30.053069482999945],[-59.96132686599998,-30.258905210999956],[-59.97342464199994,-30.346561949999966],[-59.94745349999994,-30.397484451999958],[-59.91821368199999,-30.551437052999972],[-59.97964620099998,-30.706776986999955],[-60.06287561499994,-31.00883585899993],[-60.083942503999936,-31.02022240799994],[-60.07594435999994,-31.061125053999945],[-60.15070569399995,-31.165419757999928],[-60.160237894999966,-31.202025108999976],[-60.190561542999944,-31.22336127699998],[-60.233380721999936,-31.22538992899996],[-60.24942966699996,-31.29457098399996],[-60.29294797699998,-31.322797441999967],[-60.32373727399994,-31.39667725399994],[-60.62697129299994,-31.647668030999967],[-60.64874813899996,-31.62587161099998],[-60.63647327399997,-31.599994911999943],[-60.523374295999986,-31.526200236999955],[-60.42151583399993,-31.352855015999978],[-60.44661127599994,-31.35470264199995],[-60.476986790999945,-31.328302131999976],[-60.47649768699995,-31.27374750499996],[-60.45109407599995,-31.225234395999962],[-60.38314617999998,-31.21250996899994],[-60.40605855599995,-31.194761780999954],[-60.45280557299998,-31.21007637599996],[-60.44313672499993,-31.17131287999996],[-60.366136895999944,-31.130360146999976],[-60.360687876999975,-31.081104729999936],[-60.31957124799993,-31.029582810999955],[-60.31680957499998,-30.98216551699994],[-60.24689634499998,-30.841977251999936],[-60.261062513999946,-30.758130437999966],[-60.154850152999984,-30.578081177999934],[-60.15916228799995,-30.54617107699994],[-60.138689313999976,-30.491731949999973],[-60.10783556699994,-30.465756902999942],[-60.13155523199998,-30.41263599699994],[-60.11414712299995,-30.371883241999967],[-60.138362143999984,-30.34286334999996],[-60.112547011999936,-30.288803582999947],[-60.056819606999966,-30.29322997099996],[-60.04843668999996,-30.252154367999935],[-59.99192631899996,-30.21573319199996],[-59.94683479499997,-30.15270146299997],[-59.95057784699998,-30.123600215999943],[-59.998198954999964,-30.096290060999934],[-60.01934579699997,-30.055747717999964],[-60.00232986999998,-29.991953056999932],[-60.02023517899994,-29.95298373199995],[-60.014871279999966,-30.005666830999928],[-60.05284378299996,-30.03031600999998],[-60.07482157199996,-30.01949060399994],[-60.05111693799995,-29.981187193999972],[-60.06295387999995,-29.887551936999955],[-60.02711635899993,-29.87116568999994],[-59.98084741499997,-29.818281127999967],[-59.99156197399998,-29.726149505999956],[-59.98150410599993,-29.67736900799997],[-60.039697323999974,-29.64561046999995],[-60.02098348599998,-29.614790210999956],[-59.98040274599998,-29.591717339999946],[-59.977039787999956,-29.52361072599996],[-59.98848928999996,-29.58885205399997],[-60.01143624699995,-29.594982001999938],[-60.05565021899997,-29.646029734999956],[-60.09101573799995,-29.461915167999962],[-60.02694636399997,-29.311005130999945],[-60.02533760999995,-29.22416121599997],[-60.06477882799999,-29.152082201999974],[-60.07583105699996,-29.073790971999983],[-60.18456324999994,-28.92959959799998],[-60.202980844999956,-28.946110275999956],[-60.150533422999956,-28.98173380999998],[-60.135828060999984,-29.033503764999978],[-60.27360268199993,-28.982511345999967],[-60.232517016999964,-29.01887003199994],[-60.12689782699994,-29.051601432999973],[-60.09512257999995,-29.08183215699995],[-60.104047572999946,-29.138693527999976],[-60.056387435999966,-29.19011907099997],[-60.04081982499997,-29.265587104999952],[-60.12201360199998,-29.23357684499996],[-60.20254788999995,-29.138550146999933],[-60.268774691999965,-29.16083542299998],[-60.182641038999975,-29.191813753999952],[-60.11660571099998,-29.254862380999953],[-60.044607964999955,-29.284460343999967],[-60.05947648299997,-29.337368295999966],[-60.135279684999944,-29.33570511099998],[-60.209406729999955,-29.300722508999968],[-60.22383121699994,-29.274901344999932],[-60.22646233099994,-29.292047795999963],[-60.24327111799994,-29.292067034999945],[-60.278365737999934,-29.247536133999972],[-60.31245426999993,-29.243469002999973],[-60.32329231499995,-29.257747682999934],[-60.13826611099995,-29.344574634999958],[-60.07572345099999,-29.360307288999934],[-60.10769708999999,-29.43974788099996],[-60.15950788899994,-29.413606879999975],[-60.27387631999994,-29.378988258999982],[-60.28264749199997,-29.379923428999973],[-60.173280114999955,-29.421647248999932],[-60.11534799899994,-29.470043105999935],[-60.09018382399995,-29.556000494999978],[-60.08996495499997,-29.624769210999943],[-60.12793092399994,-29.61225028399997],[-60.115622551999934,-29.642995995999968],[-60.01388253599998,-29.668144585999983],[-59.99569662899995,-29.81939789699993],[-60.036378474999935,-29.836027917999957],[-60.05432181699996,-29.863509222999937],[-60.08749723799997,-29.86692746899996],[-60.12298375399996,-29.80117013699993],[-60.111186578999934,-29.773376197999937],[-60.145374482999955,-29.725641534999966],[-60.12319000799994,-29.77568545899993],[-60.147843018999936,-29.812612326999954],[-60.12242537399993,-29.868062901999963],[-60.14742125499998,-29.878769899999952],[-60.188870992999966,-29.86906112199995],[-60.21620219199997,-29.842633882999962],[-60.19539382299996,-29.680574837999984],[-60.14382775699994,-29.48049061399996],[-60.16020958099995,-29.44769206999996],[-60.16442059599996,-29.521221012999945],[-60.18702753399998,-29.52356714299998],[-60.17675651099995,-29.580445520999945],[-60.216606008999975,-29.67416261099993],[-60.24321899499995,-29.820526945999973],[-60.22115764299997,-29.875906145999977],[-60.16352721399994,-29.898411438999972],[-60.10034128899997,-29.889859077999972],[-60.082031720999964,-29.902659436999954],[-60.06088816299996,-29.946528169999965],[-60.06827790999995,-29.986376968999934],[-60.08879285499995,-30.00286953899996],[-60.117850327999975,-29.98654988499993],[-60.12722768499998,-30.016070601999957],[-60.15617465299994,-30.03528989399996],[-60.1960840598756,-30.111817744596948],[-60.19873332299994,-30.165463708999937],[-60.14820851799993,-30.15558490799998],[-60.14839745499995,-30.171774940999967],[-60.17814435299994,-30.205918657999973],[-60.203640157999985,-30.20456977499998],[-60.255692530999966,-30.391846519999945],[-60.337215483999955,-30.45785947199994],[-60.36420554899996,-30.512111423999954],[-60.35930998099997,-30.55915666599998],[-60.39353320299995,-30.606704288999936],[-60.36121794999997,-30.633289657999967],[-60.35541764799996,-30.67696340499998],[-60.41234458399998,-30.75206475599998],[-60.42851149099994,-30.83707354099994],[-60.34348272799997,-30.94647260299996],[-60.361511802999985,-31.040213322999932],[-60.40425366499994,-31.105688629999975],[-60.45960989699995,-31.138422635999973],[-60.48526257399993,-31.183861124999964],[-60.49895296999995,-31.271914541999934],[-60.513026656999955,-31.272714230999952],[-60.52545672699995,-31.233260773999973],[-60.53793125499993,-31.297228106999967],[-60.59708609099994,-31.42215439399996],[-60.543380669999976,-31.42219553299998],[-60.56236474699995,-31.439373431999968],[-60.587187239999935,-31.436051563999968],[-60.683512286999985,-31.59835762499995],[-60.739028410999936,-31.599015360999942],[-60.78131157299998,-31.498355465999964],[-60.766252090999956,-31.45379362099993],[-60.799232754999935,-31.381874584999935],[-60.78237355699997,-31.345850225999982],[-60.80977998199995,-31.324966064999956],[-60.88011354199995,-31.348754097999972],[-60.916205196999954,-31.32681760099996],[-60.89500956599994,-31.29711152999994],[-60.90188730799997,-31.26922438699995],[-60.841747441999985,-31.21354336899998],[-60.785125662999974,-31.086349306999978],[-60.82247624499996,-31.058559446999936],[-60.80153410299994,-31.014368142999956],[-60.82882704499997,-30.99423044699995],[-60.825788821999936,-30.893262238999966],[-60.78874140999994,-30.892657886999984],[-60.76780255999995,-30.867508228999952],[-60.80295139899994,-30.824537998999972],[-60.79693039799997,-30.81204766199994],[-60.74032228799996,-30.807996344999935],[-60.70670705499998,-30.77283086799997],[-60.635906562999935,-30.766437320999955],[-60.595583732999955,-30.717587785999967],[-60.595890879999956,-30.569591985999978],[-60.55338417799999,-30.543681703999937],[-60.60770304799996,-30.560566293999955],[-60.65167218999994,-30.53339777599996],[-60.62228404999996,-30.48855423899994],[-60.60472605799998,-30.489916206999965],[-60.58188271599994,-30.46150618799993],[-60.62167143499994,-30.46542569899998],[-60.63450302799998,-30.43153463899995],[-60.53306589099998,-30.40456149599993],[-60.41766804799994,-30.26939301999994],[-60.359208825999985,-30.263192593999975],[-60.379390145999935,-30.251530228999968],[-60.43289384999997,-30.269431475999966],[-60.44747713299995,-30.290756794999936],[-60.460820629999944,-30.246382558999983],[-60.42118661899997,-30.179868942999974],[-60.38505434299998,-30.081039680999936],[-60.39621473599993,-30.079655612999943],[-60.46704955599995,-30.218729853999946],[-60.46580587699998,-30.30799785199997],[-60.534037910999984,-30.39420326499993],[-60.55724544599997,-30.40850759999995],[-60.64868410699995,-30.386592864999955],[-60.61418644699995,-30.260395140999947],[-60.547592056999974,-30.19338728799994],[-60.61146289299995,-30.217114054999968],[-60.67142560199994,-30.208762983999975],[-60.67720699199998,-30.185029983999982],[-60.64977258399995,-30.135695777999956],[-60.65978577899995,-30.034052963999954],[-60.67799211099998,-30.015626003999955],[-60.629056169999956,-29.965898805999984],[-60.654967402999944,-29.90761762699998],[-60.54306243299993,-29.838253804999965],[-60.530861225999956,-29.82005477699994],[-60.54075155199996,-29.78274337199997],[-60.395064064999985,-29.67488241899997],[-60.29139194399994,-29.549069388999953],[-60.33252863499996,-29.53100326699996],[-60.31575491399997,-29.57477538699993],[-60.473197306999964,-29.716029523999964],[-60.51262302099997,-29.719593995999958],[-60.51993511099994,-29.68874554799993],[-60.568880674999946,-29.647819752999965],[-60.579500904999975,-29.60303450999993],[-60.55932263899996,-29.560873818999937],[-60.440230628999984,-29.53664706099994],[-60.30889436399997,-29.45367962699993],[-60.334769077999965,-29.381651837999982],[-60.365363137999964,-29.362139552999963],[-60.38909238999997,-29.413799749999953],[-60.361239686999966,-29.412006807999944],[-60.329946639999946,-29.436771635999946],[-60.437423501999945,-29.523936161999984],[-60.477680385999975,-29.527118821999977],[-60.48437071899997,-29.494376572999954],[-60.533248069999956,-29.48008288899996],[-60.51581985399997,-29.489032231999943],[-60.502553433999935,-29.53480872299997],[-60.59417918099996,-29.562535365999963],[-60.60598089599995,-29.624377314999947],[-60.55176408099999,-29.732559655999978],[-60.61152739399995,-29.810677862999967],[-60.66812152899996,-29.73850082299998],[-60.67881484999998,-29.58645286099994],[-60.65371839699998,-29.55434364699994],[-60.65824728999996,-29.526660036999942],[-60.62483028999998,-29.454368538999972],[-60.55844638499997,-29.42854415399995],[-60.489786495999965,-29.351559123999948],[-60.443283314999974,-29.346246359999952],[-60.45473193299995,-29.32454370199997],[-60.40759643299998,-29.27553422099993],[-60.362580856999955,-29.189129124999965],[-60.297802805999936,-29.154543583999953],[-60.30317647499999,-29.105440474999966],[-60.34757715099994,-29.100278642999967],[-60.32831202799997,-29.156651875999955],[-60.35204750299994,-29.156467669999984],[-60.36237997999996,-29.12768700099997],[-60.37398504399994,-29.175814897999942],[-60.400517872999956,-29.20310948399998],[-60.42374604899999,-29.197264384999983],[-60.41665732699994,-29.21343498699997],[-60.47427845599998,-29.332752570999958],[-60.50466167099995,-29.30070462699996],[-60.49899762899997,-29.333410309999977],[-60.539350397999954,-29.365525814999955],[-60.587638572999936,-29.374513305999983],[-60.60333735199998,-29.35421840899994],[-60.598027144999946,-29.316455907999966],[-60.637070637999955,-29.296335588999966],[-60.63516243099997,-29.262297952999972],[-60.60304815099994,-29.236254070999962],[-60.590092898999956,-29.188787539999964],[-60.53702869099993,-29.141282272999945],[-60.541550289999975,-29.125178388999927],[-60.51946536199995,-29.114665328999934],[-60.529414291999956,-29.09345570599993],[-60.509463482999934,-29.079475964999972],[-60.50724806799997,-29.055577178999954],[-60.483830275999935,-29.04720664399997],[-60.44068645799996,-28.96524659199997],[-60.33506810599994,-28.925109908999957],[-60.28068283599998,-28.86623339399995],[-60.23959007299993,-28.858890720999966],[-60.238100879999934,-28.84281937399993],[-60.28678342899997,-28.839791507999962],[-60.30892966199997,-28.79609746999995],[-60.27316974699994,-28.78005861899993],[-60.23149943599998,-28.717141324999943],[-60.14599465099997,-28.667501234999975],[-60.10669779299997,-28.60655016499993],[-60.02131151499998,-28.569321856999977],[-60.02840047999996,-28.55586442599997],[-60.15040662499996,-28.573960384999964],[-60.185329904999946,-28.55836773799996],[-60.216075624999974,-28.494208841999978],[-60.170786706999934,-28.46348644799997],[-60.203988365999976,-28.448955831999967],[-60.22335632897658,-28.391468790420497],[-60.25172113299993,-28.380158318999975],[-60.28730221699993,-28.39437221999998],[-60.301294294999934,-28.378837071999953],[-60.30224620299998,-28.303100479999955],[-60.33243692699995,-28.350818491999974],[-60.321217710999974,-28.407864120999932],[-60.27202319699995,-28.446809926999947],[-60.258133390999944,-28.484941171999935],[-60.24166397899995,-28.463688831999946],[-60.218213091999985,-28.489655674999938],[-60.28336322299998,-28.50728359599998],[-60.29296120199996,-28.545872869999982],[-60.31630586799997,-28.54336104099997],[-60.45515698099996,-28.496309336999957],[-60.51092511599995,-28.431663886999957],[-60.52430950599995,-28.44916114399996],[-60.56471584999997,-28.453355258999977],[-60.582263282999975,-28.41422038199994],[-60.629213652999965,-28.43236128899997],[-60.660749099999975,-28.422995517999937],[-60.68375228899998,-28.442339733999972],[-60.66012319499998,-28.52582515199998],[-60.688966827999934,-28.553995438999948],[-60.664187125999945,-28.62544099799993],[-60.701921220999964,-28.61969731299996],[-60.68887930599993,-28.59597821099993],[-60.72729132099994,-28.562669567999933],[-60.75029344099994,-28.512033133999978],[-60.83388254299996,-28.485112691999973],[-60.82401810799996,-28.45718588099993],[-60.85661461799998,-28.443198783999946],[-60.854056480999986,-28.424842884999975],[-60.92479139899996,-28.40870511999998],[-60.93872114599998,-28.38545704699993],[-60.96944076999995,-28.392923133999943],[-61.08312505899994,-28.33495940299997],[-60.99728232899997,-28.285433344999944],[-60.96039707399996,-28.31384010299996],[-60.95444573899994,-28.29293439999998],[-60.97830984299998,-28.257004465999955],[-61.00665985699993,-28.250254935999976],[-61.07393596899993,-28.280357033999962],[-61.059022107999965,-28.299754462999942],[-61.13380262199996,-28.293321558999935],[-61.18993471599998,-28.26236900899994],[-61.19232144699998,-28.15896399299993],[-61.22528670199995,-28.173337748999984],[-61.25835485399995,-28.165676041999973],[-61.26114960199993,-28.131075287999977],[-61.30056510199995,-28.15157613399998],[-61.352124952999986,-28.059973429999957],[-61.33693669699994,-28.038519532999942],[-61.363356514999964,-28.029636970999945],[-61.360650721999946,-28.000716341999976],[-61.072123104999946,-28.001078649999954],[-61.07286687199996,-28.01855691399993]],[[-61.20781809447952,-28.118861282796832],[-61.20781809399995,-28.118861282999944],[-61.19257494349732,-28.116825000105173],[-61.20781809447952,-28.118861282796832]],[[-60.43681505699993,-30.71475294199996],[-60.44520928099996,-30.700162164999938],[-60.44737330399994,-30.704472803999977],[-60.43681505699993,-30.71475294199996]],[[-60.42326965999996,-30.747002505999944],[-60.520316356999956,-30.87836046999996],[-60.52767193599993,-31.007168777999937],[-60.56708436099996,-31.032976255999984],[-60.59941995199995,-31.079819689999965],[-60.58395993199997,-31.095313897999972],[-60.59094782699998,-31.140827439999953],[-60.63398686099998,-31.194764534999933],[-60.659976798999935,-31.293503465999947],[-60.65731025499997,-31.43304978699996],[-60.59167872099994,-31.356707808999943],[-60.60129539299999,-31.21535935199995],[-60.54058459299995,-31.146062361999952],[-60.49083646199995,-31.03675130599993],[-60.565898421999975,-31.12337645499997],[-60.57545766299995,-31.054112008999937],[-60.508908873999985,-31.002308434999975],[-60.509412543999986,-30.91114900699995],[-60.42326965999996,-30.747002505999944]],[[-60.67646021099995,-31.13866401599995],[-60.67323929599996,-31.13625896999997],[-60.67662936099998,-31.127986804999978],[-60.67646021099995,-31.13866401599995]],[[-60.36326612099998,-29.747076035999953],[-60.387193314999934,-29.730453489999945],[-60.40065533499995,-29.753297024999938],[-60.373501544999954,-29.771953348999944],[-60.35225718399994,-29.854362830999946],[-60.36155252999998,-29.86418513899997],[-60.33348828399994,-29.88936024999998],[-60.368061222999984,-29.891846519999945],[-60.405525039999986,-29.85937690399993],[-60.38660640099994,-29.929301024999972],[-60.47698299799998,-30.018704217999982],[-60.49854437899995,-29.99393190899997],[-60.51277344999994,-30.017077938999932],[-60.483808963999934,-30.04102009099995],[-60.532980761999966,-30.144645870999966],[-60.49022288699996,-30.11667983999996],[-60.45909324999997,-30.059612345999938],[-60.462291609999966,-30.012498532999928],[-60.40511654199997,-29.962555979999934],[-60.33506905399997,-29.959850096999958],[-60.30495949899995,-29.930198254999937],[-60.35621463399997,-29.95313811099993],[-60.38286984999996,-29.930034361999958],[-60.328745424999966,-29.905804414999977],[-60.35589959299995,-29.767915183999946],[-60.31190577399997,-29.705190637999976],[-60.36326612099998,-29.747076035999953]],[[-60.02550182199997,-30.383371550999982],[-60.02834009099996,-30.385720722999963],[-60.02731650099997,-30.389060463999954],[-60.02550182199997,-30.383371550999982]],[[-60.018558575999975,-30.408449721999943],[-60.01466879299994,-30.407654281999953],[-60.012409838999986,-30.404421493999962],[-60.018558575999975,-30.408449721999943]],[[-60.449967320999974,-30.96502785699994],[-60.44957419199994,-30.96856665599995],[-60.44647438099997,-30.966063480999935],[-60.449967320999974,-30.96502785699994]],[[-59.89208731399998,-28.192045677999943],[-59.9322725901871,-28.1802835375306],[-59.892087318999984,-28.192045678999932],[-59.85458712399998,-28.296000368999955],[-59.86003452299997,-28.308591604999947],[-59.902121438999984,-28.29646274199996],[-59.86207862599997,-28.32354880899993],[-59.862972542999955,-28.350274035999973],[-59.89614309399997,-28.331597758999976],[-59.976585272999955,-28.34925324699998],[-59.91745285999997,-28.361859808999952],[-59.88874796199997,-28.345897785999966],[-59.871653710999965,-28.37972786699993],[-59.82416883999997,-28.405586678999953],[-59.76852770399995,-28.46861752199993],[-59.81353800699998,-28.532899665999935],[-59.81500592899994,-28.63215975199995],[-59.82837158799998,-28.633761714999935],[-59.865249422999966,-28.598735070999965],[-59.89766417799996,-28.53472925899996],[-59.88542374399998,-28.47467837599993],[-59.899530965999986,-28.436884530999976],[-59.94437065499994,-28.410936783999944],[-59.95520352199998,-28.44100489899995],[-59.92459531999998,-28.43039992799993],[-59.89773680299999,-28.464318281999965],[-59.919887899999935,-28.500646770999936],[-59.90313767799995,-28.568501685999934],[-59.93902780199994,-28.586376797999947],[-59.893156517999955,-28.586372772999937],[-59.86341801799995,-28.629930651999928],[-59.79592825599997,-28.644817488999934],[-59.787277622999966,-28.67807525199993],[-59.81287713599994,-28.727125805999947],[-59.768427120999945,-28.778409744999976],[-59.762950918999934,-28.81106611399997],[-59.850716079999984,-28.776299451999932],[-59.923129975999984,-28.776840454999956],[-59.94709324699994,-28.73054402799994],[-59.93887366499996,-28.66395867199998],[-59.96180297899997,-28.724185338999973],[-59.91717489499996,-28.791886233999946],[-59.84365026399996,-28.78900827399997],[-59.77358315599997,-28.831880272999967],[-59.796086611999954,-28.895925661999968],[-59.76599563399998,-28.929038198999933],[-59.750464947999944,-28.98888956099995],[-59.79213698799998,-29.047429849999958],[-59.782986808999965,-29.08467607299997],[-59.717315817999975,-29.13059013999998],[-59.62805480399999,-29.13501785099993],[-59.75026923799999,-29.09824261899996],[-59.771619140999974,-29.058612859999982],[-59.73494104499997,-28.98128868499998],[-59.74279191599999,-28.926362686999937],[-59.77573346299994,-28.877997119999975],[-59.69628247999998,-28.74202751499996],[-59.71060548899993,-28.725673434999976],[-59.71640278199993,-28.758452354999974],[-59.74798412699994,-28.795991826999966],[-59.78040622399993,-28.747513322999964],[-59.76626497099994,-28.66442864299995],[-59.79101704699997,-28.632559409999942],[-59.77809150499996,-28.599540936999972],[-59.72973220099993,-28.574684402999935],[-59.69328873599994,-28.484524894999936],[-59.69645271999997,-28.427123826999946],[-59.67894618899999,-28.39173618899997],[-59.70094999599996,-28.37983263899997],[-59.716733440999974,-28.296756608999942],[-59.696710217999964,-28.23234982599996],[-59.75342321399995,-28.285514544999955],[-59.72159284999998,-28.335724312999957],[-59.79020384199998,-28.301829003999956],[-59.73043047699997,-28.350614751999956],[-59.707529025999975,-28.397033372999942],[-59.70550336699995,-28.461014691999935],[-59.74608216399997,-28.56474863799997],[-59.803682366999965,-28.587083004999954],[-59.800014560999955,-28.54397674699993],[-59.752864374999945,-28.46500976799996],[-59.793306679999944,-28.406347024999945],[-59.851980598999944,-28.37351803699994],[-59.84049221599997,-28.301874806999933],[-59.86885397299994,-28.22996571799996],[-59.8654554526179,-28.17758828734725],[-59.874308036999935,-28.232896939999932],[-59.89208731399998,-28.192045677999943]],[[-59.971588275798894,-28.2623467394557],[-59.90780906499998,-28.255672921999974],[-59.97158827599998,-28.262346738999952],[-59.971588275798894,-28.2623467394557]],[[-60.098024960487635,-28.313780808091835],[-60.00091864399997,-28.31191208399997],[-60.00091864270507,-28.311912083513377],[-60.039946337999936,-28.30678656999993],[-60.098024960487635,-28.313780808091835]],[[-60.13569155092598,-28.28537354788076],[-60.126660665999964,-28.317229321999946],[-60.144682011999976,-28.335008346999928],[-60.11478790299998,-28.35748526599997],[-60.05993416499996,-28.359818833999952],[-60.039196886999946,-28.343713591999972],[-60.126660656999945,-28.317229320999957],[-60.13569155092598,-28.28537354788076]],[[-60.11005126595349,-28.266041396607907],[-60.11862501518132,-28.272505795003863],[-60.10995327899997,-28.267500517999963],[-60.11005126595349,-28.266041396607907]],[[-60.18616042495419,-28.296194304543913],[-60.11034479362661,-28.26167048301545],[-60.11221712399998,-28.233789655999942],[-60.18616042495419,-28.296194304543913]],[[-60.22645404199994,-28.26654804599997],[-60.246663070999944,-28.262231533999966],[-60.25971309899995,-28.328361593999944],[-60.223386444093705,-28.332596582333665],[-60.22940072299997,-28.300950820999958],[-60.18616048781331,-28.296194351859416],[-60.22940071499994,-28.30095081999997],[-60.22645404199994,-28.26654804599997]],[[-60.23018698145445,-28.02774398313756],[-60.230186981999964,-28.027743982999937],[-60.26593262999995,-28.038568373999965],[-60.23018698145445,-28.02774398313756]],[[-59.95351111564506,-28.07357951305593],[-59.91993746999998,-28.05942499699995],[-59.94984783899997,-28.026652334999937],[-59.930415033999964,-28.057966113999953],[-59.95351111564506,-28.07357951305593]],[[-59.920595930268014,-28.109163492643447],[-59.94230597211404,-28.110849126620582],[-59.942305971999986,-28.110849126999938],[-59.920595930268014,-28.109163492643447]],[[-60.404841904999955,-28.35377484999998],[-60.42327585199996,-28.406400984999948],[-60.39973691899996,-28.418366920999972],[-60.42347802499995,-28.45570033399997],[-60.399736916999984,-28.418366920999972],[-60.423275848999936,-28.406400984999948],[-60.404841902999976,-28.35377484999998],[-60.42179663099995,-28.33149244599997],[-60.50558280699994,-28.290842174999966],[-60.58915143410788,-28.264707745830865],[-60.505582809999964,-28.290842174999966],[-60.404841904999955,-28.35377484999998]],[[-60.92666399999996,-28.217357367999966],[-60.94052770132286,-28.178453750512382],[-60.93572386799997,-28.231753192999975],[-60.90425031099994,-28.26352991799996],[-60.834999057706554,-28.240450496568695],[-60.881788384999936,-28.253899159999946],[-60.92666399999996,-28.217357367999966]],[[-60.94052770199994,-28.178453742999977],[-60.94052770192511,-28.178453743830172],[-60.89582008165322,-28.196342222738544],[-60.94052770199994,-28.178453742999977]],[[-60.714730875999976,-28.252434087999973],[-60.78727403299996,-28.23698492699998],[-60.822253553999985,-28.206587620999983],[-60.86401514700841,-28.190169114389786],[-60.78727403499994,-28.23698492699998],[-60.714730875999976,-28.252434087999973]],[[-60.73279983493204,-28.12566343799376],[-60.722570699847566,-28.119673536343743],[-60.72738525799997,-28.117981345999965],[-60.73279983493204,-28.12566343799376]],[[-60.676760705818445,-28.15623593472212],[-60.675874369999974,-28.13608606599996],[-60.690500335574136,-28.13094542444376],[-60.676760712999965,-28.156235932999948],[-60.676760705818445,-28.15623593472212]],[[-60.62210265899995,-28.165604703999975],[-60.642513232317874,-28.1742281050918],[-60.61951698757945,-28.19889426892004],[-60.62210265899995,-28.165604703999975]],[[-60.61670037499994,-28.235157115999982],[-60.61670039488475,-28.23515685999035],[-60.61670034650239,-28.2351571487135],[-60.61670037499994,-28.235157115999982]],[[-60.27470719677576,-28.13826862316531],[-60.284810798999956,-28.131456241999956],[-60.2788633440239,-28.146389100646562],[-60.27470719677576,-28.13826862316531]],[[-60.15896910799995,-28.21630534299993],[-60.18045739101339,-28.201816809976936],[-60.182438256999944,-28.226328312999954],[-60.25910976872659,-28.173557605991505],[-60.17854126999998,-28.22942775399997],[-60.15896910799995,-28.21630534299993]],[[-60.41957344799994,-28.273163531999955],[-60.47579160556079,-28.257442088715766],[-60.38409000511767,-28.299579116424496],[-60.41957344799994,-28.273163531999955]],[[-60.381849934757426,-28.24746574480511],[-60.333395551999956,-28.288396544999955],[-60.36212037378882,-28.3096741961132],[-60.33485094799994,-28.30621789099996],[-60.33004924499994,-28.25699607399997],[-60.349158441999975,-28.235962290999964],[-60.381849934757426,-28.24746574480511]],[[-60.43631311478022,-28.22684025708315],[-60.43631309234505,-28.226840265579465],[-60.43631310699993,-28.226840256999935],[-60.43631311478022,-28.22684025708315]],[[-60.48399558975136,-28.227350259911756],[-60.44039295706646,-28.226883894234465],[-60.48399558999995,-28.227350258999934],[-60.48399558975136,-28.227350259911756]],[[-60.29628757599994,-28.27896974899994],[-60.28692071699999,-28.242375641999956],[-60.30566662799998,-28.239940600999944],[-60.29628757599994,-28.27896974899994]],[[-60.09695799799994,-28.372932628999934],[-60.109004839999955,-28.412334332999933],[-60.09017039499997,-28.412177288999942],[-60.09695799799994,-28.372932628999934]],[[-59.57164952199997,-28.702846319999935],[-59.53780980499994,-28.743139851999956],[-59.472376063999945,-28.773812563999968],[-59.427617009412934,-28.777229614867665],[-59.41630075699999,-28.762234014999933],[-59.44690874799994,-28.750222452999935],[-59.49891448999995,-28.60125376899998],[-59.49368624299996,-28.557486323999967],[-59.498022412999944,-28.55711253399994],[-59.50144077799996,-28.63249251899998],[-59.460463766999965,-28.726621946999956],[-59.47068044399998,-28.755692384999975],[-59.532667189999984,-28.731795029999944],[-59.55880576699997,-28.681751194999947],[-59.57276610599996,-28.615206887999932],[-59.54622618099995,-28.57777571899993],[-59.55370696399996,-28.53574219899997],[-59.494696569999974,-28.499809724999977],[-59.50679497799996,-28.434362978999957],[-59.54533308499998,-28.433451588999958],[-59.56992595599996,-28.383225841999945],[-59.57615811399995,-28.314877407999973],[-59.59363147199997,-28.405920640999966],[-59.56201318899997,-28.419717108999976],[-59.511943171999974,-28.490241628999968],[-59.53157109199998,-28.51477089399998],[-59.55702309299994,-28.473332788999983],[-59.55529214999996,-28.51291853099997],[-59.57588419399997,-28.538220275999947],[-59.56836269099995,-28.589345864999927],[-59.59545659999998,-28.596760505999953],[-59.670318874999964,-28.551981527999942],[-59.57944130499993,-28.62565054299995],[-59.57164952199997,-28.702846319999935]],[[-59.38016073799997,-28.537899066999955],[-59.350913014999946,-28.564801531999933],[-59.364478808999934,-28.64203045499994],[-59.33827214699994,-28.553443457999947],[-59.371723352999936,-28.523790677999955],[-59.408939792999945,-28.426343732999953],[-59.38883292699995,-28.39341246799995],[-59.39969301499997,-28.34307254299995],[-59.43090076599998,-28.320299064999972],[-59.404630441999984,-28.24586095199993],[-59.43384516899994,-28.20646246499996],[-59.46413166499997,-28.19295735299994],[-59.499978461999945,-28.13574482699994],[-59.52222603599995,-28.068899835999957],[-59.51222938099994,-28.02783969099994],[-59.53088485999996,-28.05571723199995],[-59.52761633099993,-28.10068532799994],[-59.47380689199997,-28.21105634199995],[-59.529821940999966,-28.19404693299998],[-59.58432035599998,-28.119751632999964],[-59.58254890799998,-28.01998735799998],[-59.609980607999944,-28.100811310999973],[-59.645549797999934,-28.05159462399996],[-59.64654128999996,-28.02383115699996],[-59.668826026999966,-28.044988084999943],[-59.63328556899995,-28.08363182499994],[-59.63957222199997,-28.097900220999975],[-59.67453427399994,-28.08188634499993],[-59.71092934699993,-28.020939796999983],[-59.72322230599997,-28.02299677999997],[-59.720866186999956,-28.053722748999974],[-59.740895568999974,-28.03451851799997],[-59.73727949199997,-28.06060506999995],[-59.66925442499996,-28.113280673999952],[-59.61498350199997,-28.114556292999964],[-59.58888520399995,-28.148308027999974],[-59.58472664599998,-28.164820667999948],[-59.632816108999975,-28.184203345999947],[-59.68305165299995,-28.179292231999966],[-59.711263057999986,-28.16010714199996],[-59.752263210999956,-28.083196745999942],[-59.78195718099994,-28.06342307899996],[-59.82908052899995,-28.060892054999954],[-59.757181715999934,-28.087585428999944],[-59.72750893099993,-28.18022919599997],[-59.741392090999966,-28.20239926499994],[-59.826738252999974,-28.185663671999976],[-59.77359524199994,-28.210759122999946],[-59.79640532899998,-28.23819077199994],[-59.73249895599997,-28.216290003999973],[-59.718304993999936,-28.19166378899996],[-59.62114654399994,-28.199643497999944],[-59.58538726499995,-28.184590469999932],[-59.42767661399995,-28.233399822999957],[-59.43943315399997,-28.308827534999978],[-59.493855500999985,-28.281764064999948],[-59.41293766899997,-28.371752251999965],[-59.407347055999935,-28.396068988999957],[-59.43389096399994,-28.41853459999993],[-59.38016073799997,-28.537899066999955]],[[-59.23995896499997,-28.18366582899995],[-59.33681879499994,-28.121539023999958],[-59.36119474199995,-28.084515820999968],[-59.37480754999996,-28.076868048999984],[-59.388529379999966,-28.019006014999945],[-59.40403595499998,-28.02770321299994],[-59.40602957999994,-28.054847336999956],[-59.35388425999997,-28.09770177799993],[-59.36102266599994,-28.13328286799998],[-59.42852739299997,-28.107011614999976],[-59.447189151999964,-28.058394130999943],[-59.47416832399995,-28.057679743999984],[-59.439708293999956,-28.115520791999984],[-59.380721549999976,-28.14708960799993],[-59.32486176899994,-28.14847111599994],[-59.24400747699997,-28.19829902099997],[-59.232272542999965,-28.17074626699997],[-59.23995896499997,-28.18366582899995]],[[-59.609558625999966,-28.972678017999954],[-59.57579090999997,-29.00996665399998],[-59.57743062099996,-29.013088315999937],[-59.572468293999975,-29.004463449999946],[-59.57156591494673,-29.00104648195162],[-59.609558625999966,-28.972678017999954]],[[-59.63769263399996,-28.66151857699998],[-59.651645634999966,-28.625711662999947],[-59.67156502399996,-28.639717531999963],[-59.63769263399996,-28.66151857699998]],[[-59.59192790599997,-28.851210596999977],[-59.560936727999945,-28.864908817999947],[-59.57601104699995,-28.88082989999998],[-59.517801355944044,-28.88734194100353],[-59.54843524499995,-28.87636989699996],[-59.56650721699998,-28.80648995799993],[-59.60787332899997,-28.79764549199996],[-59.57792465499995,-28.767396433999977],[-59.60627236899995,-28.731599545999984],[-59.60532052199994,-28.76295191899993],[-59.658576660999984,-28.714075623999975],[-59.60514782499996,-28.77041225599993],[-59.62565001899998,-28.773792646999937],[-59.60638697799993,-28.815020250999964],[-59.57370627999995,-28.82091225199997],[-59.59192790599997,-28.851210596999977]],[[-59.25659281999998,-28.116955910999934],[-59.24718240799996,-28.120867241999974],[-59.252651980999985,-28.117966216999946],[-59.25659281999998,-28.116955910999934]],[[-59.83591349399995,-28.05167062399994],[-59.83376579499998,-28.054652955999984],[-59.831101984999975,-28.050557216999948],[-59.83591349399995,-28.05167062399994]]],[[[-60.995302452999965,-30.062950359999945],[-60.96746005799997,-29.98993130799994],[-60.98375175499996,-29.850826834999964],[-60.93304260799994,-29.766660998999953],[-60.916472134999935,-29.692262547999974],[-60.88300610199997,-29.706846896999934],[-60.88427335199998,-29.752396181999984],[-60.856158351999966,-29.775309100999948],[-60.85052857399995,-29.851935933999982],[-60.833223446999966,-29.864765116999934],[-60.82200634399999,-29.82452533099996],[-60.83279015699998,-29.765535006999983],[-60.791205995999974,-29.77477057799996],[-60.754502222999974,-29.841364582999972],[-60.73791971199995,-29.911805237999943],[-60.76010909799999,-30.080530193999948],[-60.72244884699995,-30.15071808999994],[-60.755206191999946,-30.17751248199994],[-60.76105925899998,-30.21780060499998],[-60.857453186999976,-30.216791773999944],[-60.95482669299997,-30.17456790199998],[-60.98910823499995,-30.13301924299998],[-60.971386017999976,-30.090991861999953],[-60.995302452999965,-30.062950359999945]]],[[[-60.660010425999985,-28.686462654999957],[-60.60202203799997,-28.73782644599993],[-60.61624871299995,-28.78228452299993],[-60.660010425999985,-28.686462654999957]]],[[[-60.28631591699997,-30.872389002999967],[-60.31000276299994,-30.964831567999966],[-60.33805022599995,-30.97155248599995],[-60.329110851999985,-30.93015246899995],[-60.41052266099996,-30.83274671299995],[-60.405907293999974,-30.78181958999994],[-60.33389158399996,-30.689222619999953],[-60.332891924999956,-30.645548984999948],[-60.36149146499997,-30.58582417899993],[-60.33579410699997,-30.554814482999973],[-60.33409064499995,-30.50500234499998],[-60.30251286799995,-30.448131497999952],[-60.25027772899995,-30.421304842999973],[-60.19971868199997,-30.35669822899996],[-60.215188860999945,-30.28138333499993],[-60.150054813999986,-30.19820329099997],[-60.115889419999974,-30.10316397899993],[-60.076849307999964,-30.065225563999945],[-60.02923865199995,-30.119207161999952],[-59.97738616799995,-30.141467791999958],[-59.970110251999984,-30.16318611899993],[-60.00779901899995,-30.213362032999953],[-60.067641838999975,-30.25248877799993],[-60.06138306599996,-30.27369711199998],[-60.130657535999944,-30.287936152999976],[-60.135807557999954,-30.32908016799996],[-60.180198778999966,-30.360795633999942],[-60.17857336999998,-30.379178920999948],[-60.15482326699998,-30.355815049999933],[-60.12822748199994,-30.368515454999965],[-60.14288902499993,-30.409913105999976],[-60.127729242999976,-30.468495589999975],[-60.15543891699997,-30.488302663999946],[-60.18373688599996,-30.550982130999955],[-60.18124557899995,-30.581356434999975],[-60.26809530699995,-30.746511600999952],[-60.265597566999986,-30.820723056999952],[-60.294718778999936,-30.860463150999976],[-60.28631591699997,-30.872389002999967]],[[-60.01202846399997,-30.155092054999955],[-60.01401090599995,-30.152244268999937],[-60.01868806599998,-30.153901247999954],[-60.01202846399997,-30.155092054999955]]],[[[-60.60997479599996,-28.537322248999942],[-60.591502856999966,-28.54408637399996],[-60.59076034199995,-28.57923816899995],[-60.616150765999976,-28.586635591999936],[-60.57966288999995,-28.60957050899998],[-60.57461255099997,-28.63596539599996],[-60.618074828999966,-28.657805443999962],[-60.63254569099996,-28.642179407999947],[-60.629855702999976,-28.57869541599996],[-60.60997479599996,-28.537322248999942]]],[[[-60.548348733999944,-28.510338591999982],[-60.522007250999934,-28.484565217999943],[-60.49978548599995,-28.488535527999943],[-60.52621220699996,-28.51572385999998],[-60.48582993399998,-28.56590637499994],[-60.48509578199997,-28.53507895599995],[-60.44646162599997,-28.625014095999973],[-60.51035855199996,-28.674717879999946],[-60.51006153999998,-28.60240992599995],[-60.54730640599996,-28.540608648999978],[-60.548348733999944,-28.510338591999982]]],[[[-60.23219046799994,-28.57884231999998],[-60.20710717299994,-28.588456615999974],[-60.19806578099997,-28.624400350999963],[-60.24084233699995,-28.65761155399997],[-60.28850244499995,-28.664675844999977],[-60.28267137499995,-28.55985121499998],[-60.22039504999998,-28.537856587999954],[-60.23219046799994,-28.57884231999998]]]]}},{"type":"Feature","properties":{"PROV":"Entre Ríos"},"geometry":{"type":"MultiPolygon","coordinates":[[[[-60.44873791799995,-33.10839930199995],[-60.44024783499998,-33.12526609399998],[-60.45974282699996,-33.12525770199994],[-60.44873791799995,-33.10839930199995]]],[[[-60.56978497199998,-32.997033373999955],[-60.55883075699995,-33.02062102599996],[-60.58483399299996,-32.98131475699995],[-60.55853502399998,-32.95731662899993],[-60.56978497199998,-32.997033373999955]]],[[[-59.84793323699995,-33.05673493299997],[-59.788749086999985,-33.07982786699995],[-59.75679048699993,-33.13377882399993],[-59.76872045799996,-33.148883325999975],[-59.74445241099994,-33.19607975699995],[-59.65162077499997,-33.25427149799998],[-59.641175293999936,-33.28539051399997],[-59.59822009399994,-33.315803425999945],[-59.58644497399996,-33.35588916699993],[-59.47822047899996,-33.40722106099997],[-59.416942963999986,-33.425240379999934],[-59.37431159199997,-33.45749553099995],[-59.265610557999935,-33.50381210699993],[-59.240813825999965,-33.53264554699996],[-59.25103813599998,-33.581880834999936],[-59.23784847199994,-33.660191087999976],[-59.22028402799998,-33.70416120699997],[-59.17566109699993,-33.73789848799993],[-59.16515023799997,-33.768389422999974],[-59.18970493299997,-33.78985183299994],[-59.21827909899997,-33.78703233299996],[-59.22740134299994,-33.72655267199997],[-59.243899333999934,-33.71725582099998],[-59.398407694999946,-33.71973009499993],[-59.45627056099994,-33.688233958999945],[-59.47900069599996,-33.63777678799994],[-59.533759034999946,-33.61590097299995],[-59.620551347999935,-33.666202716999976],[-59.661099186999934,-33.60944129599994],[-59.80084127899994,-33.58051855699995],[-59.81373832999998,-33.52070493599996],[-59.93608180999996,-33.45816325699997],[-60.02739488499998,-33.43549448899995],[-60.064412714999946,-33.38088886699995],[-60.15234948799997,-33.328305539999974],[-60.20062815199998,-33.26581981399994],[-60.27897699099998,-33.23096651999998],[-60.295962447999955,-33.20713031499997],[-60.28791108899998,-33.17447111399997],[-60.33400378799996,-33.12342168799995],[-60.33769666599994,-33.142664486999934],[-60.38152961499998,-33.16009283599993],[-60.45077103799997,-33.09337672899994],[-60.50957447899998,-33.07793637799995],[-60.532578281999974,-33.04956783799997],[-60.55582442899998,-32.94210970699993],[-60.573221314999955,-32.93206010199998],[-60.57897575299995,-32.95304252599993],[-60.65295576799997,-32.85521822499993],[-60.68991497899998,-32.75103443499995],[-60.68258286599996,-32.69801158299998],[-60.72731922699995,-32.61964855999997],[-60.74499930199994,-32.50272659899997],[-60.74291821299994,-32.47686550299994],[-60.71513286299995,-32.451306762999934],[-60.714272835999964,-32.33739244699996],[-60.69931964199998,-32.316676015999974],[-60.66987416899997,-32.31203826099994],[-60.664351024999974,-32.28575685499993],[-60.67345524399997,-32.27042620999998],[-60.66070533299995,-32.229733360999944],[-60.665397534999954,-32.20389645699993],[-60.69171576999997,-32.18933077999998],[-60.67920728399997,-32.16579932099995],[-60.69891136399997,-32.14640990699996],[-60.65510751599999,-32.09611209299993],[-60.647500829999956,-32.03536382699997],[-60.65531615699996,-32.00175434999994],[-60.68826662899994,-31.981644323999944],[-60.69486706899994,-31.955619230999957],[-60.66032550799997,-31.861813876999975],[-60.60148795199996,-31.813500998999984],[-60.59869869099998,-31.798765379999963],[-60.61564533599994,-31.807919611999978],[-60.59335330499994,-31.714009182999973],[-60.54508806899997,-31.720457503999967],[-60.40497414199996,-31.69018940099994],[-60.38302505799999,-31.639994414999933],[-60.30222015999993,-31.582418839999946],[-60.278534295999975,-31.534708148999982],[-60.23940738999994,-31.52322457799994],[-60.18339086199995,-31.457110754999974],[-60.13278868499998,-31.42728297399998],[-60.06793587899995,-31.272457748999955],[-60.02919547399995,-31.257804076999946],[-59.86940860499993,-31.095996067999977],[-59.89989898899995,-31.07688946899998],[-59.87974840299995,-31.045161269999937],[-59.68791763999997,-30.809854607999966],[-59.58232002699998,-30.64755516499997],[-59.58806579299994,-30.615285984999957],[-59.56264620699994,-30.58000012699995],[-59.57995382499996,-30.54876021399997],[-59.568176740999945,-30.49835841999993],[-59.57134162199998,-30.417447546999938],[-59.58185676699998,-30.42127562099995],[-59.55537530999993,-30.334126192999975],[-59.481834736999986,-30.343089342999974],[-59.42138671499998,-30.316803722999964],[-59.34896578199994,-30.32437716399994],[-59.32206399399996,-30.354126709999946],[-59.24915934899997,-30.365307754999947],[-59.14088810399994,-30.31365857299994],[-59.13476519499994,-30.284687927999983],[-59.07798809099995,-30.24298048199995],[-59.00972656699997,-30.219478247999973],[-58.96525398699998,-30.21928945299993],[-58.912777920999986,-30.247442904999957],[-58.804631738999944,-30.21290298799994],[-58.755968035999956,-30.215368791999936],[-58.648122816999944,-30.164178895999953],[-58.62901527499997,-30.17490225399996],[-58.57455044699998,-30.161039260999928],[-58.349086039999975,-30.26914377999998],[-58.30045030499997,-30.244971220999957],[-58.19375501899998,-30.293708891999984],[-58.14721971899996,-30.377268372999936],[-58.094137123999985,-30.41543680899997],[-58.08207169099995,-30.437571310999942],[-58.06766456299994,-30.52677271099998],[-58.022671635999984,-30.60097578799997],[-57.97230548799996,-30.639617948999955],[-57.93177741899996,-30.650132870999983],[-57.93358320999994,-30.68463149799993],[-57.85333934099998,-30.701520092999942],[-57.810960802999944,-30.746087683999974],[-57.81588149899994,-30.864322194999943],[-57.842959081999936,-30.87708492699994],[-57.81734762899998,-30.892282568999974],[-57.82253085299993,-30.90611344299998],[-57.85761206799998,-30.905356497999946],[-57.87875731999998,-30.870566416999964],[-57.896387189999984,-30.90441602599998],[-57.928052682999976,-30.913890210999966],[-57.93292220099994,-30.86287622499998],[-57.95209649299994,-30.89880111499997],[-58.010787182999934,-30.878664757999957],[-58.01150404799995,-30.884253573999956],[-57.98508208499993,-30.927443210999968],[-58.011503998999956,-30.88425361999998],[-57.955034988999955,-30.91327221499995],[-57.974729527999955,-30.946566124999947],[-58.062602271999936,-30.92832423799996],[-58.04338044699995,-30.989876038999967],[-58.02512877799995,-31.003414032999956],[-58.04338041699998,-30.98987603699993],[-58.05372204699995,-30.94300541599995],[-58.00402588999998,-30.961316746999955],[-58.00332633299996,-30.98481596099998],[-57.98720755199997,-30.966804800999967],[-57.95258530799998,-30.97333146799997],[-57.93537618999994,-30.95888894999996],[-57.90510868399997,-30.991006451999965],[-57.924491918999934,-31.01859118599998],[-57.89207183199994,-30.99726519099994],[-57.871470932999955,-31.046398917999966],[-57.88942014799994,-31.089581013999975],[-57.90034594999997,-31.071425011999963],[-57.92117792399995,-31.07612964499998],[-57.93872577199994,-31.121449929999983],[-57.933615041999985,-31.21340347699993],[-58.00690652299994,-31.111611960999937],[-58.07450044799998,-31.105554267999935],[-57.98726987099997,-31.188752586999954],[-58.02302598499995,-31.184574349999934],[-57.982791850999945,-31.23124959599994],[-57.94813333999997,-31.23430048599994],[-57.95766590599993,-31.253915264999932],[-57.94841193499997,-31.24962305799994],[-57.94557913699998,-31.276369424999984],[-57.98603532599998,-31.319707007999966],[-57.99705696099994,-31.357822417999955],[-57.98524076399997,-31.391750274999936],[-58.08398204399998,-31.451577731999976],[-58.08495097599996,-31.47690341999993],[-57.99441215899998,-31.559885116999965],[-57.98870798799999,-31.602837118999958],[-58.07168493199998,-31.793206164999958],[-58.10354874799998,-31.815551893999952],[-58.15648848099994,-31.821074818999932],[-58.21141167199994,-31.862524219999955],[-58.20141615199998,-31.92159501499998],[-58.167542810999976,-31.944424195999943],[-58.13944244399994,-31.996240615999966],[-58.185167269999965,-32.14286457199995],[-58.18008108899994,-32.168837510999936],[-58.09968490799997,-32.275531082999976],[-58.12063137299998,-32.33364461499997],[-58.17000198399995,-32.35898208599997],[-58.190781871999945,-32.39628880299995],[-58.23217430999995,-32.52300014599996],[-58.18027843799996,-32.69517921499994],[-58.166880670999944,-32.91719188899998],[-58.169356929999935,-32.94833886599997],[-58.143425502999946,-32.98203442199997],[-58.16639691499995,-33.04970769299996],[-58.21223921999996,-33.074135730999956],[-58.380136601999936,-33.06269895799994],[-58.431687256999965,-33.09245528699995],[-58.40841622299996,-33.114523421999934],[-58.44366249899997,-33.198154132999946],[-58.43447318999995,-33.19237177599996],[-58.44505710699997,-33.26159090999994],[-58.42631687099998,-33.31081287599994],[-58.462767379999946,-33.340381280999964],[-58.497968184999934,-33.413874041999975],[-58.53053260599995,-33.44356073299997],[-58.553982873999985,-33.61345221499994],[-58.53952590199998,-33.698605990999965],[-58.50766125499996,-33.75163857399997],[-58.50886546899994,-33.79299594899993],[-58.56625718799995,-33.82653697699993],[-58.65327630099995,-33.84380410199998],[-58.66345182499998,-33.86540449499995],[-58.75315502799998,-33.917892922999954],[-58.844440635999945,-33.90156650399996],[-58.88764009799996,-33.858549445999984],[-58.99953521499998,-33.811153512999965],[-59.12102573899995,-33.82271654099998],[-59.16390730699993,-33.788627504999965],[-59.18970493099994,-33.789851831999954],[-59.165150230999984,-33.768389421999984],[-59.17566109099994,-33.73789848699994],[-59.22336741299995,-33.69549997099995],[-59.25103813099997,-33.581880834999936],[-59.24081382099996,-33.53264554699996],[-59.26561055299999,-33.50381210599994],[-59.41694295999997,-33.425240378999945],[-59.586444970999935,-33.35588916699993],[-59.59822009199996,-33.315803424999956],[-59.64117529099997,-33.28539051399997],[-59.651620772999934,-33.25427149799998],[-59.74445240899996,-33.19607975699995],[-59.76872045599998,-33.148883325999975],[-59.756790484999954,-33.13377882399993],[-59.78874908599994,-33.07982786699995],[-59.84793323499997,-33.05673493299997],[-59.88456601099995,-32.99532916499993],[-59.94688032499994,-32.96436063099998],[-59.96754853699997,-32.93252506899995],[-59.946880325999985,-32.964360631999966],[-59.88456601199994,-32.99532916499993],[-59.84793323699995,-33.05673493299997]],[[-58.19567255399994,-32.95428448699994],[-58.212047165999934,-33.00422863199998],[-58.166880670999944,-32.91719188899998],[-58.19567255399994,-32.95428448699994]],[[-59.96754853699997,-32.93252506899995],[-59.912668294999946,-32.91846776899996],[-59.88424165799995,-32.903055811999934],[-59.85938979499997,-32.84691084299993],[-59.88424165899994,-32.903055811999934],[-59.96762389199995,-32.92014647599996],[-59.96754853699997,-32.93252506899995]],[[-59.680069049999986,-31.134112094999978],[-59.656896235999966,-31.12969834699993],[-59.68633937799996,-31.127471949999972],[-59.680069049999986,-31.134112094999978]],[[-59.62059844695249,-31.123900503152104],[-59.62059844699996,-31.12390050299996],[-59.656896235999966,-31.12969834699993],[-59.62059844695249,-31.123900503152104]],[[-59.37197948299996,-31.443992856999955],[-59.37628647499997,-31.41755338799993],[-59.37197948499994,-31.443992856999955],[-59.337803531945454,-31.447172590818962],[-59.37197948299996,-31.443992856999955]],[[-59.42790293499996,-31.404078659999982],[-59.42750094699994,-31.34506070799995],[-59.40223638443615,-31.327204578015035],[-59.42750094899998,-31.34506070799995],[-59.42790293699994,-31.404078659999982],[-59.40734961748646,-31.43028415637968],[-59.42790293499996,-31.404078659999982]],[[-59.490239979113824,-31.41406927194783],[-59.453008266831894,-31.418357052788988],[-59.48844648399995,-31.40936973099997],[-59.490239979113824,-31.41406927194783]],[[-59.51163535499995,-31.56134682399994],[-59.4909381413592,-31.537882147407224],[-59.49093814199995,-31.537882146999948],[-59.51163535499995,-31.56134682399994]],[[-59.25768144799997,-31.703499084999976],[-59.17418828542816,-31.72155081001869],[-59.31663280932715,-31.6771061854351],[-59.25768144799997,-31.703499084999976]],[[-59.17522161399995,-31.744026318999943],[-59.16447596834916,-31.836713604846338],[-59.17418797349998,-31.721550932359705],[-59.17522161399995,-31.744026318999943]],[[-59.147363540690804,-32.06705562564022],[-59.14276085058738,-32.05753800949928],[-59.15094524699998,-32.06565607199997],[-59.147363540690804,-32.06705562564022]],[[-59.115843531999985,-32.33946964099994],[-59.122545410999976,-32.442936653999936],[-59.12193157410126,-32.54044211006658],[-59.113659051999946,-32.37781782299993],[-59.11528784999996,-32.320039032999944],[-59.131606559256525,-32.22317216746596],[-59.115843531999985,-32.33946964099994]],[[-59.25554321726422,-32.97511237775995],[-59.22862803299995,-32.972475326999984],[-59.23527910686284,-32.993892417905855],[-59.212006569073345,-32.960910436938406],[-59.25554321726422,-32.97511237775995]],[[-59.28142114999997,-33.05478789099993],[-59.29828947927906,-33.08319109785995],[-59.25731030750352,-33.025115168376544],[-59.28142114999997,-33.05478789099993]],[[-59.314762119999955,-33.16425388799996],[-59.31038783599996,-33.16415427399994],[-59.30890538347883,-33.15423354002919],[-59.314762119999955,-33.16425388799996]],[[-59.84303083299994,-31.146505600999944],[-59.857475593999936,-31.144494510999948],[-59.84178390599993,-31.149972929999933],[-59.84303083299994,-31.146505600999944]],[[-59.75620930499997,-31.413221246999967],[-59.76030922899997,-31.41241178599995],[-59.76446457004688,-31.438927191918292],[-59.75620930499997,-31.413221246999967]],[[-59.764464571944764,-31.438927197828075],[-59.764464571944764,-31.43892719782807],[-59.77271369199997,-31.437426699999946],[-59.764464571944764,-31.438927197828075]],[[-59.722960572999966,-32.81381707199995],[-59.74841076599995,-32.81446211399998],[-59.72296057293305,-32.813817072023596],[-59.722960572999966,-32.81381707199995]],[[-59.42517252599998,-32.995700012999976],[-59.427890444999946,-33.14982559199996],[-59.419442292999975,-33.11363481099994],[-59.42517252399995,-32.995700012999976],[-59.39581538699997,-33.01427432299994],[-59.41023817399997,-32.99498105299995],[-59.35019933799998,-32.950465779999945],[-59.378574937999986,-32.94391861699995],[-59.375544815999945,-32.96174154899995],[-59.42517252599998,-32.995700012999976]],[[-59.82460911399994,-32.67665435699996],[-59.808977166999966,-32.67902198499996],[-59.80563175599997,-32.72617583999994],[-59.830223918999934,-32.80735960699997],[-59.80563175399993,-32.72617583999994],[-59.80626208199993,-32.67074930199993],[-59.82460911399994,-32.67665435699996]],[[-59.870693065999944,-32.83237308399998],[-59.93519626099999,-32.798143290999974],[-59.877594347999946,-32.83601416699997],[-59.870693065999944,-32.83237308399998]],[[-59.90487324199995,-31.28678272999997],[-59.91318429699999,-31.285969720999958],[-59.913633181999955,-31.28956627799994],[-59.90487324199995,-31.28678272999997]],[[-59.47708190399993,-33.026433157999975],[-59.46381285858496,-33.04656717047501],[-59.453942225683704,-32.9751619159464],[-59.47708190399993,-33.026433157999975]],[[-59.28552896299993,-32.96622741699997],[-59.29161147597706,-32.96826523860595],[-59.255543221566036,-32.9751123769433],[-59.28552896299993,-32.96622741699997]],[[-59.33073398174901,-32.98137243424073],[-59.330733985348424,-32.98137243544664],[-59.33073398499994,-32.98137243599996],[-59.33073398174901,-32.98137243424073]],[[-59.62371273699995,-31.48270371999996],[-59.57024068534215,-31.48675812367071],[-59.66077410950323,-31.459409219826327],[-59.62371273699995,-31.48270371999996]],[[-59.57024067480939,-31.486758120819733],[-59.5702406826732,-31.48675812387308],[-59.57024068099997,-31.486758123999948],[-59.57024067480939,-31.486758120819733]],[[-59.50523612948337,-31.453364066885833],[-59.49590757399994,-31.448571812999944],[-59.49887798752417,-31.436703665495013],[-59.50523612948337,-31.453364066885833]],[[-59.61384751799994,-31.526365177999935],[-59.612263982999934,-31.531016096999963],[-59.610963175999984,-31.53442402099995],[-59.61384751799994,-31.526365177999935]],[[-59.54140496499997,-31.350514618999966],[-59.506574634999936,-31.35742462999997],[-59.506574634852655,-31.3574246298308],[-59.54140496499997,-31.350514618999966]],[[-59.53379443899996,-31.255702853999935],[-59.51226425149327,-31.235437551288026],[-59.54768094499997,-31.25663670399996],[-59.53379443899996,-31.255702853999935]],[[-59.55809423779092,-31.214192036986717],[-59.57962306999997,-31.185721800999943],[-59.60906814181504,-31.160852868379052],[-59.55809423779092,-31.214192036986717]],[[-59.08926059099997,-30.42772660199995],[-59.17312628499997,-30.461049835999972],[-59.19174556917593,-30.485576468428018],[-59.125296746999936,-30.492065238999942],[-59.12457660000646,-30.521379465735023],[-59.12529674599995,-30.492065238999942],[-59.17432459199995,-30.47932192199994],[-59.17312628299999,-30.461049835999972],[-59.089260587999945,-30.42772660199995],[-59.143912969999974,-30.411794466999936],[-59.08926059099997,-30.42772660199995]],[[-59.265003014999934,-30.577008854999974],[-59.349279311999965,-30.61742526599994],[-59.402591378999944,-30.650768282999934],[-59.43148806199997,-30.684133281999948],[-59.349279310999975,-30.61742526599994],[-59.26737508399998,-30.60507521699998],[-59.23502931999997,-30.587884513149845],[-59.29331355499994,-30.601374439999972],[-59.265003014999934,-30.577008854999974]],[[-59.360825389999945,-30.68729994599994],[-59.34052030699996,-30.66780519699995],[-59.3766426835321,-30.67428891467444],[-59.360825389999945,-30.68729994599994]],[[-59.81242159599998,-31.067659136999964],[-59.81885896199998,-31.064986486999942],[-59.81541758099996,-31.07027396899997],[-59.81242159599998,-31.067659136999964]],[[-59.564276415999984,-30.623102161999952],[-59.57480051199997,-30.647304633999966],[-59.56730258299996,-30.63300947999994],[-59.564276415999984,-30.623102161999952]],[[-59.258557018999966,-30.418960957999957],[-59.23271151399996,-30.4075457983565],[-59.2585570194842,-30.418960957772164],[-59.258557018999966,-30.418960957999957]],[[-59.070992726999975,-33.12771583199998],[-59.18626836999994,-33.13114559699994],[-59.20866679446386,-33.13548704386906],[-59.07099272299996,-33.12771583199998],[-59.07579062999997,-33.11438963599994],[-59.07579063795394,-33.11438963518703],[-59.070992726999975,-33.12771583199998]],[[-59.25346428399996,-33.144170060999954],[-59.21189701199995,-33.03582246499997],[-59.13727215199998,-32.93322047399994],[-59.06006956250656,-32.77284809334981],[-59.08930932399994,-32.80488128899998],[-59.13727216299998,-32.933220474999985],[-59.21189702199996,-33.03582246499997],[-59.25346428399996,-33.144170060999954]],[[-59.04907898694448,-32.75199583583416],[-59.07418840199995,-32.75186404699997],[-59.08445813199995,-32.717609306999975],[-59.073176856999964,-32.66502682599997],[-59.05554138729017,-32.655762291981816],[-59.07317686899995,-32.66502682699996],[-59.08445814299995,-32.717609306999975],[-59.074188412999945,-32.75186404799996],[-59.04907898694448,-32.75199583583416]],[[-59.07583174299998,-32.60034204599998],[-59.07339585099999,-32.56373795299993],[-59.053213436999954,-32.54315817799994],[-59.07433930099995,-32.53056377699994],[-59.06000278899995,-32.50671922299995],[-59.07228920999995,-32.468975797999974],[-59.05980063397004,-32.433967614282416],[-59.07228921999996,-32.46897579899996],[-59.06000279999995,-32.50671922399994],[-59.07433931199995,-32.53056377699994],[-59.05321344799995,-32.54315817899993],[-59.073395861999984,-32.563737953999976],[-59.07583174299998,-32.60034204599998]],[[-59.01224911299994,-32.38682837299996],[-59.049017713999945,-32.389264837999974],[-59.05102615799996,-32.28311428099994],[-59.08300489499999,-32.18755360399996],[-59.08132490899993,-32.15525515199994],[-59.02707773299994,-32.11868018399997],[-59.05692902499993,-32.11734635099998],[-59.06955878499997,-32.07571262499994],[-59.05658804199999,-32.01568949399996],[-59.06726091199994,-31.959651428999962],[-59.031138442999975,-31.91450125199998],[-59.0233402858196,-31.866584673887843],[-59.03113845299998,-31.91450125299997],[-59.067260920999956,-31.95965142999995],[-59.05658805099995,-32.01568949499995],[-59.06955879499998,-32.075712625999984],[-59.05692903499994,-32.11734635199997],[-59.02707774299995,-32.11868018499996],[-59.08132491899994,-32.15525515199994],[-59.08300490499994,-32.18755360499995],[-59.051026168999954,-32.28311428199993],[-59.04901772399995,-32.389264838999964],[-59.02309272002089,-32.397577964123535],[-59.01224911299994,-32.38682837299996]],[[-59.076824613999975,-32.858794383999964],[-59.105237692999935,-32.97934831599997],[-59.18033220399997,-33.042939574999934],[-59.18214855399998,-33.09693715999998],[-59.16586021730828,-33.099609944523394],[-59.18033220099994,-33.042939574999934],[-59.10523769099996,-32.97934831499998],[-59.076824613999975,-32.858794383999964]],[[-59.427996392999944,-30.351832138999953],[-59.49910948899998,-30.36222065499993],[-59.4279963925199,-30.35183213907591],[-59.427996392999944,-30.351832138999953]],[[-59.13067555799995,-30.330943486999956],[-59.06454591199997,-30.270425558999932],[-58.95998674268456,-30.245574534400344],[-59.06454591399995,-30.270425558999932],[-59.130675560999975,-30.330943486999956],[-59.24669047192494,-30.382719913966472],[-59.13067555799995,-30.330943486999956]],[[-58.84162678399997,-30.262863299999935],[-58.78473343498061,-30.244686548632732],[-58.875665730958474,-30.271241008403777],[-58.84162678399997,-30.262863299999935]],[[-58.841040661496,-30.279798703111165],[-58.83787042499995,-30.26667201799995],[-58.84162678399997,-30.262863299999935],[-58.841040661496,-30.279798703111165]],[[-58.8788630022908,-30.28607678689803],[-58.84202634435136,-30.283880022747056],[-58.842026344322136,-30.28388002262604],[-58.8788630022908,-30.28607678689803]],[[-58.97520191893403,-30.40204452748317],[-58.982614301999945,-30.40210908599994],[-59.01537944808528,-30.44428534852477],[-58.97520191893403,-30.40204452748317]],[[-58.90144787812051,-30.401402163018414],[-58.96196779979043,-30.40192926426821],[-58.94750078799996,-30.408456684999976],[-58.90144787812051,-30.401402163018414]],[[-58.878609308999955,-30.49842641899994],[-59.01804456543278,-30.607735125142337],[-58.869395597577665,-30.500675086012667],[-58.83506451899996,-30.438426626999956],[-58.90144787796919,-30.401402163017096],[-58.835064520999936,-30.438426626999956],[-58.878609308999955,-30.49842641899994]],[[-58.74819833899994,-30.440407532999984],[-58.706948827908725,-30.400109433634046],[-58.78293878799997,-30.45940828399995],[-58.706948815999965,-30.400109421999957],[-58.78475760799995,-30.449939454999935],[-58.81283335488225,-30.450503712621114],[-58.799401870500006,-30.46998553167353],[-58.74819833899994,-30.440407532999984]],[[-58.83817714299994,-30.49238427599994],[-58.90261822299993,-30.572880685999962],[-58.83817710838911,-30.492384258895083],[-58.83817714299994,-30.49238427599994]],[[-58.945278490999954,-31.13767636999995],[-58.95148580499995,-31.13575987799993],[-58.94638868644629,-31.14873916782276],[-58.945278490999954,-31.13767636999995]],[[-58.449880373714755,-30.80167432643179],[-58.449880389999976,-30.801674323999976],[-58.437911849260715,-30.833633673303574],[-58.449880373714755,-30.80167432643179]],[[-58.38450161299994,-30.828247723999937],[-58.43791183361109,-30.833633672448112],[-58.387610751999944,-30.83088405099994],[-58.38450161299994,-30.828247723999937]],[[-58.97094450921515,-31.83953306401935],[-58.99173536099994,-31.836512840999944],[-59.00757845582351,-31.851587418860206],[-58.97094450921515,-31.83953306401935]],[[-58.89459347571372,-32.019244908551855],[-58.94451681117588,-32.02605262156938],[-58.94451681099997,-32.02605262299994],[-58.89459347571372,-32.019244908551855]],[[-58.76202260699995,-32.26999140199996],[-58.76657993699996,-32.28844696699997],[-58.766579913999976,-32.28844697699998],[-58.76202260699995,-32.26999140199996]],[[-58.62260567699997,-32.29468197299997],[-58.604815229999986,-32.346215221999955],[-58.61585336899998,-32.36142274399998],[-58.60481519599995,-32.346215219999976],[-58.62260567699997,-32.29468197299997]],[[-58.61016164799997,-32.291888866999955],[-58.57606157699996,-32.19406696999994],[-58.604528484999946,-32.25606646499995],[-58.61016164799997,-32.291888866999955]],[[-58.919499412244164,-32.22304090669361],[-58.92403164799998,-32.22230068899995],[-58.91949941299998,-32.22304090799997],[-58.919499412244164,-32.22304090669361]],[[-59.16447581546583,-31.83671415647064],[-59.12675382791008,-31.927854227354658],[-59.125855771999966,-31.92434882699996],[-59.16447581546583,-31.83671415647064]],[[-59.132510398251355,-31.9695554269366],[-59.134646041999986,-31.974510650999946],[-59.115900483092595,-32.00199503194637],[-59.132510398251355,-31.9695554269366]],[[-59.1117297564576,-31.44856755448548],[-59.14932911477479,-31.54436315723507],[-59.11846994499996,-31.480787025999973],[-59.1117297564576,-31.44856755448548]],[[-59.16588216599996,-31.565130238999984],[-59.14936122942237,-31.626342353525196],[-59.166404600809564,-31.56043513504841],[-59.192665661583845,-31.585152850667075],[-59.16588216599996,-31.565130238999984]],[[-59.25582260999994,-31.38926259599998],[-59.23715575999995,-31.45094581199993],[-59.23715575727242,-31.450945811099693],[-59.25582260999994,-31.38926259599998]],[[-59.29857872356171,-30.68246301717783],[-59.28857127099997,-30.663690420999956],[-59.29857872499997,-30.682463017999964],[-59.29857872356171,-30.68246301717783]],[[-58.962483049999946,-30.256773040999974],[-59.00480940999995,-30.26273387599997],[-59.16987799899994,-30.376210168999933],[-59.13808334999993,-30.398180130999947],[-59.151754396710906,-30.409801144754276],[-59.13808334899994,-30.398180130999947],[-59.16987799799995,-30.376210168999933],[-59.00480940899996,-30.26273387599997],[-58.962483049999946,-30.256773040999974]],[[-58.811826346999965,-30.35434490299997],[-58.83363729759212,-30.384898800428605],[-58.81182634320702,-30.354344904690873],[-58.811826346999965,-30.35434490299997]],[[-58.75274303171449,-30.325349185666205],[-58.741520579999985,-30.351542191999954],[-58.77085209899997,-30.37261127299996],[-58.74152057499998,-30.351542191999954],[-58.75274303171449,-30.325349185666205]],[[-58.6984096782916,-30.368803589552982],[-58.72322921399996,-30.38382573599995],[-58.712697278277126,-30.382120523005508],[-58.6984096782916,-30.368803589552982]],[[-58.68916997143654,-30.618010545147627],[-58.75104920199993,-30.571578633999934],[-58.71075961899999,-30.513642368999967],[-58.75104920699994,-30.571578633999934],[-58.68916997143654,-30.618010545147627]],[[-58.61610042199993,-30.463972487999968],[-58.56643667099996,-30.44353867899997],[-58.616100425999946,-30.463972488999957],[-58.62924165299995,-30.502147039999954],[-58.68471565963695,-30.53079526126321],[-58.62924164999998,-30.502147039999954],[-58.61610042199993,-30.463972487999968]],[[-58.81606451199997,-30.56818654799997],[-58.816064511002125,-30.568186546573966],[-58.84440920933467,-30.558087086593304],[-58.81606451199997,-30.56818654799997]],[[-58.20422311490248,-30.300376515360018],[-58.22669455076575,-30.29113709131377],[-58.217073906999985,-30.297716770999955],[-58.20422311490248,-30.300376515360018]],[[-58.34179505999998,-30.27384117899993],[-58.27924595257655,-30.255196555412315],[-58.27924596299994,-30.255196544999933],[-58.34179505999998,-30.27384117899993]],[[-58.642188358488326,-30.198962728871884],[-58.70073806099998,-30.21947838699998],[-58.72343568699995,-30.240202156999942],[-58.756865432418714,-30.242647794492033],[-58.72343567899998,-30.240202156999942],[-58.642188358488326,-30.198962728871884]],[[-58.58667822999996,-30.20639556499998],[-58.54209798581158,-30.197652914728007],[-58.58667823291234,-30.206395564610013],[-58.58667822999996,-30.20639556499998]],[[-58.21657917299996,-30.30598195899995],[-58.1696245203039,-30.377932429404634],[-58.21515978699995,-30.30160894499994],[-58.21657917299996,-30.30598195899995]],[[-58.075707327427686,-30.485445666104187],[-58.13609004399996,-30.480588118999947],[-58.07570732499994,-30.48544567199997],[-58.075707327427686,-30.485445666104187]],[[-58.172508360999984,-30.49256096299996],[-58.105546298574865,-30.498930830381514],[-58.14627639099996,-30.486646271999973],[-58.17250838999996,-30.49256096499994],[-58.15185772799998,-30.523354599999948],[-58.172508360999984,-30.49256096299996]],[[-58.15116356799996,-30.563097048999964],[-58.14646505799993,-30.53475206099995],[-58.15116359899997,-30.563097050999943],[-58.10956443099997,-30.623288143999957],[-58.15116356799996,-30.563097048999964]],[[-57.933583269999986,-30.684631501999945],[-57.93358323399997,-30.684631501999945],[-57.940453901999945,-30.681913186999964],[-57.933583269999986,-30.684631501999945]],[[-58.01754532399997,-31.006029841999975],[-57.97329355399995,-31.09181824099994],[-57.99021640899997,-31.124192024999957],[-57.97329351999997,-31.091818238999963],[-58.01754532399997,-31.006029841999975]],[[-58.10960256599998,-31.11270846399998],[-58.067531309999936,-31.154176719999953],[-58.08802100099996,-31.19446237799997],[-58.06753128099996,-31.154176717999974],[-58.10960256599998,-31.11270846399998]],[[-58.076923722999936,-31.301858839999966],[-58.11436338699997,-31.25816070899998],[-58.120564582999975,-31.196416002999968],[-58.11436341499996,-31.25816071099996],[-58.07692375199997,-31.301858842999934],[-58.089537406999966,-31.316832723999937],[-58.076923722999936,-31.301858839999966]],[[-58.20134528999995,-31.50781517799993],[-58.146506742999975,-31.565066645999934],[-58.11696125999998,-31.581205017999935],[-58.14650671399994,-31.565066643999955],[-58.20134528999995,-31.50781517799993]],[[-58.11952730199994,-31.585110722999957],[-58.11696123899998,-31.58120502299994],[-58.11696125999998,-31.581205017999935],[-58.11952730199994,-31.585110722999957]],[[-58.29732742305062,-30.76037289423983],[-58.360351020999985,-30.811670213999946],[-58.35410373099995,-30.80778589099998],[-58.29732742305062,-30.76037289423983]],[[-58.29732674079069,-30.760372324495354],[-58.35426605504756,-30.76720640284525],[-58.35426605499998,-30.767206403999978],[-58.29732674079069,-30.760372324495354]],[[-58.397706966999976,-30.809465195999962],[-58.37752591799995,-30.779438659999983],[-58.39540598899998,-30.720962046999944],[-58.37584391087768,-30.696222454374652],[-58.395406004999984,-30.720962047999933],[-58.37752593499994,-30.779438660999972],[-58.397706966999976,-30.809465195999962]]],[[[-60.646246496999936,-32.87042555599993],[-60.628696042999934,-32.89343754599997],[-60.64819055999993,-32.88501655099998],[-60.646246496999936,-32.87042555599993]]],[[[-60.75818962699998,-32.52584547499998],[-60.770337160999986,-32.51722650099998],[-60.771966393999946,-32.505120430999966],[-60.76371410599995,-32.509836561999975],[-60.75818962699998,-32.52584547499998]]],[[[-60.720383923999975,-32.384066632999975],[-60.73156037999996,-32.42156067899998],[-60.744234104999975,-32.412061294999944],[-60.720383923999975,-32.384066632999975]]],[[[-60.68209007799999,-32.20051533099996],[-60.665163537999945,-32.210993092999956],[-60.66532439399998,-32.22871047099994],[-60.67727616099995,-32.21134220399995],[-60.68209007799999,-32.20051533099996]]],[[[-60.70571224899999,-32.03145743599998],[-60.705274334999956,-32.009144780999975],[-60.690019452999934,-32.04142140699997],[-60.70571224899999,-32.03145743599998]]],[[[-60.70466682399996,-32.00418427699998],[-60.69709104499998,-31.995517593999978],[-60.68470001999998,-32.01980240299997],[-60.70466682399996,-32.00418427699998]]],[[[-60.659892499999955,-31.838656653999976],[-60.64404345299994,-31.842247777999944],[-60.658196421999946,-31.855827059999967],[-60.659892499999955,-31.838656653999976]]],[[[-60.64597214099996,-31.792419517999974],[-60.656210062999946,-31.826909007999973],[-60.65453794599995,-31.793056443999944],[-60.61168877999995,-31.737666538999974],[-60.61757527599997,-31.771190048999983],[-60.64597214099996,-31.792419517999974]]],[[[-60.30531369099998,-31.57616430099995],[-60.32286366899996,-31.586407918999953],[-60.327375297999936,-31.583955378999974],[-60.31796202299995,-31.567815149999944],[-60.30531369099998,-31.57616430099995]]],[[[-60.32823561899994,-31.54972013899993],[-60.316162745999975,-31.554901085999973],[-60.32642651699996,-31.570815942999957],[-60.33267867999996,-31.566240594999954],[-60.32823561899994,-31.54972013899993]]],[[[-59.93716743699997,-31.15210155699998],[-59.96371439999996,-31.13996420899997],[-59.91086965299996,-31.08632586699997],[-59.905222536999986,-31.117106212999943],[-59.93716743699997,-31.15210155699998]]],[[[-59.955211676999966,-31.108626759999936],[-59.95060121399996,-31.110609427999975],[-59.97055464599998,-31.13112521299996],[-59.955211676999966,-31.108626759999936]]],[[[-59.62319968999998,-30.671453223999947],[-59.673191172999964,-30.395689080999944],[-59.64293139799997,-30.36738631299994],[-59.61624187399997,-30.42786040599998],[-59.58738858199996,-30.429502346999982],[-59.59437521499996,-30.54764884599996],[-59.57722395299999,-30.584582612999952],[-59.60032856399994,-30.611135327999932],[-59.59568817599995,-30.657031195999934],[-59.62319968999998,-30.671453223999947]]],[[[-58.71395040599998,-33.97351867399993],[-58.74579518699994,-33.92920612499995],[-58.656576223999934,-33.938811605999945],[-58.548922070999936,-33.92780869899997],[-58.49654281299996,-33.93307226799993],[-58.46873597299998,-33.95455273699997],[-58.594543947999966,-33.95118683399994],[-58.62669056699997,-33.95413112499995],[-58.66412150499997,-33.97881774699994],[-58.71395040599998,-33.97351867399993]]],[[[-58.67094998699997,-33.89351128399994],[-58.55327822399994,-33.91663349399994],[-58.54967998999996,-33.92180433699997],[-58.72518675099997,-33.92231564699995],[-58.67094998699997,-33.89351128399994]]],[[[-58.65010595799998,-34.016090289999966],[-58.70274052499997,-33.98329598099997],[-58.667542483999966,-33.98505330199998],[-58.63216743099997,-33.95884962499997],[-58.540505837999945,-33.96442616099995],[-58.47430101599997,-33.96044785099997],[-58.42534808099998,-33.94772029899997],[-58.43187778899994,-34.00815764699996],[-58.65010595799998,-34.016090289999966]]],[[[-58.48192567799998,-33.91483056799996],[-58.434714148999944,-33.89179040099998],[-58.42568332099995,-33.924931663999985],[-58.43463382999994,-33.938522545999945],[-58.533240268999975,-33.928989343999945],[-58.51771282699997,-33.90133847499993],[-58.48192567799998,-33.91483056799996]]],[[[-58.547334080999974,-33.90828704499995],[-58.66387902399998,-33.886304268999936],[-58.52191279099998,-33.835412651999945],[-58.488286982999966,-33.84936075899998],[-58.459693415999936,-33.81440770599994],[-58.436750348999965,-33.82209558099993],[-58.45020466699998,-33.88890237099997],[-58.47862586599996,-33.88452561499997],[-58.547334080999974,-33.90828704499995]]],[[[-58.49952273799994,-33.819375814999944],[-58.48940998399996,-33.81739185199996],[-58.49264224799998,-33.837823094999976],[-58.49952273799994,-33.819375814999944]]],[[[-58.51328891899993,-33.82179825299994],[-58.50428146999997,-33.79328479499998],[-58.49335826299995,-33.793323750999946],[-58.51328891899993,-33.82179825299994]]]]}},{"type":"Feature","properties":{"PROV":"Misiones"},"geometry":{"type":"Polygon","coordinates":[[[-55.47871544199995,-28.08057788399998],[-55.537023543999965,-28.119716643999936],[-55.55203056299996,-28.160726546999967],[-55.58531515399994,-28.120177183999942],[-55.60629855099995,-28.116130847999955],[-55.61991411399998,-28.136104629999977],[-55.70412634899998,-28.089528008999935],[-55.71459549999997,-28.06294240799997],[-55.75892918799997,-28.059563726999954],[-55.75483282599998,-28.038653308999983],[-55.81007685599997,-27.974690103999933],[-55.84272545199997,-27.846073256999944],[-55.843599224999934,-27.765941728999962],[-55.94225715599998,-27.597623729999953],[-55.92802575899998,-27.597092644999975],[-55.906889974999956,-27.64711249399994],[-55.92802571899995,-27.59709264299994],[-55.94225712999997,-27.597623727999974],[-55.971695187999956,-27.54018614399996],[-56.020343957999955,-27.508261665999953],[-56.05361419999997,-27.44093960799995],[-56.025885244999984,-27.38290060999998],[-55.97483281019922,-27.37634195365042],[-56.025885280999944,-27.382900611999958],[-56.04753559699998,-27.35641072599998],[-56.031314959999975,-27.334021293999967],[-55.984900326999934,-27.360829899999942],[-55.89895143699994,-27.351274214999933],[-55.88254581999996,-27.370506675999934],[-55.899656697999944,-27.412265671999933],[-55.83125210299994,-27.484497002999944],[-55.82568392799993,-27.526458312999978],[-55.852832767999985,-27.55322078399996],[-55.823358035999945,-27.571201155999972],[-55.81232251599994,-27.638561324999955],[-55.84310056999993,-27.683525095999983],[-55.83414078199996,-27.73021222999995],[-55.83413663608433,-27.730214758864538],[-55.843100257999936,-27.683525078999935],[-55.81232219399993,-27.638561309999943],[-55.82335772199997,-27.57120113999997],[-55.85283246299997,-27.55322076699997],[-55.825683614999946,-27.526458296999976],[-55.831251788999964,-27.484496984999964],[-55.899656403999984,-27.412265660999935],[-55.88388922099995,-27.382040789999962],[-55.84179444899996,-27.435492763999946],[-55.80459571799997,-27.45130514899995],[-55.76019241399996,-27.444412700999976],[-55.733500047529425,-27.461338415066624],[-55.68331527699996,-27.378755568999964],[-55.59362848799998,-27.337189531999968],[-55.577026100999944,-27.24097821299995],[-55.613600496999936,-27.208136254999943],[-55.604986190999966,-27.16008377099996],[-55.57479286199998,-27.168775557999936],[-55.558322905999944,-27.149765014999957],[-55.55944251999995,-27.099849700999982],[-55.461034617999985,-27.10914355899996],[-55.45372009299996,-27.04556655899995],[-55.41981124899996,-26.993003844999976],[-55.36915588399995,-26.96437072799995],[-55.309814452999944,-26.964385985999968],[-55.25647566699996,-26.93767299999996],[-55.21682792099995,-27.003919503999953],[-55.25647550599996,-26.937672991999932],[-55.203121184999986,-26.969875335999973],[-55.13775253299997,-26.951221465999936],[-55.14311895599997,-26.903295042999957],[-55.12125930499997,-26.898230689999934],[-55.13343446899995,-26.859945169999946],[-55.02670288099995,-26.78969764699997],[-54.92436931399993,-26.765447049999977],[-54.944237689999966,-26.749566131999927],[-54.942157744999975,-26.682378768999968],[-54.85579681399997,-26.65630340599995],[-54.81563333399998,-26.671425110999962],[-54.78437995899998,-26.605319976999965],[-54.80806732199994,-26.553422927999975],[-54.79347801199998,-26.521907805999945],[-54.708389281999985,-26.44952583299994],[-54.69887884299993,-26.383961436999982],[-54.64939487212254,-26.3002936785751],[-54.67977142299998,-26.274719237999932],[-54.675146102999975,-26.25403213499993],[-54.62019729599996,-26.20691108699998],[-54.67667007399996,-26.143424987999936],[-54.645154952999974,-26.085987090999936],[-54.67865180999996,-25.988950728999953],[-54.63026809699994,-25.984807967999927],[-54.60876083399995,-25.96053695699993],[-54.62391572399997,-25.911664904999952],[-54.58652687099993,-25.831754683999975],[-54.63220596299993,-25.762422561999983],[-54.65647315999996,-25.69091224699997],[-54.65007018999995,-25.664548873999934],[-54.58100700399996,-25.66018485999996],[-54.59334373499996,-25.59325981099994],[-54.53457260099998,-25.598024367999983],[-54.52652740499997,-25.62923812899993],[-54.500415801999964,-25.614828109999962],[-54.426217674999975,-25.694495442999937],[-54.42483574899995,-25.660537827999974],[-54.395475387999966,-25.638525008999977],[-54.37852859499998,-25.59483337399996],[-54.35149192799997,-25.607114791999948],[-54.328605651999965,-25.572563170999956],[-54.29103088399995,-25.555667876999962],[-54.26145362899996,-25.58783912699994],[-54.23622894299996,-25.59185218799996],[-54.22665595999996,-25.56244468699998],[-54.18936347999994,-25.58544731099994],[-54.17235183699995,-25.576351165999938],[-54.20829582199997,-25.553606032999937],[-54.19358253499996,-25.534252166999977],[-54.160133361999954,-25.539541244999953],[-54.102735518999964,-25.493997573999934],[-54.09658622699993,-25.52242088299994],[-54.12431907699994,-25.561332702999948],[-54.107511519999946,-25.61102294899996],[-54.09025764499995,-25.61461639399994],[-54.08363723799994,-25.561241149999944],[-54.04046440099995,-25.58382987999994],[-54.02834510799994,-25.566160201999935],[-53.969923018999964,-25.600786208999978],[-53.95128631599994,-25.646907805999945],[-53.948942183999975,-25.612047194999946],[-53.895114898999964,-25.623027801999967],[-53.89015319499998,-25.66109521599998],[-53.85458373999995,-25.672416686999952],[-53.866775512999936,-25.742565154999966],[-53.821973800999956,-25.800130843999966],[-53.850161767999964,-25.83923317199998],[-53.823480605999976,-25.87246513399998],[-53.83873367299998,-25.88238716099994],[-53.819725036999955,-25.925720214999956],[-53.84280586199998,-25.932495116999974],[-53.83598136899997,-25.97250366199995],[-53.73922972599996,-26.04175969099998],[-53.728435515999934,-26.068086623999932],[-53.74429130599998,-26.11623763999995],[-53.651773452999976,-26.194055556999956],[-53.64087174399998,-26.246317396999927],[-53.64236831699998,-26.284162520999928],[-53.69981193499996,-26.36312103299997],[-53.69643402099996,-26.491266250999956],[-53.73015022299995,-26.50354576099994],[-53.72093963599997,-26.56193923999996],[-53.73936080899995,-26.64364242599993],[-53.71859359699994,-26.66809463499993],[-53.73390388499996,-26.71687507599995],[-53.75795364399994,-26.72028732299998],[-53.71451568599997,-26.74956893899997],[-53.72817802399993,-26.77437591599994],[-53.65968704199997,-26.858760833999952],[-53.69622039799998,-26.886783599999944],[-53.67396545399998,-26.89270400999993],[-53.76227760299997,-27.044836043999965],[-53.78587341299993,-27.026803969999946],[-53.767707824999945,-27.06798934899996],[-53.80237388599994,-27.04031944299993],[-53.805463790999966,-27.07905769299998],[-53.776414870999986,-27.10150718699998],[-53.818222299999945,-27.101855016999934],[-53.84773104799996,-27.157493700999964],[-53.878158568999936,-27.12688445999993],[-53.898885726999936,-27.17230224599996],[-53.940682917999936,-27.153160971999966],[-53.95994186399997,-27.160215377999975],[-53.95914077799995,-27.193639754999936],[-54.01373290999993,-27.206274032999943],[-54.03684041899999,-27.25748108299996],[-54.083505629999934,-27.299491881999984],[-54.158868789999985,-27.292024611999977],[-54.166225432999966,-27.253015517999984],[-54.19091127499996,-27.28378202899995],[-54.21543693499996,-27.38423538199993],[-54.26614189099996,-27.402870177999944],[-54.26769828799996,-27.437261580999973],[-54.29851822099994,-27.437768999999946],[-54.33345603899994,-27.402746200999957],[-54.33378601099997,-27.447454452999978],[-54.35072517399993,-27.46731376599996],[-54.39662361099994,-27.412487029999966],[-54.46730613699998,-27.424207686999978],[-54.442438125999956,-27.461109160999968],[-54.459720611999956,-27.479499816999976],[-54.501811980999946,-27.48079490699996],[-54.521220435999965,-27.504518575999953],[-54.554435944999966,-27.471284913999966],[-54.59073448199996,-27.461002349999944],[-54.63650131199995,-27.54663467399996],[-54.65837860099998,-27.51207542399993],[-54.678159713999946,-27.51014709499998],[-54.67027282699996,-27.564075469999977],[-54.68276405299997,-27.574914931999956],[-54.72951316799998,-27.562053679999963],[-54.77268478899998,-27.58553322399996],[-54.794334411999955,-27.53692436199998],[-54.812536239999986,-27.53262710599995],[-54.84419250499997,-27.61715316799996],[-54.903560047999974,-27.637243001999934],[-54.90488915099996,-27.726808030999962],[-54.93533721499995,-27.770418921999976],[-54.982128142999954,-27.770713805999947],[-55.02087020899995,-27.796606063999945],[-55.06660335599997,-27.77101013099997],[-55.08304214499998,-27.797054290999938],[-55.02895927399993,-27.827308654999968],[-55.040531157999965,-27.857902526999965],[-55.09066963199996,-27.842454909999958],[-55.11587530699995,-27.850760287999947],[-55.139759063999975,-27.893999099999974],[-55.17818641699995,-27.85703086899997],[-55.21146140899998,-27.868147187999966],[-55.267295055999966,-27.93047218299995],[-55.332876204999934,-27.933914184999935],[-55.352428105999934,-27.972248114999957],[-55.38351249699997,-27.98099327099993],[-55.36975886799996,-28.014580378999938],[-55.395416893999936,-28.047691965999945],[-55.41664474399994,-28.046260003999976],[-55.49900526799996,-27.921507712999983],[-55.41664536999997,-28.04626004199997],[-55.44524744299997,-28.044927197999982],[-55.42278099099997,-28.06097412099996],[-55.44775009199998,-28.09905815099995],[-55.47871544199995,-28.08057788399998]],[[-54.648446544999956,-26.31698231799993],[-54.64939487212254,-26.300293678575095],[-54.64939487212254,-26.3002936785751],[-54.648446544999956,-26.31698231799993]],[[-54.75664507499994,-26.69218548899994],[-54.74885840999997,-26.72311045899994],[-54.75664482099995,-26.692185480999967],[-54.79604107499995,-26.66709691699998],[-54.75664507499994,-26.69218548899994]],[[-54.58352456755314,-26.54716315140915],[-54.583524831999966,-26.547163302999934],[-54.58345951500356,-26.569497405349406],[-54.58352456755314,-26.54716315140915]],[[-54.69323669399995,-26.76093377199993],[-54.66747181399995,-26.77730252999993],[-54.66390870099997,-26.805601483999965],[-54.66747153799997,-26.77730251899993],[-54.69323642399996,-26.76093376199998],[-54.668402528999934,-26.743477061999954],[-54.69323669399995,-26.76093377199993]],[[-54.56746426199999,-26.805638676999934],[-54.54810437813909,-26.82422152084201],[-54.58146834799999,-26.77885702499998],[-54.56746426199999,-26.805638676999934]],[[-54.499560935999966,-26.87081659399996],[-54.50117986999999,-26.863856038999984],[-54.52031877387001,-26.85089190527715],[-54.499560935999966,-26.87081659399996]],[[-54.58075354299996,-26.863057417999983],[-54.572724136999966,-26.85520829799998],[-54.59219673299998,-26.84310774499994],[-54.58075354299996,-26.863057417999983]],[[-54.66857948799998,-26.94580547099997],[-54.66857952899994,-26.94580586199993],[-54.66114596999995,-26.93637181799994],[-54.66857948799998,-26.94580547099997]],[[-54.72579401699994,-26.98813371999995],[-54.72579401199994,-26.98813345399998],[-54.76184722299996,-26.887688827999966],[-54.72579401699994,-26.98813371999995]],[[-54.729417409135465,-26.998281864109416],[-54.760559247999936,-27.02713842999998],[-54.72941732199996,-26.998281978999955],[-54.729417409135465,-26.998281864109416]],[[-54.82765525199994,-27.007959016999962],[-54.903410349999945,-26.971413256999938],[-54.760559247999936,-27.02713842999998],[-54.82765525199994,-27.007959016999962]],[[-54.95018912299997,-26.96000689599998],[-54.92866869899996,-26.97775646499997],[-54.92866860999993,-26.97775635299996],[-54.95018912299997,-26.96000689599998]],[[-54.9386863638026,-27.06609216874747],[-54.93128089199996,-27.032568381999965],[-54.93439856241042,-27.016751509692313],[-54.9386863638026,-27.06609216874747]],[[-54.84264689899993,-27.365106484999956],[-54.87663812699998,-27.333255213999962],[-54.84264693999995,-27.36510661899996],[-54.84264689899993,-27.365106484999956]],[[-54.88627583599998,-27.26859871199997],[-54.89996548899995,-27.23610673099995],[-54.88335327599998,-27.333278378999978],[-54.88627583599998,-27.26859871199997]],[[-54.752959198999974,-27.21532653299994],[-54.752652625999986,-27.213113240999974],[-54.75265286999996,-27.21311316699996],[-54.752959198999974,-27.21532653299994]],[[-54.768891405999966,-27.226631920999978],[-54.753001101999985,-27.273099254999977],[-54.77092415699997,-27.31960046499995],[-54.753000844999974,-27.273099242999933],[-54.76889115299997,-27.226631908999934],[-54.75810303299994,-27.215362037999967],[-54.768891405999966,-27.226631920999978]],[[-54.79910775199994,-27.385660342999984],[-54.78415858799997,-27.430777079999928],[-54.79910750099998,-27.38566033099994],[-54.79233510299997,-27.34610826599993],[-54.79910775199994,-27.385660342999984]],[[-55.430302609999956,-27.784791292999955],[-55.43304308399996,-27.771821906999946],[-55.45099286599998,-27.75797584399993],[-55.430302609999956,-27.784791292999955]],[[-55.36445968399994,-27.814695837999977],[-55.37523086599998,-27.779051135999964],[-55.415753937999966,-27.760603167999932],[-55.375231019999944,-27.779051144999983],[-55.36445968399994,-27.814695837999977]],[[-55.354026182999974,-27.90719160799995],[-55.35583875399993,-27.936978517999933],[-55.354026025999985,-27.90719159799994],[-55.32839753199994,-27.873651536999944],[-55.32839777845114,-27.873651072800705],[-55.354026182999974,-27.90719160799995]],[[-55.81232880699997,-27.726160324999967],[-55.81758627583129,-27.740309903993445],[-55.81699538233163,-27.740670328512522],[-55.80323830399993,-27.734891939999955],[-55.81232880699997,-27.726160324999967]],[[-55.814927455916994,-27.741931691827425],[-55.78513447299997,-27.760104376999948],[-55.77321990139156,-27.754765798863023],[-55.814927455916994,-27.741931691827425]],[[-55.69386377999996,-27.735665335999954],[-55.71898505105557,-27.73046490579354],[-55.68005434099996,-27.75352953999993],[-55.67415428800628,-27.7166811094838],[-55.69386377999996,-27.735665335999954]],[[-55.60918144699997,-27.89141546099995],[-55.51501875399998,-27.929870483999935],[-55.60918102299996,-27.89141544499995],[-55.66585240599994,-27.80740743499996],[-55.65384746999996,-27.785198831999935],[-55.674153838999985,-27.716680676999943],[-55.65384784699995,-27.785198844999968],[-55.66585279999998,-27.807407446999946],[-55.60918144699997,-27.89141546099995]],[[-55.51927766699998,-27.698796524999977],[-55.51968882199998,-27.74316538599993],[-55.49668425599998,-27.762138337999943],[-55.51968869199993,-27.743165378999947],[-55.51927766699998,-27.698796524999977]],[[-55.52079958592023,-27.606262869631326],[-55.570185728999945,-27.59993808799993],[-55.55586714284624,-27.623933267081327],[-55.553714387999946,-27.60638445099994],[-55.52079958592023,-27.606262869631326]],[[-55.45494342599994,-27.891712591999976],[-55.45990574099994,-27.900782757999934],[-55.46286065399994,-27.95037910399998],[-55.46285888547752,-27.95038165575537],[-55.45494342599994,-27.891712591999976]],[[-55.40948813799997,-27.906211756999937],[-55.4171335321444,-27.89360540766289],[-55.417764449999936,-27.916452007999965],[-55.40948813799997,-27.906211756999937]],[[-55.70056289799999,-27.953114330999938],[-55.676481174999935,-27.924665740999956],[-55.670282433999944,-27.853724317999934],[-55.676481569999964,-27.924665749999974],[-55.70056289799999,-27.953114330999938]],[[-55.48611955299998,-27.758059945999946],[-55.486119635999955,-27.758060093999973],[-55.479681969999945,-27.76722534099997],[-55.48611955299998,-27.758059945999946]],[[-55.432611271999974,-27.868084447999934],[-55.50809155699994,-27.83712833499993],[-55.42797793168561,-27.875724277352987],[-55.432611271999974,-27.868084447999934]],[[-55.56430092399995,-27.652366650999966],[-55.52425611499996,-27.643308513999955],[-55.56429860314258,-27.652369044365578],[-55.56430092399995,-27.652366650999966]],[[-55.66460295709504,-27.458182700371573],[-55.66390268699996,-27.451952812999934],[-55.67680733093508,-27.453693084121504],[-55.66460295709504,-27.458182700371573]],[[-55.64332968299993,-27.583717815999933],[-55.663753794999934,-27.591579388999946],[-55.62860977053261,-27.582502791801264],[-55.64332968299993,-27.583717815999933]],[[-55.59705785099993,-27.579898404999938],[-55.613169643302214,-27.58122831899057],[-55.58475938810931,-27.584150293697675],[-55.59705785099993,-27.579898404999938]],[[-55.52079941499994,-27.606262868999977],[-55.52080009304992,-27.606262634581004],[-55.520799556508535,-27.606262869522684],[-55.52079941499994,-27.606262868999977]],[[-54.938686702295726,-27.066093701069992],[-54.95895037299994,-27.062594815999944],[-54.96371085099997,-27.012708008999937],[-54.95895058199994,-27.062594823999973],[-54.938686702295726,-27.066093701069992]],[[-54.99716306899995,-26.96306128899994],[-54.98058836499996,-26.943938480999975],[-54.99716326299995,-26.963061296999967],[-54.99014928899999,-26.998022955999943],[-54.99716306899995,-26.96306128899994]],[[-54.85249383699994,-26.699922597999944],[-54.86824828799996,-26.71132373599994],[-54.861470219999944,-26.753871298999968],[-54.81972196299995,-26.801598395999974],[-54.861469978999935,-26.753871285999935],[-54.868248050999966,-26.711323724999943],[-54.85249383699994,-26.699922597999944]],[[-54.811759895999955,-26.815943148999963],[-54.814309151999964,-26.851134844999933],[-54.81175965099993,-26.815943137999966],[-54.782438910999986,-26.769241311999963],[-54.811759895999955,-26.815943148999963]],[[-54.44933361464342,-27.006430065312497],[-54.45558015321202,-26.9833764563433],[-54.45613675199996,-26.99949996999993],[-54.44933361464342,-27.006430065312497]],[[-54.358863466999935,-27.075791166999977],[-54.40799324799997,-27.048541538999928],[-54.40799770168839,-27.04853737574844],[-54.40799359899995,-27.04854155499993],[-54.358863466999935,-27.075791166999977]],[[-54.33079555699993,-27.11510554499995],[-54.32392452899995,-27.113802410999938],[-54.33079559799995,-27.115105496999945],[-54.33079555699993,-27.11510554499995]],[[-54.474305640999944,-26.941175641999962],[-54.48580358099997,-26.938375218999965],[-54.48580365399994,-26.938375294999958],[-54.474305640999944,-26.941175641999962]],[[-54.69752305199995,-27.080745109999953],[-54.66523072299998,-27.12636263099995],[-54.64344320299995,-27.189740582999946],[-54.66523044699994,-27.126362618999963],[-54.69752305199995,-27.080745109999953]],[[-54.63520301699998,-27.061944996999955],[-54.62176931199997,-27.10757484399994],[-54.628463195999984,-27.14963731199998],[-54.621769023999946,-27.107574830999965],[-54.63520301699998,-27.061944996999955]],[[-54.507713525999975,-27.16487067099996],[-54.495420165999974,-27.129900318999944],[-54.498414707999984,-27.079145250999943],[-54.514653660999954,-27.03924079899997],[-54.49542049099995,-27.129900332999966],[-54.507713525999975,-27.16487067099996]],[[-54.49541746099993,-27.05963502399993],[-54.48781073299995,-27.054505912999957],[-54.484816267999975,-27.032573966999962],[-54.49541746099993,-27.05963502399993]]]}},{"type":"Feature","properties":{"PROV":"Formosa"},"geometry":{"type":"Polygon","coordinates":[[[-62.340684522999936,-24.097854005999977],[-62.351476709999986,-22.456895865999968],[-62.26373071799998,-22.545666857999947],[-62.28394471699994,-22.59600235199997],[-62.19950285899995,-22.63054479799996],[-62.19189656499998,-22.693044291999968],[-62.02610858899993,-22.93368105899998],[-62.009764433999976,-23.01470037499996],[-61.86320739599995,-23.090853164999942],[-61.82737839699996,-23.14000372099997],[-61.75802242599997,-23.17854349399994],[-61.74083920099997,-23.23947379599997],[-61.68845689799997,-23.279750794999927],[-61.602920093999955,-23.306692708999947],[-61.49351189799995,-23.431302700999936],[-61.36363886799995,-23.45128231999996],[-61.25713132799996,-23.53853474899995],[-61.15540717499994,-23.56957869499996],[-61.106937476999974,-23.611012308999932],[-61.102262371999984,-23.657616566999934],[-60.993896949999964,-23.816349024999965],[-60.91743213799998,-23.82651757499997],[-60.88214791299998,-23.855620949999945],[-60.83661379199998,-23.867477049999934],[-60.734263140999985,-23.87500202299998],[-60.69154161199998,-23.903223037999965],[-60.59467818599995,-23.912965112999927],[-60.587232589999985,-23.955301284999962],[-60.510467579999954,-23.970857875999968],[-60.47986533899996,-23.95794729399995],[-60.39544575999997,-23.99564685499996],[-60.37306213399995,-24.020729064999955],[-60.29032794899996,-24.03930211599993],[-60.196360624999954,-24.044625080999936],[-60.03510868799998,-24.013068671999974],[-59.48459254499994,-24.324975947999974],[-59.420991897999954,-24.40844154399997],[-59.372974976999956,-24.427690464999955],[-59.35728098499993,-24.47940168899993],[-59.31424058899995,-24.494048628999963],[-59.29452016999994,-24.519620318999955],[-59.258340317999966,-24.51675888099993],[-59.151653289999956,-24.597234725999954],[-59.07794761699995,-24.618322371999966],[-59.022405323999976,-24.65779162599995],[-58.976931967999974,-24.663574756999935],[-58.879958526999985,-24.74392759799997],[-58.85186282899997,-24.737724267999965],[-58.80470879599994,-24.771176624999953],[-58.749350025999945,-24.783803644999978],[-58.72483305299994,-24.775029789999962],[-58.70497841499997,-24.813161088999948],[-58.67002039099998,-24.832618990999947],[-58.58626367199997,-24.818889164999973],[-58.474628447999976,-24.860321044999978],[-58.43531100399997,-24.887323526999978],[-58.43307986499997,-24.919972333999965],[-58.36741784099996,-24.985074320999956],[-58.332052078999936,-24.99960519399997],[-58.242542266999976,-24.92761993399995],[-58.19404602099996,-24.968067168999937],[-58.14967346199995,-24.976312636999978],[-58.14007089199998,-25.017267740999955],[-58.088348709999934,-25.013005603999943],[-58.07098007199994,-25.04365920999993],[-58.00524330099995,-25.034822463999944],[-57.99829292299995,-25.073463439999955],[-57.88232890599994,-25.07628294899996],[-57.84845924399997,-25.097110747999977],[-57.83928509499998,-25.124765355999955],[-57.753067819999956,-25.17691242199993],[-57.75990867599995,-25.216751098999964],[-57.69946898799998,-25.286160481999957],[-57.68930029899997,-25.33714665499997],[-57.61679932599998,-25.400770981999983],[-57.61792966699994,-25.41466625199996],[-57.59151466199995,-25.422080926999968],[-57.573802841999964,-25.465542204999963],[-57.613886595999986,-25.51349754299997],[-57.59165819799995,-25.55416521199993],[-57.62250499899994,-25.562833945999955],[-57.635173057999964,-25.608654522999927],[-57.66961763699999,-25.59151761199996],[-57.683990592999976,-25.652625844999932],[-57.71384021399996,-25.632830724999963],[-57.768091390999984,-25.66995911899994],[-57.77517860499995,-25.70596461599996],[-57.82700538599994,-25.75616645799994],[-57.80501120599996,-25.814714030999937],[-57.812517928999966,-25.835856191999937],[-57.872707366999975,-25.87400054899996],[-57.84551721499997,-25.906594793999943],[-57.88556730899995,-25.91963966399993],[-57.89603805499996,-25.957559585999945],[-57.861446315999956,-25.98392754599996],[-57.87473886699996,-26.00552206599997],[-57.90981737799996,-26.001705726999944],[-57.95005925999993,-26.061820567999973],[-58.016525231999935,-26.095489004999934],[-58.05682571699998,-26.094765494999933],[-58.15597152699996,-26.18967437699996],[-58.10464776899994,-26.230756390999943],[-58.14934490599995,-26.245677305999948],[-58.162763433325445,-26.22348311416509],[-58.15279746099998,-26.24178033399994],[-58.164509177999946,-26.267840992999936],[-58.179320030999975,-26.252854381999953],[-58.17079753399997,-26.21019474299993],[-58.19561652899995,-26.25257640199993],[-58.157312392999984,-26.309753417999957],[-58.16322181399994,-26.344513782999968],[-58.19887536299996,-26.360882222999976],[-58.22169685399996,-26.415428161999955],[-58.18479309099996,-26.451203532999955],[-58.21733322199998,-26.448736735999944],[-58.23406808599998,-26.469915537999952],[-58.20834159899994,-26.495906829999967],[-58.22950098899997,-26.50142870299993],[-58.245132822220405,-26.460774109027373],[-58.26860795699997,-26.482208629999946],[-58.27548637627697,-26.47283939619577],[-58.26662796227032,-26.506349384483126],[-58.22228618499997,-26.52406316899993],[-58.19370559999999,-26.597879429999978],[-58.209142681999936,-26.647651572999962],[-58.23724951299994,-26.63279727799994],[-58.276789844955815,-26.680833922378618],[-58.25550062599996,-26.67724913099994],[-58.261940469999956,-26.72373620199994],[-58.298153155999955,-26.765299931999948],[-58.31644556799995,-26.745577726999954],[-58.28533874599998,-26.728612013999964],[-58.283452746999956,-26.694057493999935],[-58.31401601299996,-26.708100955999953],[-58.32376288199998,-26.68874349099997],[-58.291390382527155,-26.683292438180363],[-58.32862960299997,-26.678250306999928],[-58.322377047999964,-26.714268815999958],[-58.290189648999956,-26.70799657699996],[-58.32404153599998,-26.742688175999945],[-58.29269034999999,-26.779221896999957],[-58.342017270999975,-26.780839284999956],[-58.36301115599997,-26.813078296999947],[-58.335881823999955,-26.853773339999975],[-58.48768171099994,-26.821295471999974],[-58.47557991799994,-26.81100361999995],[-58.50821124999993,-26.764517944999966],[-58.55076292499996,-26.74861979999997],[-58.57061610899996,-26.68890408599998],[-58.68017093799995,-26.644237786999952],[-58.70122315599997,-26.591995547999943],[-58.74972892599993,-26.598380505999955],[-58.758347227999934,-26.55662691699996],[-58.80069051199996,-26.518329913999935],[-58.85042795499999,-26.51263402099994],[-58.86641693699994,-26.479397223999968],[-58.949368134999986,-26.419975689999944],[-58.95766076499996,-26.386720150999963],[-59.07396390699995,-26.365056564999975],[-59.11982262099997,-26.319558910999945],[-59.14734382199998,-26.31948708999994],[-59.14768951099995,-26.292658829999937],[-59.17140327399994,-26.292972537999958],[-59.19628179399996,-26.32193575499997],[-59.26462036299995,-26.350133408999966],[-59.31814374099997,-26.32241816499993],[-59.35683635399994,-26.33153589799997],[-59.386859966999964,-26.30162109099996],[-59.39885587699996,-26.236852865999936],[-59.425150851999945,-26.194930660999944],[-59.414085618999934,-26.168718540999976],[-59.436183884999934,-26.147788812999977],[-59.50033971499994,-26.155563385999983],[-59.494660602336644,-26.12800227155884],[-59.506378300999984,-26.147453105999944],[-59.56788958499993,-26.14647796099996],[-59.63795784499996,-26.10264207399996],[-59.65648616599998,-26.13833314799996],[-59.68702677799996,-26.11281786099994],[-59.66695690599994,-26.064220922999937],[-59.68304888199998,-25.99521803999994],[-59.710836556999936,-26.00560132499993],[-59.751885209999955,-25.961965120999935],[-59.75764250199995,-25.92184862199997],[-59.789536898999984,-25.892310532999943],[-59.82295670899998,-25.88960119999996],[-59.88099879799995,-25.831126077999954],[-59.88910880199995,-25.79889150799994],[-59.964236109999945,-25.766848111999934],[-59.997698388999936,-25.721820123999976],[-60.01798211399995,-25.727392529999975],[-60.02241036299995,-25.696426688999964],[-60.16033991499995,-25.644221436999942],[-60.17048221899995,-25.65546029899997],[-60.19525115899995,-25.608059672999957],[-60.21434308399995,-25.600232450999954],[-60.226822707999986,-25.496625067999958],[-60.24135452999997,-25.473793908999937],[-60.279410180999946,-25.463691616999938],[-60.29223647099997,-25.415610217999983],[-60.32876871299993,-25.39787212799996],[-60.29625642599996,-25.381599084999948],[-60.30408278099998,-25.36049982299994],[-60.336510062999935,-25.37523235599997],[-60.34538761799996,-25.330896000999928],[-60.40402806299994,-25.316392648999965],[-60.52501976899998,-25.173868566999943],[-60.56147248399998,-25.165643624999973],[-60.569581581999955,-25.183775125999944],[-60.61621652799994,-25.15517013999994],[-60.66651302599996,-25.15027965799993],[-60.67169804799994,-25.11244105299994],[-60.73236607999996,-25.116120343999967],[-60.77660181699997,-25.061053838999953],[-60.84152373499995,-25.04882000599997],[-61.06858267499996,-24.872685228999956],[-61.13279540099995,-24.804012325999963],[-61.14607197799995,-24.76702723099993],[-61.18060923899998,-24.74520838199993],[-61.186690399999975,-24.71648939399995],[-61.22082381299998,-24.697730013999944],[-61.24186724799995,-24.63911534999994],[-61.46329035399998,-24.60649766199998],[-61.53799491999996,-24.51986491399998],[-61.58473026899998,-24.493925974999968],[-61.57542165999996,-24.46584671599993],[-61.60584069799995,-24.43338055199996],[-61.63837262299995,-24.435169617999975],[-61.68984258399996,-24.407561555999962],[-61.69893895499996,-24.361762880999947],[-61.72370963999998,-24.35499649899998],[-61.727358555999956,-24.332677674999957],[-61.80815564899996,-24.32799805299993],[-61.88647067499994,-24.289796164999927],[-61.904697521999935,-24.300911047999932],[-61.91013154999996,-24.26651396899996],[-62.08208109299994,-24.217843715999948],[-62.08288985599995,-24.19655967999995],[-62.15340804699997,-24.19873518199995],[-62.18970685299996,-24.161790722999967],[-62.340684522999936,-24.097854005999977]],[[-60.709396882999954,-24.67358418999993],[-60.71209146199993,-24.669783335999966],[-60.72009762899995,-24.659933407999972],[-60.709396882999954,-24.67358418999993]],[[-60.538199873999986,-24.77136362599998],[-60.54429130999995,-24.764178606999963],[-60.55128953499997,-24.75774409099995],[-60.538199873999986,-24.77136362599998]],[[-60.395056231999945,-24.933318646999965],[-60.40809101199994,-24.898725173999935],[-60.425101154999936,-24.88963737199998],[-60.395056231999945,-24.933318646999965]],[[-60.01079098799994,-25.258180438999943],[-60.03702717599998,-25.23658194199993],[-60.00259001999996,-25.287548539999932],[-60.01079098799994,-25.258180438999943]],[[-59.85564577883404,-25.384276668076804],[-59.855645778999985,-25.384276667999927],[-59.86468148859686,-25.38510948595708],[-59.85564577883404,-25.384276668076804]],[[-59.53805928581228,-25.632307408137233],[-59.538059285999964,-25.632307407999974],[-59.552669770999955,-25.634776211779553],[-59.53805928581228,-25.632307408137233]],[[-59.37708886812703,-25.71673055815398],[-59.405445293999946,-25.70422445099996],[-59.475573417965904,-25.67800630993063],[-59.37708886812703,-25.71673055815398]],[[-58.76228346139309,-26.12295003989282],[-58.78085516799996,-26.11953119499998],[-58.833181035999985,-26.126170178999928],[-58.76228346139309,-26.12295003989282]],[[-58.66239881699994,-26.151562677999948],[-58.59880668999995,-26.21522261299998],[-58.598806689996636,-26.21522261300223],[-58.66239881499996,-26.151562677999948],[-58.719648596563054,-26.130798644922326],[-58.66239881699994,-26.151562677999948]],[[-58.57758199892059,-26.229632805999984],[-58.49795918299998,-26.30343112099996],[-58.497959181352854,-26.303431121635867],[-58.553924163999966,-26.245694945999958],[-58.57758199892059,-26.229632805999984]],[[-58.426733817999946,-26.33092921399998],[-58.39143014199993,-26.374958437999965],[-58.32666086660659,-26.40313358946908],[-58.391430138999965,-26.374958438999954],[-58.42673381499998,-26.33092921499997],[-58.45592413563517,-26.319659660393153],[-58.426733817999946,-26.33092921399998]],[[-58.371903896693276,-26.42476460151534],[-58.371903895999935,-26.424764601999982],[-58.36268708979324,-26.426201198482243],[-58.371903896693276,-26.42476460151534]],[[-58.479567397472245,-26.362291378652795],[-58.47956739699998,-26.36229137899994],[-58.463562509814906,-26.369130796002146],[-58.479567397472245,-26.362291378652795]],[[-58.70988325299999,-26.159284085999957],[-58.787384635999956,-26.158044609999934],[-58.703406064860694,-26.163612893383153],[-58.70988325299999,-26.159284085999957]],[[-58.84268617199996,-26.19251940099997],[-58.74674144199997,-26.24492853099997],[-58.73526652370735,-26.25941753310675],[-58.74674144099998,-26.24492853099997],[-58.84268617099997,-26.19251940099997],[-58.80486317799995,-26.168201626999974],[-58.84268617199996,-26.19251940099997]],[[-58.66355266632248,-26.285588333882266],[-58.62171916699998,-26.374208925999937],[-58.48267584477138,-26.503697812151465],[-58.621719164999945,-26.374208926999984],[-58.643872976999944,-26.311217059999933],[-58.66355266632248,-26.285588333882266]],[[-58.33474208399997,-26.537788003999935],[-58.310576621999985,-26.57476096599993],[-58.244249201999935,-26.60871317699997],[-58.26410202899996,-26.647995471999934],[-58.21666326032742,-26.560475414020736],[-58.24424919699993,-26.60871317799996],[-58.31057661799997,-26.574760966999975],[-58.334742079999955,-26.537788003999935],[-58.39335670805845,-26.509771279927964],[-58.33474208399997,-26.537788003999935]],[[-59.41048683499997,-26.067512676999968],[-59.450151852999966,-26.06222278399997],[-59.36181521499998,-26.097493275999966],[-59.41048683499997,-26.067512676999968]],[[-59.48483935899998,-26.06003773599997],[-59.51942643499996,-26.029187338999975],[-59.48483935999997,-26.06003773599997],[-59.450151852999966,-26.06222278399997],[-59.48483935899998,-26.06003773599997]],[[-59.54024322499998,-25.999105826999937],[-59.592044735999934,-25.96418769899998],[-59.51942643499996,-26.029187338999975],[-59.54024322499998,-25.999105826999937]],[[-59.60344715399998,-25.92289349799995],[-59.602539364999984,-25.957617058999972],[-59.592044735999934,-25.96418769899998],[-59.60344715399998,-25.92289349799995]],[[-62.29838370099998,-23.269432774999927],[-62.28871869899996,-23.269766191999963],[-62.300482262999935,-23.26546092899997],[-62.29838370099998,-23.269432774999927]],[[-59.88043361499996,-25.42588129199993],[-59.84576318099994,-25.50443136399997],[-59.88043361399997,-25.42588129099994],[-59.95767103899993,-25.430049114232965],[-59.88043361499996,-25.42588129199993]],[[-59.785523774999945,-25.534101120999935],[-59.67879451599998,-25.66326509499993],[-59.785523773999955,-25.534101120999935],[-59.84576318099994,-25.50443136399997],[-59.785523774999945,-25.534101120999935]],[[-59.67879451599998,-25.66326509499993],[-59.63769695899998,-25.681677517999958],[-59.63769695821752,-25.681677517902475],[-59.67879451599998,-25.66326509499993]],[[-60.04436123894078,-25.342625299123814],[-60.00915642299998,-25.416308782999977],[-59.96207659015378,-25.430286842954313],[-60.00915642199993,-25.416308782999977],[-60.04436123894078,-25.342625299123814]],[[-60.082440982228675,-25.34763818589845],[-60.13205520899999,-25.32561110399996],[-60.08244098299997,-25.347638185999983],[-60.082440982228675,-25.34763818589845]],[[-60.21142422499997,-25.318623534999972],[-60.13696952899994,-25.32466950999998],[-60.238541622999946,-25.307072695999977],[-60.21142422499997,-25.318623534999972]],[[-60.458222854999974,-25.16384431299997],[-60.463747130999934,-25.160722007999937],[-60.46062076199996,-25.167494309999938],[-60.458222854999974,-25.16384431299997]],[[-60.46870311899994,-25.022175086999937],[-60.41325001299998,-25.046400544999983],[-60.46817752199996,-25.008876794999935],[-60.46870311899994,-25.022175086999937]],[[-60.20433273159623,-25.415250944638505],[-60.23929379899994,-25.38932403299998],[-60.21034366699996,-25.412637423999968],[-60.20433273159623,-25.415250944638505]],[[-60.27818578599994,-25.355220300999974],[-60.288661531999935,-25.336113818999934],[-60.308979948999934,-25.30033431499993],[-60.27818578599994,-25.355220300999974]],[[-59.43080170999997,-25.719511644999955],[-59.50988163499994,-25.735263679999946],[-59.43080171099996,-25.719511645999944],[-59.383667334999984,-25.75860586799996],[-59.43080170999997,-25.719511644999955]],[[-60.728304606999984,-25.03816429999995],[-60.738078832999975,-25.035549887999935],[-60.72350627099996,-25.04859253099994],[-60.728304606999984,-25.03816429999995]],[[-60.00854687599997,-25.626638274999948],[-59.96043887899998,-25.65881625299994],[-60.05882112399996,-25.606593398999962],[-60.00854687599997,-25.626638274999948]],[[-59.82541882299995,-25.75323592999996],[-59.80645734299998,-25.78420521399994],[-59.74459194699995,-25.84342840399995],[-59.82541882199996,-25.75323592999996],[-59.96043887899998,-25.65881625299994],[-59.82541882299995,-25.75323592999996]],[[-60.24496356099996,-25.42235979399993],[-60.28961844099996,-25.39355936399994],[-60.28961844026548,-25.3935593651186],[-60.24496356099996,-25.42235979399993]],[[-60.38411768699996,-24.962203131999956],[-60.37626862355759,-24.987897134511307],[-60.376241523999965,-24.987883900999975],[-60.38411768699996,-24.962203131999956]],[[-60.49610694699999,-24.83898064699997],[-60.54767008699997,-24.812459899999965],[-60.49610694799998,-24.83898064799996],[-60.500350922999985,-24.855366815999957],[-60.49610694699999,-24.83898064699997]],[[-60.92799495999998,-24.926191993999964],[-60.93573877699998,-24.920302420999974],[-60.94334075399996,-24.914679142999944],[-60.92799495999998,-24.926191993999964]],[[-59.40501827799994,-24.477581360999977],[-59.40543843299997,-24.47271876999997],[-59.40934029599998,-24.46972385899994],[-59.40501827799994,-24.477581360999977]],[[-59.49950417799994,-24.69609057599996],[-59.47699760099994,-24.708404997999935],[-59.49001621499997,-24.701128282999946],[-59.49950417799994,-24.69609057599996]],[[-59.901208097999984,-24.53510966999994],[-59.897487815999966,-24.51691504799993],[-59.90238332499996,-24.51804457099996],[-59.901208097999984,-24.53510966999994]],[[-58.03382160937968,-26.03878358741623],[-57.98354092399995,-26.039514904999976],[-57.98091403612729,-26.0375292137361],[-58.03382160937968,-26.03878358741623]],[[-57.94382332099997,-25.850771059999943],[-57.88781702438692,-25.891634411461386],[-57.88781702438692,-25.891634411461382],[-57.94382332099997,-25.850771059999943]],[[-57.88300409342541,-25.852896713445663],[-57.85345089986688,-25.80172573087253],[-57.88286378199996,-25.851392338999972],[-57.88300409342541,-25.852896713445663]],[[-57.88827406199994,-25.89668852099993],[-57.888158475685145,-25.895410320082853],[-57.945208381701846,-26.01053833156717],[-57.88827406199994,-25.89668852099993]],[[-58.63062951899997,-25.034572072999936],[-58.626140815999975,-25.02372675199996],[-58.63576734999998,-25.02493816499998],[-58.63062951899997,-25.034572072999936]],[[-58.44995705499997,-25.25165114699996],[-58.47488310799997,-25.252941952999947],[-58.449957054910776,-25.251651147047127],[-58.44995705499997,-25.25165114699996]],[[-58.18726293199995,-25.382160717999966],[-58.303393109999945,-25.32915423199995],[-58.1872629318984,-25.382160718133438],[-58.18726293199995,-25.382160717999966]],[[-57.81281965971401,-25.603789007304357],[-57.812819659999946,-25.603789006999932],[-57.83780448073355,-25.600747392100523],[-57.81281965971401,-25.603789007304357]],[[-58.48004127099995,-25.13782900399997],[-58.500967790866035,-25.06725082145156],[-58.48004127199994,-25.13782900399997],[-58.41828114699996,-25.220835329999943],[-58.387519884577344,-25.23647604265837],[-58.41828114499998,-25.220835329999943],[-58.48004127099995,-25.13782900399997]],[[-58.26513647599995,-25.22805938199997],[-58.26513647739685,-25.228059382207544],[-58.22385937440045,-25.242266672469317],[-58.26513647599995,-25.22805938199997]],[[-58.419004959907454,-25.115889609288157],[-58.41900495999994,-25.115889608999964],[-58.552779999999984,-25.010963812999933],[-58.419004959907454,-25.115889609288157]],[[-58.21323167899993,-25.21101895399994],[-58.29321355199994,-25.20221620799998],[-58.21323167882917,-25.211018954798607],[-58.21323167899993,-25.21101895399994]]]}},{"type":"Feature","properties":{"PROV":"Corrientes"},"geometry":{"type":"MultiPolygon","coordinates":[[[[-58.496706416999984,-30.206349424999928],[-58.574550434999935,-30.161039260999928],[-58.629015263999975,-30.17490225399996],[-58.64812280599995,-30.164178894999964],[-58.75596802699994,-30.215368790999946],[-58.80463173099997,-30.21290298799994],[-58.912777913999946,-30.247442904999957],[-58.96525398099993,-30.21928945299993],[-59.00972656199997,-30.219478247999973],[-59.07798808699994,-30.24298048199995],[-59.134765190999985,-30.284687927999983],[-59.140888099999984,-30.31365857199995],[-59.24915934599994,-30.365307754999947],[-59.32206399199998,-30.354126709999946],[-59.34896577999996,-30.32437716399994],[-59.42138671299995,-30.316803722999964],[-59.48183473599994,-30.343089342999974],[-59.55537530899994,-30.334126192999975],[-59.58738858199996,-30.429502346999982],[-59.61624187399997,-30.42786040599998],[-59.64293139799997,-30.36738631299994],[-59.63058817799998,-30.274165040999947],[-59.600049326999965,-30.197048732999974],[-59.60420553499995,-30.14697095699995],[-59.55797173199994,-30.01409440599997],[-59.603229254999974,-29.88734689699993],[-59.65103930999999,-29.82487889199996],[-59.56730650099996,-29.73314441599996],[-59.564462677999984,-29.68941999799995],[-59.54669364599994,-29.655444554999974],[-59.54694215899997,-29.684775309999964],[-59.53383503699996,-29.657398955999952],[-59.54589919399996,-29.55084801199996],[-59.52662886699994,-29.49135708999995],[-59.54556244799994,-29.44407819199995],[-59.525357217999954,-29.432945476999976],[-59.53282939999997,-29.39950765699996],[-59.489473747999966,-29.383561998999937],[-59.46107749099997,-29.331860999999947],[-59.467781360999936,-29.31964348599996],[-59.49740777799997,-29.368649903999938],[-59.52817862999996,-29.377910172999975],[-59.45300596499993,-29.23364954999994],[-59.327886820999936,-29.202142119999962],[-59.27134421599993,-29.137104436999948],[-59.27377774699994,-29.18163575699998],[-59.25852972599995,-29.11202811399994],[-59.21176661299995,-29.095327276999967],[-59.15819237299996,-29.008135222999954],[-59.14246756599994,-28.877922989999945],[-59.09603485699995,-28.80665378799995],[-59.10807399199996,-28.764760929999966],[-59.08585707399993,-28.700601674999973],[-59.04422269999998,-28.64259892499996],[-59.048894443999984,-28.54839373899995],[-59.01489306199994,-28.42618953799996],[-59.02708562099997,-28.393139876999953],[-59.02734331399995,-28.171032105999927],[-58.99485596699998,-28.137146490999953],[-58.93329894799996,-28.132832420999932],[-58.89344675499996,-28.111773325999934],[-58.811169018999976,-27.98468036299994],[-58.799458819999984,-27.931282498999963],[-58.792589275999944,-27.73593103999997],[-58.807353890999934,-27.692998003999946],[-58.79668934799997,-27.64195905899993],[-58.83192430499997,-27.512529825999934],[-58.81310621099993,-27.515830335999965],[-58.77748725099997,-27.45057268599993],[-58.71929366599994,-27.390746986999943],[-58.64727325699994,-27.36937353299993],[-58.55786609099994,-27.30948366399997],[-58.437416809999945,-27.28310278999993],[-58.38860872099997,-27.294234552999967],[-58.26729870299994,-27.26429920099997],[-58.22526435299994,-27.27938747099995],[-58.005868918999965,-27.277646696999966],[-57.77807325499998,-27.362749014999963],[-57.65140709099995,-27.36815654199995],[-57.54350471499998,-27.432966231999956],[-57.48417696499996,-27.44793819299997],[-57.53399377629392,-27.476017771688934],[-57.41106877899995,-27.425628167999946],[-57.31660102999996,-27.419024500999967],[-57.30750768399997,-27.454232712999953],[-57.22985075399998,-27.500578299999972],[-57.15150674999995,-27.52981329299996],[-57.09144199965426,-27.539931053889752],[-57.229850736999936,-27.500578299999972],[-57.30750766899996,-27.454232713999943],[-57.188648211999976,-27.506149380999943],[-57.004344626999966,-27.506084371999975],[-56.95941038199999,-27.525302317999945],[-56.96182486799995,-27.550111869999967],[-57.01519833659373,-27.539518046122343],[-56.84926414499995,-27.606298446999972],[-56.796132357999966,-27.589475342999947],[-56.74719619799998,-27.605001449999975],[-56.70625681699994,-27.59094397599995],[-56.67119377499995,-27.55143406999997],[-56.70195736799997,-27.52272746999995],[-56.71873933899997,-27.484770657999945],[-56.70673288399996,-27.471848404999946],[-56.647208269999965,-27.48294945899994],[-56.62736911099995,-27.46158982399993],[-56.57818791599993,-27.464306317999956],[-56.54615583399993,-27.484461795999948],[-56.48266003799995,-27.576986360999967],[-56.45515699099997,-27.577539718999958],[-56.41501998899997,-27.605611800999952],[-56.353953632999946,-27.587461178999945],[-56.33255523199995,-27.531508217999942],[-56.260788339999976,-27.47654731199998],[-56.28665470999994,-27.42681012099996],[-56.216719962999946,-27.408342491999974],[-56.17444153399998,-27.376291496999954],[-56.16852507599998,-27.33943209599994],[-56.10595608699998,-27.31450785399994],[-56.066142980999985,-27.316855360999966],[-56.035015348999934,-27.33907356499998],[-56.04277903899998,-27.36603185299998],[-56.02776073299998,-27.386158056999932],[-56.053614279829624,-27.440939485385293],[-56.020343957999955,-27.508261665999953],[-55.971695187999956,-27.54018614399996],[-55.94225712999997,-27.597623727999974],[-56.003373664865336,-27.559480265690993],[-55.94225715599998,-27.597623729999953],[-55.843599224999934,-27.765941728999962],[-55.84272553999995,-27.846073264999973],[-55.81007685599997,-27.974690103999933],[-55.75483282599998,-28.038653308999983],[-55.75892918799997,-28.059563726999954],[-55.71459549999997,-28.06294240799997],[-55.70412634899998,-28.089528008999935],[-55.61991411399998,-28.136104629999977],[-55.62660980199996,-28.17093276999998],[-55.68846639099996,-28.214878639999938],[-55.78495532399995,-28.248689229999968],[-55.77465442999994,-28.281555038999954],[-55.68419878399993,-28.34501800299995],[-55.71268764599995,-28.42472290099994],[-55.757807078999974,-28.36853130299994],[-55.853312003999974,-28.34925881299995],[-55.89198276199994,-28.361358361999976],[-55.90998132799996,-28.40992226299994],[-55.89162761199998,-28.47541276299995],[-56.00221265599998,-28.498369013999934],[-56.005975161924674,-28.49084353363397],[-56.031152728999984,-28.544067119999966],[-56.00959897299998,-28.592744755999945],[-56.02495755199993,-28.61690587399994],[-56.119163783999966,-28.682296332999954],[-56.20902312199996,-28.773992041999975],[-56.27581024699998,-28.775403109999957],[-56.30937541999998,-28.80656789099993],[-56.30088755899993,-28.89863809899998],[-56.42396286699994,-28.98705268799995],[-56.412659806999955,-29.014473823999936],[-56.43324993099998,-29.079767172999937],[-56.59579999099998,-29.115671325999983],[-56.65363291999995,-29.210469500999977],[-56.66069317499995,-29.281581708999965],[-56.70635737899994,-29.35555704999996],[-56.74507909399995,-29.36564333399997],[-56.78081978999995,-29.399955982999984],[-56.80616556599995,-29.468966060999946],[-56.97797125999995,-29.608801917999983],[-56.99795907399994,-29.649250792999965],[-57.110962564999966,-29.75753093299994],[-57.16564162999998,-29.780162992999976],[-57.23488842299997,-29.78260778699996],[-57.30112457299998,-29.837974547999977],[-57.32645732799995,-29.880321252999977],[-57.33754902099997,-29.98924234499998],[-57.409057503999975,-30.032540617999928],[-57.49457319199996,-30.132590112999935],[-57.56366699599994,-30.16230582299994],[-57.58590074899996,-30.135976450999976],[-57.57408058899995,-30.100560428999984],[-57.58590081199998,-30.135976451999966],[-57.56031417799994,-30.16847801199998],[-57.645042144999934,-30.174343561999933],[-57.649946598999975,-30.217060602999936],[-57.62017853599997,-30.255699076999974],[-57.66090597599998,-30.34556637399993],[-57.73090643099994,-30.401620888999958],[-57.788859395999964,-30.438779625999928],[-57.90413812299994,-30.49914824399997],[-57.89954414099998,-30.59463810699998],[-57.85473928399995,-30.616670281999973],[-57.83090120299994,-30.68788066099995],[-57.97230548799996,-30.639617948999955],[-58.022671635999984,-30.60097578799997],[-58.06766456299994,-30.52677271099998],[-58.059379080999975,-30.49718781499996],[-58.07789828092691,-30.417143125661056],[-58.147219673999984,-30.377268366999942],[-58.19375497899995,-30.293708897999977],[-58.29497916471341,-30.23992563427752],[-58.341376486999934,-30.267917478999948],[-58.47094954399995,-30.20332527399995],[-58.496706416999984,-30.206349424999928]],[[-57.705047012999955,-30.34488540199993],[-57.68466710699994,-30.328016212999955],[-57.67249569399996,-30.28341718799993],[-57.68466713599997,-30.328016214999934],[-57.70504704199993,-30.344885402999978],[-57.71118301399997,-30.384589672999937],[-57.705047012999955,-30.34488540199993]],[[-58.20926221299993,-28.10733739999995],[-58.17740267999994,-28.047170278999943],[-58.11172025099995,-28.033377619999953],[-58.17740268399996,-28.047170278999943],[-58.209262216999946,-28.10733739999995],[-58.246681078999984,-28.12580196999994],[-58.20926221299993,-28.10733739999995]],[[-58.31242564099995,-28.188561462999928],[-58.32447253724894,-28.215906473675975],[-58.30281934041256,-28.185043066295506],[-58.31242564099995,-28.188561462999928]],[[-58.446361401247195,-28.306688811044847],[-58.46387160443654,-28.362430466378182],[-58.44833550399994,-28.346966874999964],[-58.446361401247195,-28.306688811044847]],[[-58.51983858099999,-28.41815452999998],[-58.496505717169214,-28.441288436514295],[-58.5195193648937,-28.417887235266846],[-58.51983858099999,-28.41815452999998]],[[-58.496505636999984,-28.44128851599993],[-58.4354708049097,-28.438567067129693],[-58.435470804999966,-28.43856706699995],[-58.496505636999984,-28.44128851599993]],[[-58.323975333999954,-28.40979516999994],[-58.48113246999998,-28.549202081999965],[-58.503972456999975,-28.58307517199995],[-58.50407474299993,-28.62116402999993],[-58.52434846699998,-28.615773848999936],[-58.554532078999955,-28.533060430999967],[-58.54170354799999,-28.496746696999935],[-58.51417920499995,-28.475734687999932],[-58.5219425527797,-28.449864324733362],[-58.51417920999995,-28.475734687999932],[-58.541703552999934,-28.496746696999935],[-58.55453208399996,-28.533060430999967],[-58.52335619799999,-28.637688322999963],[-58.497162120999974,-28.62015891599998],[-58.48566701999994,-28.65055554399993],[-58.51624465899994,-28.668189197999936],[-58.59777625099997,-28.799794426999938],[-58.51032469699999,-28.736398770999983],[-58.48268833399993,-28.688845147999928],[-58.419152840386616,-28.64243810043104],[-58.41081591899996,-28.616829321999944],[-58.43590114099993,-28.581089671999962],[-58.392418232999944,-28.565026813999964],[-58.25967013899998,-28.465014734999954],[-58.23537947199998,-28.409543776999953],[-58.19852487899993,-28.37558146999993],[-58.154206993999935,-28.37714539199993],[-58.07153945099998,-28.320533851999983],[-57.88927862899993,-28.23865085099993],[-57.84705716299993,-28.236124065999945],[-57.646204731999944,-28.14915465699994],[-57.66438888999994,-28.141923350999946],[-58.11349461999998,-28.307933756999944],[-58.199498870999946,-28.30890023799998],[-58.24156243099998,-28.365961840999944],[-58.323975330999986,-28.40979516999994],[-58.34634462099996,-28.36014691099996],[-58.295336350999946,-28.30732839999996],[-58.291072988999986,-28.275733956999943],[-58.22376831699995,-28.257162344999983],[-58.29107299299994,-28.275733956999943],[-58.29533635399997,-28.30732839999996],[-58.34634462399998,-28.36014691099996],[-58.323975333999954,-28.40979516999994]],[[-58.40244901099999,-28.661410063999938],[-58.37512575499994,-28.667363084999977],[-58.397561906999954,-28.731468655999947],[-58.44768321299995,-28.753959790999943],[-58.510434257999975,-28.81210906399997],[-58.494396655999935,-28.775668262999943],[-58.56946296099994,-28.80718956399994],[-58.61347251199999,-28.850682329999984],[-58.603331630999946,-28.861806126999966],[-58.51803732899998,-28.860300304999953],[-58.464783678999936,-28.805341038999984],[-58.408669818999954,-28.802714197999933],[-58.37855307199993,-28.73452178399998],[-58.33920239799994,-28.735907184999974],[-58.386608372999945,-28.821777616999952],[-58.454023734999964,-28.857663834999983],[-58.482795728999974,-28.889420163999944],[-58.51860808099997,-28.89149045599993],[-58.58369627999997,-28.96720598199994],[-58.56674937899999,-28.994595468999933],[-58.643718723633086,-29.063173407069637],[-58.631328251999946,-29.08930857499996],[-58.67286834799995,-29.12364590599998],[-58.655685404999986,-29.14730890499993],[-58.67286834199996,-29.12364590599998],[-58.63132824599995,-29.08930857499996],[-58.636073986999975,-29.057160582999984],[-58.54853811199996,-28.982677561999935],[-58.51766869599999,-28.940127909999944],[-58.46383503399994,-28.90377102499997],[-58.41153833499993,-28.89722860699993],[-58.375162391999936,-28.86792487499997],[-58.305116604387784,-28.748736324142712],[-58.37516239499996,-28.86792487499997],[-58.41153833799996,-28.89722860699993],[-58.46383503699997,-28.90377102499997],[-58.517668698999955,-28.940127909999944],[-58.56674937599996,-28.994595468999933],[-58.583696276999945,-28.96720598199994],[-58.51860807799994,-28.89149045599993],[-58.48279572599995,-28.889420163999944],[-58.386608369999976,-28.821777616999952],[-58.33920239499997,-28.735907184999974],[-58.34513097699994,-28.702755111999977],[-58.32726310999993,-28.65733470699996],[-58.288327117999984,-28.63045276799994],[-58.270134217588314,-28.6458550307495],[-58.28645556899994,-28.631664119999982],[-58.259210622999944,-28.60125161299993],[-58.23329052399998,-28.526504855999974],[-58.239410905880455,-28.505770783552475],[-58.28229488299996,-28.61193334199993],[-58.303219799999965,-28.603111614999932],[-58.37678346699994,-28.666881881999927],[-58.40781220735152,-28.64898074986399],[-58.40244901099999,-28.661410063999938]],[[-58.190510046999975,-28.476992365999934],[-58.146494522999944,-28.42569218899996],[-58.125251471999945,-28.383597985999984],[-58.04959212699998,-28.368726453999955],[-58.03832303799999,-28.354743464999956],[-57.925346813999965,-28.305327733999945],[-57.88152355774136,-28.275039960585794],[-58.03832304399998,-28.354743464999956],[-58.049592132999976,-28.368726453999955],[-58.12525147699995,-28.383597985999984],[-58.19051005099993,-28.476992365999934],[-58.239325253332964,-28.505480648043182],[-58.190510046999975,-28.476992365999934]],[[-57.84012272899997,-28.307893156999967],[-57.81550241190857,-28.307122088247656],[-57.840122729303715,-28.307893156758933],[-57.84012272899997,-28.307893156999967]],[[-57.93153542099765,-28.473252171508832],[-57.96597513310473,-28.480322496964423],[-57.93006008799995,-28.47480216799994],[-57.93153542099765,-28.473252171508832]],[[-57.63902325899994,-28.412489990999973],[-57.67486677499994,-28.443014387999938],[-57.75871779199997,-28.461551288999942],[-57.99647023999995,-28.573870227999976],[-58.118273440999985,-28.60676062799996],[-58.171460156999956,-28.64305348499994],[-58.178137800999934,-28.63379896899994],[-58.217693725086264,-28.673323505882678],[-58.15088099199994,-28.642901193999933],[-58.20893903799998,-28.691080247999935],[-58.21438744599993,-28.717793746999973],[-58.173542543999986,-28.72619397099993],[-58.130505890999984,-28.69820670499996],[-58.13354634300751,-28.77465243104677],[-58.11718049199993,-28.706503431999977],[-57.990468943999986,-28.789689068999962],[-57.88458911599997,-28.737178426999947],[-57.59520117499994,-28.690751685999942],[-57.49883118199995,-28.62523968599993],[-57.45541285999997,-28.635370973999954],[-57.32895493799998,-28.60318511099996],[-57.21478814799997,-28.53922179099993],[-57.1887462613106,-28.55853563374515],[-57.153603300141015,-28.544978551323958],[-57.163223795999954,-28.506611882999948],[-57.115773392999984,-28.510384493999936],[-57.01469573999998,-28.45194722399998],[-56.954536135999945,-28.39684159099994],[-56.90367493499997,-28.37764943899998],[-56.742485562999946,-28.244466143999944],[-56.70387282699994,-28.10179611899997],[-56.646027550999975,-28.03339508399995],[-56.59730047199997,-28.013674657999957],[-56.52572697199997,-27.941098771999975],[-56.48866494599997,-27.815306740999972],[-56.50776287699995,-27.63707782199998],[-56.535420562999946,-27.577287542999954],[-56.60793962799994,-27.625282057999982],[-56.63520865099997,-27.613856493999947],[-56.684813564999956,-27.635849702999963],[-56.674386099999936,-27.693076966999968],[-56.690344600999936,-27.719867333999957],[-56.74057347499996,-27.721568762999937],[-56.776465679999944,-27.76608269099995],[-56.79107823399994,-27.75899229199996],[-56.79337193099997,-27.80319043399993],[-56.82610454199994,-27.819798524999953],[-56.80815962699995,-27.865234829999963],[-56.81734271399995,-27.924865994999948],[-56.83746101999998,-27.940020924999942],[-56.85580838799996,-27.928584694999984],[-56.88404510199996,-27.85662055199998],[-56.98976668599994,-27.942181268999946],[-56.99875435599995,-27.978754998999932],[-57.09529818699997,-28.090298279999956],[-57.131714389999956,-28.100340915999936],[-57.34125933399997,-28.27288460799997],[-57.47727648999995,-28.358015072999933],[-57.55264444399995,-28.385194014999968],[-57.445015429999955,-28.28455815999996],[-57.42996610399996,-28.239145202999964],[-57.47255427199997,-28.28732992099998],[-57.538460216999965,-28.31966758699997],[-57.60423537799994,-28.32976545699995],[-57.64217928299996,-28.37041392499998],[-57.63902325899994,-28.412489990999973]],[[-58.07196504775417,-28.82774075079835],[-58.07128677399999,-28.823902946999965],[-58.07504435526634,-28.82093050906828],[-58.07196504775417,-28.82774075079835]],[[-58.08564836299996,-28.864419839999982],[-58.07509947146179,-28.870851411945278],[-58.07569969858473,-28.84887212593221],[-58.08564836299996,-28.864419839999982]],[[-58.02786422056282,-28.97147699531465],[-58.02861858199998,-28.963564520999967],[-58.044732956738606,-28.959385971883936],[-58.02786422056282,-28.97147699531465]],[[-57.95441852999994,-29.108217370999967],[-57.94146112119016,-29.116149760858736],[-58.02434012258517,-29.008440431907594],[-57.95441852999994,-29.108217370999967]],[[-57.78869618940207,-29.4485491903775],[-57.823747658999935,-29.392603192999957],[-57.80292071693947,-29.34300007415535],[-57.82453308199996,-29.393067490999954],[-57.78869618940207,-29.4485491903775]],[[-57.78975831499997,-29.412482542999953],[-57.767460512999946,-29.428677007999966],[-57.764893373578744,-29.452293626568995],[-57.758843286999934,-29.403095612999948],[-57.789758261999964,-29.412482541999964],[-57.80291888099998,-29.34299582099993],[-57.78975831499997,-29.412482542999953]],[[-57.64488363399994,-29.320166547999975],[-57.7040444010623,-29.313913268636927],[-57.62566613237399,-29.329456224390256],[-57.64488363399994,-29.320166547999975]],[[-57.61378944399996,-29.316702420999945],[-57.61378943435823,-29.316702406073038],[-57.670339134414164,-29.304943621359893],[-57.61378944399996,-29.316702420999945]],[[-57.59151508900798,-29.28221822494574],[-57.62742779612433,-29.29001957512416],[-57.62742779399997,-29.29001958699996],[-57.59151508900798,-29.28221822494574]],[[-57.683587802789205,-29.217394817355082],[-57.72911699466847,-29.283441132802444],[-57.729116964999946,-29.283441168999957],[-57.683587802789205,-29.217394817355082]],[[-57.736282582999934,-29.190762838999945],[-57.77085709099998,-29.19215554999994],[-57.855585373999986,-29.248238903999948],[-57.770857038999964,-29.19215554799996],[-57.736282582999934,-29.190762838999945]],[[-57.856855302257024,-29.225950044591883],[-57.88748380857198,-29.24800717300511],[-57.887483808999946,-29.24800720299993],[-57.856855302257024,-29.225950044591883]],[[-57.80535074911701,-29.20853796142814],[-57.887010704478655,-29.21484886469366],[-57.887054196544696,-29.217897080414705],[-57.80535074911701,-29.20853796142814]],[[-57.8272403817138,-29.150648384989186],[-57.81782795273312,-29.181607052299384],[-57.82724035799998,-29.15064833699995],[-57.8272403817138,-29.150648384989186]],[[-57.70373334299995,-29.196614815999965],[-57.70373332081627,-29.196614798684774],[-57.74616082895995,-29.168721369285755],[-57.70373334299995,-29.196614815999965]],[[-57.72488201558698,-29.158641066784266],[-57.66565897626085,-29.17760173154892],[-57.72488204899997,-29.158641040999953],[-57.72488201558698,-29.158641066784266]],[[-57.78565900199993,-29.094704630999956],[-57.834934954288784,-29.119426517121006],[-57.785658968835605,-29.09470463342943],[-57.78565900199993,-29.094704630999956]],[[-57.81315956299994,-29.073725988999968],[-57.866277501091545,-29.07840771254017],[-57.813159564006945,-29.07372599143799],[-57.81315956299994,-29.073725988999968]],[[-57.866033260999984,-29.065277185999946],[-57.866033230753295,-29.065277181322017],[-57.880911283242376,-29.05376518500248],[-57.866033260999984,-29.065277185999946]],[[-57.75764970399996,-29.077206288999946],[-57.68230138599995,-29.079719474999933],[-57.627174828999955,-29.155073475999984],[-57.682301338999935,-29.079719473999944],[-57.75764966299994,-29.077206287999957],[-57.80029372052139,-29.05510996587505],[-57.75764970399996,-29.077206288999946]],[[-57.63444746594049,-29.016501789691176],[-57.642919344603484,-29.034772437638797],[-57.64291931199995,-29.03477247199993],[-57.63444746594049,-29.016501789691176]],[[-57.670760170471205,-28.964496637377735],[-57.71052273837644,-28.97235159480191],[-57.71052274599998,-28.972351603999982],[-57.670760170471205,-28.964496637377735]],[[-57.69146076699997,-28.949352593999947],[-57.75730162670032,-28.957961029038387],[-57.691460771539504,-28.949352599477063],[-57.69146076699997,-28.949352593999947]],[[-57.82857746199994,-28.93823383199998],[-57.87568978699994,-28.95827252199996],[-57.912442680993614,-29.031063861987366],[-57.87568975299996,-28.95827252199996],[-57.82857746199994,-28.93823383199998]],[[-57.94897397890962,-29.0321571500396],[-57.94897397999995,-29.03215715099998],[-57.91292387172521,-29.03107826280404],[-57.94897397890962,-29.0321571500396]],[[-57.89647422099995,-28.96597977999994],[-57.935107450999965,-28.973368360999928],[-57.95170531634623,-28.99988676077164],[-57.93510741999995,-28.973368359999938],[-57.89647422099995,-28.96597977999994]],[[-57.92023084769848,-28.917983148091277],[-57.985334009489065,-28.93303292347931],[-57.985334025999975,-28.933032932999936],[-57.92023084769848,-28.917983148091277]],[[-57.88238086499996,-28.916371080999966],[-57.882380857196075,-28.91637107635731],[-57.94204949302314,-28.90807393747308],[-57.88238086499996,-28.916371080999966]],[[-57.78002533399996,-28.921218089999968],[-57.78002534066546,-28.921218080092512],[-57.863243049907965,-28.904985719894373],[-57.78002533399996,-28.921218089999968]],[[-57.75368316999993,-28.905771329999936],[-57.70636727899995,-28.913714048999964],[-57.753683129999956,-28.905771328999947],[-57.819999881999934,-28.861800727999935],[-57.75368316999993,-28.905771329999936]],[[-57.68911355499995,-28.889785939999967],[-57.67195736899998,-28.926178135999976],[-57.68911350999997,-28.889785938999978],[-57.671200487999954,-28.855512595999983],[-57.68911355499995,-28.889785939999967]],[[-57.65467234399995,-28.948768678999954],[-57.61383879103085,-29.008233796548154],[-57.654672295999944,-28.948768677999965],[-57.58858366599998,-28.830881294999983],[-57.65467234399995,-28.948768678999954]],[[-57.57577123799996,-29.04610680099995],[-57.575771216582595,-29.04610677056153],[-57.575771782805035,-29.04610625897916],[-57.57577123799996,-29.04610680099995]],[[-57.50839919976958,-28.950357551150965],[-57.49730784650351,-28.967933504000793],[-57.50839916799998,-28.950357505999932],[-57.50839919976958,-28.950357551150965]],[[-57.41888770099996,-28.881013507999967],[-57.39656870899995,-28.886715941999967],[-57.468622213999936,-28.936064624999972],[-57.52728372399997,-29.003725189999955],[-57.556542270999955,-29.049165313999936],[-57.56968716299997,-29.096879876999935],[-57.61135130699995,-29.15919635599994],[-57.620262578999984,-29.19806663399993],[-57.58876699199993,-29.257858917999954],[-57.56415980980232,-29.25815085032609],[-57.588766936999946,-29.257858915999975],[-57.620262526999966,-29.19806663199995],[-57.61135125499993,-29.15919635399996],[-57.56968710799998,-29.096879874999956],[-57.52728366599996,-29.003725188999965],[-57.468622151999966,-28.936064622999936],[-57.39656864099999,-28.88671593999993],[-57.418887634999976,-28.88101350599993],[-57.422133824999946,-28.84098673999995],[-57.41888770099996,-28.881013507999967]],[[-57.343368063171546,-28.930060325582666],[-57.31265347649795,-28.949955246869965],[-57.34336805799995,-28.930060278999974],[-57.343368063171546,-28.930060325582666]],[[-57.267870881999954,-28.906929511999977],[-57.26787086584792,-28.906929492864368],[-57.29679165153761,-28.899287420883347],[-57.267870881999954,-28.906929511999977]],[[-57.04585333499995,-28.516438541999946],[-57.12700073999997,-28.554557805999934],[-57.153062312999964,-28.591289605999975],[-57.132887222058045,-28.597434942062645],[-57.15306222399994,-28.59128960399994],[-57.12700064799998,-28.554557803999955],[-57.045853233999935,-28.516438539999967],[-57.04970245699997,-28.50489681199997],[-57.04585333499995,-28.516438541999946]],[[-57.05712737299996,-28.600714583999945],[-57.13910207299995,-28.619413877999932],[-57.14660189099993,-28.658345872999973],[-57.12967900599995,-28.680127348999974],[-57.13865539699998,-28.722450038999966],[-57.124698706999936,-28.741556085999946],[-57.16670877299998,-28.90741384699993],[-57.214917480999986,-28.93131866599998],[-57.261433745999966,-29.000116755999954],[-57.21707547999995,-29.050371715999972],[-57.261433661999945,-29.00011675299993],[-57.21491739299995,-28.931318662999956],[-57.16670868099993,-28.90741384499995],[-57.124698611999975,-28.741556082999978],[-57.13865530399994,-28.72245003699993],[-57.129678912999964,-28.68012734699994],[-57.146601799999985,-28.658345870999938],[-57.13910198099995,-28.619413875999953],[-57.057127271999946,-28.600714580999977],[-57.04065276899996,-28.583535406999943],[-57.05712737299996,-28.600714583999945]],[[-57.29724318899997,-29.00829472299995],[-57.318311119999976,-29.03965181799998],[-57.240440940999974,-29.09899377199997],[-57.26723935269542,-29.100130678508208],[-57.240440854999974,-29.098993768999946],[-57.31831104299994,-29.039651814999957],[-57.29724318899997,-29.00829472299995]],[[-57.36402147599995,-29.05514128899995],[-57.41380825199997,-29.097935306999943],[-57.30381180799998,-29.14597239899996],[-57.41380818299996,-29.097935304999965],[-57.36402147599995,-29.05514128899995]],[[-57.38609113799998,-29.12469297299998],[-57.438037485999985,-29.135199026999942],[-57.46800813799996,-29.180341958999975],[-57.438037418999954,-29.135199024999963],[-57.38609113799998,-29.12469297299998]],[[-57.421666965999975,-29.221686776999945],[-57.398315415999946,-29.231346559999963],[-57.42294457952994,-29.2205469115932],[-57.421666965999975,-29.221686776999945]],[[-57.51313897799997,-29.915470536999976],[-57.512852160999955,-29.898898170999928],[-57.51885699999997,-29.90533728099996],[-57.51313897799997,-29.915470536999976]],[[-57.45958944399996,-29.80841537499998],[-57.39514503199996,-29.761363923999966],[-57.45958951699998,-29.80841537799995],[-57.466093728999965,-29.853974910999966],[-57.45958944399996,-29.80841537499998]],[[-57.36319787299993,-29.730743367999935],[-57.363197953999986,-29.730743363999977],[-57.37802227599997,-29.76410072699997],[-57.36319787299993,-29.730743367999935]],[[-58.529933240080126,-28.44924548895204],[-58.54658595099994,-28.44795582599994],[-58.54816729374083,-28.450645144709423],[-58.529933240080126,-28.44924548895204]],[[-58.65894837199994,-29.23195351399994],[-58.72555095399997,-29.283373652999956],[-58.7348979075975,-29.311397013793403],[-58.72555094799998,-29.283373652999956],[-58.65894836499996,-29.23195351399994],[-58.623432546999936,-29.17908012999993],[-58.61821945699995,-29.120226466999952],[-58.623432553999976,-29.17908012999993],[-58.65894837199994,-29.23195351399994]],[[-58.830531090999955,-29.375541994999935],[-58.79996307099998,-29.414384221999967],[-58.82628528599997,-29.435988900999973],[-58.799963064999986,-29.414384221999967],[-58.83053108699994,-29.375541994999935],[-58.785369645689045,-29.30051785814469],[-58.830531090999955,-29.375541994999935]],[[-58.67150562599994,-29.37103667499997],[-58.6019221891699,-29.26163129826717],[-58.67150562799998,-29.37103667499997],[-58.701720544437435,-29.380260974837483],[-58.67150562599994,-29.37103667499997]],[[-58.68595712473951,-29.40376477044917],[-58.68595766725509,-29.403763974915876],[-58.68595713199994,-29.403764772999978],[-58.68595712473951,-29.40376477044917]],[[-58.60020283399996,-29.41125560399996],[-58.64207068899998,-29.388346128999956],[-58.64207069508986,-29.388346131139517],[-58.60020283399996,-29.41125560399996]],[[-58.44649935951199,-29.42300540787612],[-58.46052884799997,-29.399974313999962],[-58.35631079339461,-29.365960715555264],[-58.47346448099995,-29.399655137999957],[-58.560514292557826,-29.402145790816608],[-58.460528858999965,-29.39997431499995],[-58.44649935951199,-29.42300540787612]],[[-58.54422353399997,-29.43147483599995],[-58.42213559199996,-29.480210254999974],[-58.394066446127816,-29.4813621746664],[-58.54422352499995,-29.43147483599995],[-58.564766636999934,-29.41152342999993],[-58.54422353399997,-29.43147483599995]],[[-58.34965852299996,-29.480332810999982],[-58.26575084099994,-29.51001171599995],[-58.25133183899993,-29.524150451999958],[-58.26575082499994,-29.51001171599995],[-58.34965850999998,-29.480332810999982],[-58.28326913799998,-29.456784899999946],[-58.30431219654492,-29.450451354942782],[-58.283269152999935,-29.456784899999946],[-58.34965852299996,-29.480332810999982]],[[-58.338024092999945,-29.502202259999933],[-58.33168401677212,-29.503807400066346],[-58.36307578046216,-29.485034669897182],[-58.338024092999945,-29.502202259999933]],[[-58.41803447490858,-29.530116570393623],[-58.43631945899995,-29.486881766999943],[-58.413579785943504,-29.486308283944254],[-58.43631947099993,-29.486881766999943],[-58.41803447490858,-29.530116570393623]],[[-58.438590733999945,-29.517590421999955],[-58.433218541490696,-29.52086401766107],[-58.486953367775314,-29.4631818052555],[-58.438590733999945,-29.517590421999955]],[[-58.66678275399994,-29.43910472899995],[-58.70148269099997,-29.456127030999937],[-58.708492863999936,-29.528313150999963],[-58.73069093999993,-29.542449016999967],[-58.72541163699998,-29.625685681999983],[-58.70281139799994,-29.641928018999977],[-58.72541162999994,-29.625685681999983],[-58.73069093399994,-29.542449016999967],[-58.70849285799994,-29.528313150999963],[-58.701482684999974,-29.456127030999937],[-58.66678274699996,-29.43910472899995],[-58.66209535499996,-29.400074554999946],[-58.66678275399994,-29.43910472899995]],[[-58.596875480486354,-29.59478842784881],[-58.59390885099998,-29.56098715899998],[-58.60231959099997,-29.591542576999984],[-58.596875480486354,-29.59478842784881]],[[-58.54621600099995,-29.624992280999948],[-58.556921441999975,-29.610592146999977],[-58.58053429002488,-29.604531262201174],[-58.54621600099995,-29.624992280999948]],[[-58.44560354654418,-29.613984702297834],[-58.47441131599999,-29.611505921999935],[-58.47441132310766,-29.6115059233349],[-58.44560354654418,-29.613984702297834]],[[-58.55869724399997,-29.635887270999945],[-58.44560354654417,-29.613984702297834],[-58.44560354654418,-29.613984702297834],[-58.55869724399997,-29.635887270999945]],[[-58.44217940025569,-29.614279334608913],[-58.4421794002557,-29.614279334608913],[-58.38677534399994,-29.635801684999933],[-58.44217940025569,-29.614279334608913]],[[-58.44217940025569,-29.614279334608913],[-58.33255899067317,-29.62371167425369],[-58.442179406070245,-29.61427933235018],[-58.44217940025569,-29.614279334608913]],[[-58.458801376999986,-29.63622252099998],[-58.537666581490356,-29.685474519057188],[-58.45880137299997,-29.63622252099998],[-58.366620743902125,-29.636238500289465],[-58.38677534399994,-29.635801684999933],[-58.458801376999986,-29.63622252099998]],[[-58.177817742999935,-29.61630209599997],[-58.225878603999945,-29.617675469999938],[-58.27142804225789,-29.61316769359676],[-58.21001646879865,-29.627712739001808],[-58.177817742999935,-29.61630209599997]],[[-58.18309288299997,-29.598856094999974],[-58.183092883033325,-29.59885609501649],[-58.17507266110443,-29.59852698396997],[-58.18309288299997,-29.598856094999974]],[[-58.14108344199997,-29.499263981999945],[-58.11298173399409,-29.545425904819425],[-58.13623498771098,-29.497311189357074],[-58.14108344199997,-29.499263981999945]],[[-58.10293120821178,-29.48389755859777],[-58.105178834465605,-29.484802826081133],[-58.089220315942576,-29.489064424678322],[-58.10293120821178,-29.48389755859777]],[[-58.02788411499995,-29.559640920999982],[-58.03942842099997,-29.632200637999972],[-58.017619482999976,-29.636058740999943],[-58.0086293455906,-29.606937306361296],[-58.03049291899998,-29.63257573599998],[-58.027884083999936,-29.559640919999936],[-57.97446498010845,-29.54414199924702],[-58.01437263254999,-29.509052504216637],[-57.97529223999999,-29.543668491999938],[-58.02788411499995,-29.559640920999982]],[[-58.03547625999994,-30.34468510299996],[-58.01851384199995,-30.328763072999948],[-58.024656737999976,-30.29158275599997],[-57.98969711199999,-30.229772326999978],[-58.01396514199996,-30.19666431199994],[-58.01116984799995,-30.12542370099993],[-58.01396515499994,-30.19666431299993],[-57.98969712599995,-30.229772327999967],[-58.02465675099995,-30.291582757999947],[-58.01851385699996,-30.328763072999948],[-58.03547627399996,-30.34468510199997],[-57.97944270099998,-30.365981784999974],[-58.070404415999974,-30.35885757099993],[-58.05834337132961,-30.373618897304205],[-57.97944268499998,-30.365981784999974],[-58.03547625999994,-30.34468510299996]],[[-58.03654696403278,-30.40029518357648],[-58.01154370199998,-30.45377977299995],[-57.99966833299993,-30.42064765699996],[-58.03654696403278,-30.40029518357648]],[[-58.28840131448675,-30.07751147607548],[-58.39141111099997,-30.063004262999982],[-58.33644317999995,-30.000910519999934],[-58.39141111599997,-30.063004262999982],[-58.28840131448675,-30.07751147607548]],[[-58.41376941058443,-30.1284626358812],[-58.429891504999944,-30.097600559999933],[-58.39012541999995,-30.08231805199995],[-58.283083173999955,-30.08068052799996],[-58.390125428999966,-30.08231805199995],[-58.42989151399996,-30.097600559999933],[-58.41376941058443,-30.1284626358812]],[[-58.47333466614055,-30.156897528574614],[-58.4830499989632,-30.127504353111114],[-58.483050006999974,-30.12750435299995],[-58.47333466614055,-30.156897528574614]],[[-58.400455131999934,-30.221665231999964],[-58.47640747999998,-30.17516390199995],[-58.54686388799996,-30.153055864999942],[-58.47640748799995,-30.17516390199995],[-58.400455131999934,-30.221665231999964]],[[-58.32244313502625,-30.21053262814534],[-58.32244256932888,-30.210532791200677],[-58.322443126999985,-30.210532626999964],[-58.32244313502625,-30.21053262814534]],[[-58.69365544599998,-28.688043139999934],[-58.69420629699994,-28.686954858999968],[-58.70482722496957,-28.746712501519788],[-58.69365544599998,-28.688043139999934]],[[-58.59142454499994,-29.694767146999936],[-58.59107769299993,-29.723338914999943],[-58.59142454199997,-29.694767146999936],[-58.617458985999974,-29.67798767499994],[-58.605647562999934,-29.642472681999948],[-58.61745898899994,-29.67798767499994],[-58.59142454499994,-29.694767146999936]],[[-58.35010970001417,-29.657823817923326],[-58.414589185999944,-29.652045749999957],[-58.414589188411725,-29.652045751071828],[-58.38373169107651,-29.672870895613226],[-58.35010970001417,-29.657823817923326]],[[-58.425048823791194,-29.7018856912237],[-58.429775020999955,-29.705089682999983],[-58.424806728843514,-29.708652791473632],[-58.425048823791194,-29.7018856912237]],[[-58.32478930599996,-29.71816425299994],[-58.39257524487455,-29.73176823437271],[-58.324789305070325,-29.718164253816823],[-58.32478930599996,-29.71816425299994]],[[-58.29698703599996,-29.74259452399997],[-58.36059151899997,-29.735159796999937],[-58.360591521312514,-29.735159797314076],[-58.29698703599996,-29.74259452399997]],[[-58.41254182199998,-29.742216750999944],[-58.41254181887093,-29.74221675057489],[-58.45261668572779,-29.722659171620815],[-58.41254182199998,-29.742216750999944]],[[-58.51815044499995,-29.746206658999938],[-58.51815044460534,-29.74620665885815],[-58.588522957279,-29.742376824148042],[-58.51815044499995,-29.746206658999938]],[[-58.674141590999966,-29.832302720999962],[-58.674141593999934,-29.832302720999962],[-58.719703495999966,-29.842570449999982],[-58.674141590999966,-29.832302720999962]],[[-58.535468185999946,-29.798714127999972],[-58.59735935908415,-29.829942322033297],[-58.535468182568366,-29.798714128286786],[-58.535468185999946,-29.798714127999972]],[[-58.436004810999975,-29.77621922999998],[-58.50301643427275,-29.801426465726408],[-58.43600480818441,-29.776219230445527],[-58.436004810999975,-29.77621922999998]],[[-58.49168263660413,-29.81697043475143],[-58.50442384415155,-29.81962690815623],[-58.49168263699994,-29.816970434999973],[-58.49168263660413,-29.81697043475143]],[[-58.437750937999965,-29.871436797999934],[-58.50844809533,-29.875217894857137],[-58.43775093748288,-29.871436798186213],[-58.437750937999965,-29.871436797999934]],[[-58.40804515808398,-29.914142445327478],[-58.38040654399998,-29.971399980999934],[-58.36757401783069,-29.927868034602724],[-58.385568803999945,-29.952232814999945],[-58.40804515808398,-29.914142445327478]],[[-58.45250057312052,-29.90618476225618],[-58.427373589999945,-29.916439321999974],[-58.422385659999975,-29.950270408999984],[-58.42737357799996,-29.916439320999928],[-58.45250057312052,-29.90618476225618]],[[-58.60565600599995,-30.032975440999962],[-58.68511634699996,-29.99409528999996],[-58.691359698999975,-29.970311350999964],[-58.685116354999934,-29.99409528999996],[-58.60565600599995,-30.032975440999962]],[[-58.75974838613519,-29.920683989396785],[-58.708901776763426,-29.9970716405489],[-58.759748384999966,-29.92068398799995],[-58.75974838613519,-29.920683989396785]],[[-58.507550622999986,-30.053456301999972],[-58.673053449301754,-30.10635478149832],[-58.50755062113359,-30.0534563036408],[-58.507550622999986,-30.053456301999972]],[[-58.424825521999935,-30.00743000799997],[-58.352647168424795,-29.969451867380496],[-58.424825529999964,-30.00743000799997],[-58.40528844199997,-30.03008241699996],[-58.454765658999975,-30.09986179599997],[-58.40528843399994,-30.03008241699996],[-58.424825521999935,-30.00743000799997]],[[-59.46978084999995,-29.854882441999962],[-59.46813720299997,-29.853716988999963],[-59.47154059199994,-29.854569933999983],[-59.46978084999995,-29.854882441999962]],[[-59.385739856999976,-29.784968875999937],[-59.416003728999954,-29.766971258999945],[-59.416003729119936,-29.766971259523277],[-59.385739856999976,-29.784968875999937]],[[-59.31382646099996,-29.77395542299996],[-59.317372241999976,-29.773271358999978],[-59.34230398599993,-29.795970840999928],[-59.31382646099996,-29.77395542299996]],[[-59.00169744599998,-29.486887691999982],[-58.96719696499997,-29.51658698199998],[-58.96719696448411,-29.516586981583224],[-59.00169744599998,-29.486887691999982]],[[-58.901390197999945,-29.422704607999947],[-58.87628721599998,-29.427304731999982],[-58.87628721587032,-29.427304731657234],[-58.901390197999945,-29.422704607999947]],[[-58.80506236399998,-29.28626830899998],[-58.80275675098606,-29.27833296952779],[-58.850614108622274,-29.328644517833713],[-58.80506236399998,-29.28626830899998]],[[-58.80242103888262,-29.277177532995445],[-58.84386736307701,-29.29392381958446],[-58.80250893799143,-29.277480059596193],[-58.80242103888262,-29.277177532995445]],[[-58.842589430999965,-29.25387879999994],[-58.800120757999935,-29.25236173199994],[-58.80204133957662,-29.275870703587263],[-58.78268070955189,-29.20923628978313],[-58.80012076299994,-29.25236173199994],[-58.842589430999965,-29.25387879999994]],[[-59.12475803099994,-30.116281380999965],[-59.17005447599996,-30.13298248999996],[-59.124758030726284,-30.11628138126777],[-59.12475803099994,-30.116281380999965]],[[-58.93850434899997,-30.00612819099996],[-58.98659941699998,-30.036278272999937],[-59.08419329199995,-30.15597864299997],[-58.986599414999944,-30.036278272999937],[-58.93850434899997,-30.00612819099996]],[[-58.865250534037,-29.97614185240716],[-58.90364105756768,-30.000648665789146],[-58.899174651619816,-30.003186408196946],[-58.865250534037,-29.97614185240716]],[[-58.83469881776407,-30.03902963631266],[-58.84848206451941,-30.032949695643268],[-58.838226505999955,-30.04033783799997],[-58.83469881776407,-30.03902963631266]],[[-58.796185278999985,-30.024747341999955],[-58.79618533325565,-30.02474736360339],[-58.79618527845774,-30.02474734328223],[-58.796185278999985,-30.024747341999955]],[[-58.7431238918931,-30.06143508822046],[-58.7778441433764,-30.068119334109827],[-58.77784414299998,-30.06811933499995],[-58.7431238918931,-30.06143508822046]],[[-58.78571074811781,-30.16997724244534],[-58.83698575783,-30.189691731109114],[-58.6646199374771,-30.142624287143267],[-58.78571074811781,-30.16997724244534]],[[-59.54373522399993,-30.311680981999928],[-59.500232027396635,-30.31933388690063],[-59.54326368399995,-30.308556661999944],[-59.54373522399993,-30.311680981999928]],[[-59.54591834599995,-30.18676080399996],[-59.555964733999986,-30.205694668999968],[-59.54347773599994,-30.188916309999968],[-59.54591834599995,-30.18676080399996]],[[-59.27293771099994,-30.10723186799993],[-59.275422290999984,-30.09976803899997],[-59.27810691499997,-30.10556097099993],[-59.27293771099994,-30.10723186799993]],[[-59.26038072699998,-30.31131645299996],[-59.317643279545685,-30.330653530456562],[-59.1819466096422,-30.29076023224448],[-59.26038072699998,-30.31131645299996]],[[-59.181946500786225,-30.29076017032293],[-59.07183274033151,-30.219267180473267],[-59.09313222999998,-30.230966129999956],[-59.181946500786225,-30.29076017032293]],[[-59.04094821587154,-30.202303558412975],[-58.967035093131976,-30.19830767647064],[-59.03210379099994,-30.197445672999947],[-59.04094821587154,-30.202303558412975]],[[-58.8991494353897,-30.205386148094366],[-58.89033954599995,-30.206501515999946],[-58.87103579331424,-30.200419624884756],[-58.8991494353897,-30.205386148094366]],[[-59.298901839999985,-30.177791439999964],[-59.3362389729846,-30.213179683185935],[-59.29977262096374,-30.181380077299174],[-59.298901839999985,-30.177791439999964]],[[-59.406670496999936,-30.300026223999964],[-59.31764329392154,-30.330653534682906],[-59.40667049599995,-30.300026223999964],[-59.37221034199996,-30.24701884999996],[-59.30543160099995,-30.204701701999966],[-59.30543159630408,-30.20470168264748],[-59.37221034399994,-30.24701884999996],[-59.406670496999936,-30.300026223999964]],[[-58.82184651199998,-29.98379838699998],[-58.865250523999975,-29.976141845999962],[-58.86525052443299,-29.976141846276377],[-58.82184651199998,-29.98379838699998]],[[-59.14806412499996,-29.74096373499998],[-59.15693428599997,-29.788270874999967],[-59.18236042799998,-29.794537657999967],[-59.15693428499998,-29.788270874999967],[-59.14806412499996,-29.74096373499998]],[[-58.93953482399996,-29.584606579999956],[-59.03444919227509,-29.782815470557967],[-58.939534821999985,-29.584606579999956],[-58.88864997999997,-29.54350813399998],[-58.87731016799995,-29.515126272999964],[-58.99703611999996,-29.573829272999944],[-59.10406269099997,-29.719940615999974],[-58.99703611899997,-29.573829272999944],[-58.88584171599996,-29.52004208099993],[-58.88864998099996,-29.54350813399998],[-58.93953482399996,-29.584606579999956]],[[-59.01100870099998,-29.77525997799995],[-58.975669927392126,-29.740480294196065],[-59.025430666051484,-29.77990856016232],[-59.01100870099998,-29.77525997799995]],[[-58.983243227999935,-28.998878456999932],[-58.96089756199996,-29.051031397999964],[-58.98636608299995,-29.055160969999974],[-58.96089756099997,-29.051031397999964],[-58.983243226999946,-28.998878456999932],[-58.914602585999944,-28.931939545999967],[-58.89831209799996,-28.88281515899996],[-58.936318064999966,-28.877449591999948],[-58.92231124399996,-28.829262305999976],[-58.94485523999998,-28.81449487499998],[-58.922311244999946,-28.829262305999976],[-58.936318065999956,-28.877449591999948],[-58.89831209899995,-28.88281515899996],[-58.91460258699993,-28.931939545999967],[-58.983243227999935,-28.998878456999932]],[[-59.02993331506878,-29.06750446373614],[-59.02993331499994,-29.067504463999967],[-58.98636608299995,-29.055160969999974],[-59.02993331506878,-29.06750446373614]],[[-58.70482726682514,-28.746712737016207],[-58.61908896799997,-28.720146557999954],[-58.622152686956326,-28.697387235324282],[-58.619088971999986,-28.720146557999954],[-58.70482726682514,-28.746712737016207]],[[-59.26691878299994,-29.31779352199993],[-59.26874896999993,-29.321517035999932],[-59.25934748499998,-29.32258898899994],[-59.26691878299994,-29.31779352199993]],[[-59.14364720799995,-29.175869450999983],[-59.131827889999954,-29.23501041399993],[-59.09256633799998,-29.24856971199995],[-59.131827888999965,-29.23501041399993],[-59.14364720799995,-29.175869450999983]],[[-58.945201158999964,-29.129662089999954],[-58.85063406499995,-29.030672193999976],[-58.82952992899993,-28.996901769999965],[-58.777704675687566,-28.978934718169953],[-58.82952992999998,-28.996901769999965],[-58.945201159999954,-29.129662089999954],[-58.99902933699997,-29.16845159299993],[-59.014955802999964,-29.203784217999953],[-59.077205218867505,-29.175547877178367],[-58.995776037999974,-29.215103502999966],[-59.014955801999974,-29.203784217999953],[-58.99902933599998,-29.16845159299993],[-58.945201158999964,-29.129662089999954]],[[-58.902877014999945,-29.168195793999928],[-58.934180899999944,-29.163865329999965],[-58.934180900427705,-29.1638653303558],[-58.902877014999945,-29.168195793999928]],[[-58.62628324099995,-28.761889001999975],[-58.69198174099995,-28.760187990999952],[-58.69198174111892,-28.760187991074545],[-58.62628324099995,-28.761889001999975]],[[-58.95877529721988,-29.334190704058052],[-58.88087226899995,-29.314778847999946],[-58.86078002399995,-29.227008980999983],[-58.744620779999934,-29.090997930999947],[-58.860780027999965,-29.227008980999983],[-58.880872272999966,-29.314778847999946],[-58.95877529721988,-29.334190704058052]],[[-58.975546924999946,-29.30497393299993],[-58.926827631567505,-29.29561603068521],[-58.92682763099998,-29.295616029999962],[-58.97554692799997,-29.30497393299993],[-59.007472304999965,-29.33161696299993],[-58.975546924999946,-29.30497393299993]],[[-59.03984151199995,-29.308951425999965],[-59.04923908799998,-29.338524247999942],[-59.02511656399997,-29.355217697999933],[-59.02433670099998,-29.388801030999957],[-59.06951801099996,-29.45669615099996],[-59.00470786699998,-29.46015224799993],[-59.06951800899998,-29.45669615099996],[-59.024336697999956,-29.388801030999957],[-59.02511656099995,-29.355217697999933],[-59.049239084999954,-29.338524247999942],[-59.039841509999974,-29.308951425999965],[-59.00730094599999,-29.300043977999962],[-59.03984151199995,-29.308951425999965]],[[-59.08908796399999,-29.076462210999978],[-59.06805535899997,-29.087723208999932],[-59.11047329499996,-29.13414864999993],[-59.06805535799998,-29.087723208999932],[-59.08908796399999,-29.076462210999978]],[[-58.22608529099995,-30.221389623999983],[-58.21001850699997,-30.27513709599998],[-58.17663720699994,-30.288806523999938],[-58.16110835099994,-30.340066398999966],[-58.122578535999935,-30.361249020999935],[-58.16110833799996,-30.340066399999955],[-58.176637193999966,-30.288806524999984],[-58.210018494999986,-30.27513709699997],[-58.22723852242474,-30.205766832524496],[-58.242350742999974,-30.206611476999967],[-58.22762794992518,-30.24853019678985],[-58.22608529099995,-30.221389623999983]],[[-58.20423942899998,-30.204481378999958],[-58.21488722163551,-30.20507649996056],[-58.16854612263643,-30.231917184458624],[-58.20423942899998,-30.204481378999958]],[[-58.176303946932876,-30.171278013055545],[-58.17475788699994,-30.19560959599994],[-58.14583862499995,-30.215012601999945],[-58.16854606299995,-30.231917218999968],[-58.14583860899995,-30.215012602999934],[-58.174757872999976,-30.19560959599994],[-58.176303946932876,-30.171278013055545]],[[-58.20687646899995,-30.173594252999976],[-58.26054147599996,-30.132805278999967],[-58.23766375399998,-30.10596063299994],[-58.260541487999944,-30.132805279999957],[-58.20687646899995,-30.173594252999976]],[[-58.15979028899994,-30.09461253199993],[-58.1904895264087,-30.11993506121279],[-58.15979027399993,-30.09461253199993],[-58.19350881030506,-30.07650808352076],[-58.15979028899994,-30.09461253199993]],[[-58.256679556999984,-30.00630893699997],[-58.22654209399997,-30.08653458799995],[-58.25667954499994,-30.00630893699997],[-58.16429027941006,-30.006030185807266],[-58.256679556999984,-30.00630893699997]],[[-58.166864376156056,-29.995408887157215],[-58.210146535514795,-29.970986811131354],[-58.24286833342109,-29.99082930870173],[-58.218101442999966,-29.98018002799995],[-58.166864376156056,-29.995408887157215]],[[-58.20213000987829,-29.910522731971795],[-58.19275202583117,-29.91025139128443],[-58.19275202599994,-29.910251390999974],[-58.20213000987829,-29.910522731971795]],[[-58.22894629163397,-29.799364718335635],[-58.224751407471565,-29.84607696106068],[-58.22894628399996,-29.79936469499995],[-58.22894629163397,-29.799364718335635]],[[-58.20014171898908,-29.826001875768686],[-58.218443462001865,-29.851360554581923],[-58.208618470999966,-29.85959005799998],[-58.20014171898908,-29.826001875768686]],[[-58.200141712450986,-29.826001866709582],[-58.19048259326641,-29.89278424015771],[-58.200141703999975,-29.82600185499996],[-58.200141712450986,-29.826001866709582]],[[-58.15791425799995,-29.886620138999945],[-58.170886080999935,-29.921114702999944],[-58.120755207999935,-30.004064348999975],[-58.170886070999984,-29.921114702999944],[-58.15791425799995,-29.886620138999945]],[[-58.09363238693712,-29.95157442658378],[-58.110816013167465,-30.023837312499023],[-58.09363236699994,-29.951574387999983],[-58.09363238693712,-29.95157442658378]],[[-58.03454148099996,-30.080780320999963],[-58.083633247999956,-30.07056590999997],[-58.079233292285195,-30.014492760634866],[-58.08363325999994,-30.07056590999997],[-58.03454149399994,-30.080780320999963],[-58.03570412799996,-30.131763011999965],[-58.03454148099996,-30.080780320999963]],[[-58.22790817357785,-30.253460275836083],[-58.294979157726985,-30.23992563568735],[-58.228377153999986,-30.261711222999963],[-58.22790817357785,-30.253460275836083]],[[-58.16738917073468,-30.295119460382328],[-58.08325881729717,-30.37708200338032],[-58.16738919199997,-30.295119428999953],[-58.16738917073468,-30.295119460382328]],[[-58.06242043799995,-30.285499605999973],[-58.11865007002527,-30.291417231634483],[-58.118650068999955,-30.291417234999983],[-58.06242043799995,-30.285499605999973]],[[-58.155629128945904,-30.24681323686902],[-58.11293966699998,-30.250303583999937],[-58.112939666625685,-30.250303583967685],[-58.155629128945904,-30.24681323686902]],[[-58.560244779260714,-29.88206295960673],[-58.56024480099995,-29.882062917999974],[-58.560244809816666,-29.88206292051386],[-58.560244779260714,-29.88206295960673]],[[-58.27278572499995,-29.900332786999968],[-58.262711293999985,-29.91078676199993],[-58.28791451699993,-29.950466394999978],[-58.24286836899995,-29.990829323999947],[-58.287914505999936,-29.950466394999978],[-58.26271128299999,-29.91078676199993],[-58.27278572499995,-29.900332786999968]],[[-58.44276818299994,-29.99078981599996],[-58.50548976599998,-29.986858637999944],[-58.505489859949364,-29.986858458190117],[-58.50548977599993,-29.986858638999934],[-58.44276818299994,-29.99078981599996]],[[-57.915269696999985,-29.495076986999948],[-57.90504216099998,-29.535122073999958],[-57.86568107083523,-29.598080324464934],[-57.91526965199995,-29.49507698499997],[-57.93952362699997,-29.472449514999937],[-57.93605124099997,-29.424792174999936],[-57.93952366999997,-29.472449515999983],[-57.915269696999985,-29.495076986999948]],[[-57.9757612715206,-29.371881958995754],[-57.962511801731566,-29.434280500716252],[-57.97576125799998,-29.37188183799998],[-57.9757612715206,-29.371881958995754]],[[-58.05785669199997,-29.393684303999976],[-58.08213317599996,-29.387045515999944],[-58.057856726999944,-29.393684304999965],[-58.02732039799997,-29.46545852099996],[-57.948526295999955,-29.524066067999968],[-57.989821028999984,-29.492656331999967],[-57.96521752216504,-29.466869021786096],[-57.989821036999956,-29.492656331999967],[-58.027320359999976,-29.46545851899998],[-58.05785669199997,-29.393684303999976]],[[-58.04832664699995,-29.482225188999962],[-58.048326647893084,-29.482225176934804],[-58.13312667633519,-29.456791564397555],[-58.04832664699995,-29.482225188999962]],[[-58.18312748512209,-28.579076033175983],[-58.18763913199996,-28.62251331999994],[-58.18312747999994,-28.579076031999932],[-58.18312748512209,-28.579076033175983]],[[-58.15488104599996,-28.56946701399994],[-58.10651973599994,-28.574096158999964],[-58.10651973582864,-28.57409615853776],[-58.15488104599996,-28.56946701399994]],[[-58.09289898399999,-28.53734342599995],[-58.05876918699994,-28.548305153999934],[-58.05876918533212,-28.54830515260854],[-58.09289898399999,-28.53734342599995]],[[-58.299247295999976,-29.378106740999954],[-58.29924729616524,-29.37810673990052],[-58.35631078024738,-29.365960713372978],[-58.299247295999976,-29.378106740999954]],[[-58.27687709618502,-29.329071792637336],[-58.30304323905424,-29.352854018140388],[-58.27814047499999,-29.34349081299996],[-58.27687709618502,-29.329071792637336]],[[-58.30922549462517,-29.276709010600378],[-58.275631107772156,-29.314851250006864],[-58.27536872199994,-29.31185662499996],[-58.30922549462517,-29.276709010600378]],[[-58.52889027752372,-29.363875061586718],[-58.510172579711664,-29.300280662417965],[-58.51017258199994,-29.30028065999994],[-58.52889027752372,-29.363875061586718]],[[-58.532152860999986,-29.263214672999936],[-58.575479475513205,-29.244876065021916],[-58.586800353999934,-29.255611089999945],[-58.532152863999954,-29.263214672999936],[-58.52626039199998,-29.284007801999962],[-58.49186891399995,-29.291206416999955],[-58.46250112399997,-29.32449483599993],[-58.48245187899994,-29.329573168999957],[-58.462501120999946,-29.32449483599993],[-58.49186891099998,-29.291206416999955],[-58.52626038899996,-29.284007801999962],[-58.532152860999986,-29.263214672999936]],[[-58.30922555024588,-29.276708952859046],[-58.33441376555621,-29.308774285888994],[-58.334413763999976,-29.308774288999928],[-58.30922555024588,-29.276708952859046]],[[-58.35355935299998,-29.27050193699995],[-58.37185955439375,-29.27448562521492],[-58.35355935260717,-29.270501937785184],[-58.35355935299998,-29.27050193699995]],[[-58.396004750999964,-29.226350771999932],[-58.4178363051363,-29.235191138840392],[-58.39600475032464,-29.22635077334622],[-58.396004750999964,-29.226350771999932]],[[-58.518941249804946,-29.1443371248079],[-58.515651598999966,-29.174835937999944],[-58.515651606820086,-29.174835950233497],[-58.51565159599994,-29.174835937999944],[-58.518941249804946,-29.1443371248079]],[[-57.86635359634745,-29.68703240223593],[-57.82506403988712,-29.71249191129032],[-57.86327482499996,-29.678246843999943],[-57.86635359634745,-29.68703240223593]],[[-57.771872739999935,-29.840392942999983],[-57.82772150799997,-29.80699272199996],[-57.83459451099998,-29.772851813999978],[-57.883348008999974,-29.735527555999965],[-57.86713881199995,-29.724568465999937],[-57.871275484496536,-29.70107746440011],[-57.88334801899998,-29.735527555999965],[-57.83459452699998,-29.772851813999978],[-57.82772152999996,-29.80699272299995],[-57.771872739999935,-29.840392942999983]],[[-57.796190310999975,-29.97027336499997],[-57.79787346599994,-29.968048004999957],[-57.80184938599996,-29.96796079799998],[-57.796190310999975,-29.97027336499997]],[[-58.016369442999974,-30.55659006099995],[-58.010255248999954,-30.52959859999993],[-58.032517352999946,-30.51181192799993],[-58.01025527899998,-30.529598600999975],[-58.016369442999974,-30.55659006099995]],[[-57.51523171699995,-29.985813194999935],[-57.52062473799998,-30.01234513299994],[-57.52062468399998,-30.01234514899994],[-57.51523171699995,-29.985813194999935]],[[-57.54259588299993,-29.961227648999966],[-57.52784448999995,-29.91214244799994],[-57.542595948999974,-29.961227651999934],[-57.524337282999966,-29.989262148999956],[-57.54259588299993,-29.961227648999966]],[[-57.70804867890772,-29.876942112970845],[-57.740222951999954,-29.87151988399995],[-57.75329518833272,-29.836874816418614],[-57.74022297699997,-29.87151988499994],[-57.70804867890772,-29.876942112970845]],[[-57.6202567100429,-29.482933519083883],[-57.663225517254055,-29.48485280410798],[-57.66322551799993,-29.484852804999946],[-57.6202567100429,-29.482933519083883]],[[-57.618027600002826,-29.71091119816021],[-57.67344561999994,-29.686323967999954],[-57.69651155794067,-29.634181036697576],[-57.67344568599998,-29.68632397099998],[-57.618027600002826,-29.71091119816021]],[[-57.71896797193223,-29.561418672917178],[-57.70885007399994,-29.571993909999946],[-57.73635263799997,-29.641279354999938],[-57.72130132899997,-29.67237556799995],[-57.774377845999936,-29.682700160999957],[-57.782709817999944,-29.704809865999948],[-57.73147812899998,-29.735034133999932],[-57.78270976099998,-29.70480986399997],[-57.77437778899997,-29.682700158999978],[-57.721301266999944,-29.67237556599997],[-57.73635257799998,-29.64127935199997],[-57.699240919999966,-29.557402295999964],[-57.71896797193223,-29.561418672917178]],[[-57.80287098976075,-29.545763549381128],[-57.77126666063843,-29.552380627303904],[-57.80287101399995,-29.545763530999977],[-57.80287098976075,-29.545763549381128]],[[-57.85571279399994,-29.644067047999954],[-57.847192603999986,-29.59546312799995],[-57.85571284399998,-29.644067049999933],[-57.83534396358633,-29.675170099415627],[-57.85571279399994,-29.644067047999954]],[[-57.57471062299999,-29.55284764499993],[-57.54029054199998,-29.55450598599998],[-57.574710547999985,-29.55284764199996],[-57.59600894899995,-29.53165671599993],[-57.60784049499995,-29.475984514999936],[-57.63933217399995,-29.45627983199995],[-57.60784056499995,-29.47598451799996],[-57.59600901999994,-29.531656717999965],[-57.57471062299999,-29.55284764499993]],[[-57.61451848099995,-29.334844961999977],[-57.61929582876336,-29.332535607975203],[-57.598455432971384,-29.366878007009138],[-57.61451848099995,-29.334844961999977]],[[-57.733793366999976,-29.52164369999997],[-57.75739755699993,-29.52125203199995],[-57.73228427176413,-29.54750046295598],[-57.733793366999976,-29.52164369999997]],[[-57.89319113197227,-29.193604816715364],[-57.893600797999966,-29.189085141999954],[-57.92163562826253,-29.16842156560814],[-57.89319113197227,-29.193604816715364]],[[-57.4623609634,-27.56730845672842],[-57.470687872729364,-27.531826106936435],[-57.47892172899998,-27.544028225999966],[-57.4623609634,-27.56730845672842]],[[-57.398262657999965,-27.49976623899994],[-57.35898699599994,-27.483122868999942],[-57.28572346358445,-27.509953375573573],[-57.35032108399997,-27.474312447999978],[-57.39826267199999,-27.49976623799995],[-57.43204125167306,-27.568909437330763],[-57.398262657999965,-27.49976623899994]],[[-57.33554521999997,-27.56823899099993],[-57.33383650454733,-27.562737612037782],[-57.40017306321404,-27.61482371189492],[-57.33554521999997,-27.56823899099993]],[[-57.30281940399993,-27.856716491999975],[-57.41941521199993,-28.056511951999937],[-57.40534686199993,-28.092150327999946],[-57.34459968599998,-28.013980756999956],[-57.300521782999965,-27.883259565999936],[-57.24514236099998,-27.843604573999983],[-57.19089375799996,-27.82987090399996],[-57.13090637199997,-27.837185258999966],[-57.17402734099994,-27.808339918999934],[-57.30281940399993,-27.856716491999975]],[[-57.4001732150077,-27.61482382131007],[-57.38975930299995,-27.586266430999956],[-57.41410633899994,-27.56433786699995],[-57.38975931699997,-27.586266430999956],[-57.4001732150077,-27.61482382131007]],[[-57.87169155999993,-27.914822259999937],[-58.08860717899995,-28.03670527199995],[-58.09611549299996,-28.06444867299996],[-58.08860717399995,-28.03670527199995],[-57.99679910699996,-27.991212831999974],[-57.87169155299995,-27.914822259999937],[-57.838475348999964,-27.86399404399998],[-57.79409316899995,-27.85969526799994],[-57.747136169999976,-27.807271225999955],[-57.7612795045103,-27.80183500172566],[-57.74713617899994,-27.807271225999955],[-57.79409317699998,-27.85969526799994],[-57.838475356999936,-27.86399404399998],[-57.87169155999993,-27.914822259999937]],[[-57.83697668387067,-27.97086783410512],[-57.84317300299995,-27.957383764999975],[-57.79975685499994,-27.928313152999976],[-57.810136324999974,-27.913442566999947],[-57.79975686199998,-27.928313152999976],[-57.84317300999999,-27.957383764999975],[-57.83697668387067,-27.97086783410512]],[[-57.67961598568738,-27.852412616667944],[-57.660267733999945,-27.843892237999967],[-57.652395254256035,-27.797462640589465],[-57.663654737999934,-27.83113088099998],[-57.67961598568738,-27.852412616667944]],[[-57.8654071147983,-27.973029586923527],[-57.84629093577134,-27.9180853920913],[-57.86540712599998,-27.97302959899997],[-57.8654071147983,-27.973029586923527]],[[-56.63039543899998,-28.51224256699993],[-56.64055337399998,-28.50226973799994],[-56.64055341399995,-28.502269743999932],[-56.63039543899998,-28.51224256699993]],[[-56.69774567999997,-28.43472658299993],[-56.66511887799999,-28.35816127099997],[-56.697745718999954,-28.434726583999975],[-56.69938759499996,-28.469156603999977],[-56.681822748999934,-28.49984763799995],[-56.69774567999997,-28.43472658299993]],[[-56.706850713999984,-28.632746717999964],[-56.69525507099996,-28.639960808999945],[-56.70685067499994,-28.63274671599993],[-56.706850713999984,-28.632746717999964]],[[-56.66441471999997,-29.05460691899998],[-56.69081183099996,-29.070958446999953],[-56.69081182299993,-29.07095847499994],[-56.66441471999997,-29.05460691899998]],[[-57.312660334294016,-29.707350285553115],[-57.260634538999966,-29.724419917999967],[-57.25674940392497,-29.71606688366355],[-57.312660334294016,-29.707350285553115]],[[-57.25139687909735,-29.704558963653398],[-57.24921859999995,-29.699875666999958],[-57.27815402999994,-29.647821584999974],[-57.25139687909735,-29.704558963653398]],[[-57.19074189599996,-29.743022458999974],[-57.19074179699999,-29.743022458999974],[-57.182644180999944,-29.71575136699994],[-57.19074189599996,-29.743022458999974]],[[-57.11278946799996,-29.69677986399995],[-57.112789358999976,-29.69677986499994],[-57.178749298999946,-29.64255749199998],[-57.11278946799996,-29.69677986399995]],[[-57.31266058799997,-29.707350245999976],[-57.31256608599995,-29.708377627999937],[-57.312660587858716,-29.707350246022],[-57.31266058799997,-29.707350245999976]],[[-57.01150648399994,-29.084290365999948],[-56.992819707999956,-29.08570491399996],[-56.94052320399999,-29.143355249999956],[-56.992819589999954,-29.085704909999947],[-57.01150648399994,-29.084290365999948]],[[-57.02493695399994,-29.11616446299996],[-57.044510368999966,-29.16525882899998],[-57.025982296999985,-29.172692665999932],[-57.04451025599997,-29.165258824999967],[-57.02493695399994,-29.11616446299996]],[[-57.000544668999964,-29.168963792999932],[-56.98354604899998,-29.189369298999964],[-57.03753650899995,-29.21556693399998],[-56.983545926999966,-29.18936929399996],[-57.000544668999964,-29.168963792999932]],[[-56.96365257599996,-29.149739444999966],[-56.95243986599996,-29.181719071999964],[-56.90874754799995,-29.19814132099998],[-56.952439770999945,-29.18171906799995],[-56.96365257599996,-29.149739444999966]],[[-56.99802160599995,-29.033476187999952],[-56.91471143699994,-29.063258720999954],[-56.86361070199996,-29.104106953999974],[-56.91471133899995,-29.06325871699994],[-56.99802160599995,-29.033476187999952]],[[-56.91239669799995,-29.24806128399996],[-56.91381188399998,-29.215836045999936],[-56.879931589999956,-29.206367633999946],[-56.91381201799999,-29.21583605199993],[-56.91239669799995,-29.24806128399996]],[[-56.86272907599994,-29.296414397999968],[-56.85807588599994,-29.32775778699994],[-56.858076656745425,-29.3277628577546],[-56.85807584999998,-29.32775778599995],[-56.86272907599994,-29.296414397999968]],[[-56.932597758999975,-29.507503259999964],[-56.968621489999975,-29.47713678399998],[-56.962844265999934,-29.45024581599995],[-56.96862158699997,-29.47713678799994],[-56.932597758999975,-29.507503259999964]],[[-57.00007373599993,-29.419488559999934],[-57.08810672399994,-29.35659402899995],[-57.07935619899996,-29.371239698999943],[-57.00007376699995,-29.41948856099998],[-57.00919576299998,-29.442700636999973],[-57.00007373599993,-29.419488559999934]],[[-57.14229357199997,-29.655332950999934],[-57.142293474999974,-29.655332977999933],[-57.13367501299996,-29.639159913999947],[-57.14229357199997,-29.655332950999934]],[[-56.99277089299994,-29.520189856999934],[-57.067100617999984,-29.57759824799996],[-57.11343458399995,-29.640814856999953],[-57.06710050199996,-29.577598242999954],[-56.99277076699997,-29.52018985099994],[-56.985435751999944,-29.49418103499994],[-56.98543754982384,-29.49417928690503],[-56.99277089299994,-29.520189856999934]],[[-56.81726369399996,-29.466670352999984],[-56.83900412299994,-29.456739399999947],[-56.83254999199994,-29.35160839399998],[-56.83900423599994,-29.45673940399996],[-56.81726369399996,-29.466670352999984]],[[-56.58039619699997,-28.898988875999976],[-56.62336119799994,-28.94141100199994],[-56.60251168899998,-28.973373193999976],[-56.62336115299996,-28.94141099999996],[-56.58039619699997,-28.898988875999976]],[[-56.64299584999998,-28.81166337199994],[-56.658579833999966,-28.770442942999978],[-56.64000755099994,-28.756731676999948],[-56.658579876999966,-28.770442944999957],[-56.64299589299998,-28.81166337299993],[-56.651231190999965,-28.864500686999975],[-56.63467926399994,-28.897519380999938],[-56.651231147999965,-28.86450068599993],[-56.64299584999998,-28.81166337199994]],[[-56.591677629999936,-28.75029656499993],[-56.594027720999975,-28.752266576999943],[-56.59402768699994,-28.752266584999973],[-56.591677629999936,-28.75029656499993]],[[-56.63279016399997,-28.670146493999937],[-56.63374747299997,-28.63374037999995],[-56.58733012199997,-28.56829493099997],[-56.63374751599997,-28.633740381999928],[-56.66274491799999,-28.73513029399993],[-56.648709286999974,-28.744088216999955],[-56.66274487599998,-28.73513029199995],[-56.63279016399997,-28.670146493999937]],[[-56.62288169699997,-28.737189369999953],[-56.627595475999954,-28.73439489699996],[-56.62747880399996,-28.74073053899997],[-56.62288169699997,-28.737189369999953]],[[-56.50376660599994,-27.567968552999957],[-56.49944862211734,-27.599431340442614],[-56.504903570472344,-27.546505275334688],[-56.50376660599994,-27.567968552999957]],[[-56.55930440099996,-28.14528196599997],[-56.55930444499995,-28.14528196499998],[-56.50983999595706,-28.16413670167511],[-56.55930440099996,-28.14528196599997]],[[-56.41465854621116,-28.021152292505114],[-56.430367451999984,-27.987222218999932],[-56.41465857899993,-28.021152334999954],[-56.41465854621116,-28.021152292505114]],[[-56.34478500458365,-27.90087076349137],[-56.384257391523896,-27.87723108680673],[-56.38227740699995,-27.885715623999943],[-56.34478500458365,-27.90087076349137]],[[-56.29913355973215,-27.867157563900854],[-56.29913305599996,-27.867157858999974],[-56.29913304231165,-27.86715783436057],[-56.29913355973215,-27.867157563900854]],[[-56.30807725388007,-27.816386147126195],[-56.308077253999954,-27.816386146999946],[-56.308954323999956,-27.818163411999933],[-56.30807725388007,-27.816386147126195]],[[-56.32322042699997,-27.79515654399995],[-56.32391563899995,-27.79982565299997],[-56.292246986531715,-27.80748499346892],[-56.32322042699997,-27.79515654399995]],[[-56.26855136179793,-27.77909747295594],[-56.268551360999936,-27.779097471999933],[-56.27046058099995,-27.78090563099994],[-56.26855136179793,-27.77909747295594]],[[-56.26145698199997,-27.743589568999937],[-56.24701495499994,-27.737188128999946],[-56.25859299217074,-27.70456290559365],[-56.26145698199997,-27.743589568999937]],[[-56.264543463552194,-27.668866618638674],[-56.27112598439126,-27.61678875948952],[-56.27743990999994,-27.631054504999952],[-56.264543463552194,-27.668866618638674]],[[-56.26568683477084,-27.60449949143551],[-56.2075716247007,-27.585642714888003],[-56.26398090899994,-27.600645105999945],[-56.26568683477084,-27.60449949143551]],[[-56.16740304399997,-27.569368878999967],[-56.13610900799995,-27.587967310999943],[-56.09229939599999,-27.587038838999945],[-56.10686554799997,-27.614768630999947],[-56.08657515734009,-27.65004820666987],[-56.106865478999964,-27.61476862899997],[-56.09229932599993,-27.587038836999966],[-56.136108941999964,-27.587967308999964],[-56.16740297999996,-27.569368877999977],[-56.13433637299994,-27.53486412999996],[-56.17538295299994,-27.526035613999966],[-56.20756923619667,-27.585638809911867],[-56.17473417599996,-27.526593799999944],[-56.13433643899998,-27.53486413199994],[-56.16740304399997,-27.569368878999967]],[[-56.06168013316473,-27.582879822115316],[-56.08657515508439,-27.650048206529654],[-56.06514290599995,-27.648715968999966],[-56.07943461799994,-27.63595789599998],[-56.06168013316473,-27.582879822115316]],[[-55.98129581599994,-27.80953988799996],[-55.950403181999945,-27.849851419999936],[-56.00956997399999,-27.794841425999948],[-55.98129581599994,-27.80953988799996]],[[-56.12924909099996,-27.685791620999964],[-56.131423095042535,-27.669160051471927],[-56.1343867836855,-27.669217708874207],[-56.12924909099996,-27.685791620999964]],[[-56.22598706599996,-27.663563414999942],[-56.248969769999974,-27.686019314999953],[-56.22808316499999,-27.75208256899998],[-56.19645457099995,-27.760480942999948],[-56.22808310399995,-27.752082567999935],[-56.24896970999998,-27.686019312999974],[-56.22598700499998,-27.663563413999952],[-56.25569351399997,-27.622881957999937],[-56.184488606660516,-27.595070706709468],[-56.255693571999984,-27.622881959999972],[-56.22598706599996,-27.663563414999942]],[[-56.168608922999965,-27.707968772999948],[-56.15471483799996,-27.725926406999974],[-56.143306458297765,-27.696367591821037],[-56.168608922999965,-27.707968772999948]],[[-56.12398052799995,-27.87111562599995],[-56.12350054099994,-27.87115528499993],[-56.200746381716115,-27.796415311998384],[-56.12398052799995,-27.87111562599995]],[[-56.247640031999936,-27.863490224999964],[-56.252984484999956,-27.826959595999938],[-56.227206976674125,-27.79035604373705],[-56.25298454599994,-27.826959597999974],[-56.247640031999936,-27.863490224999964]],[[-56.183437562999984,-27.86334198999998],[-56.20287835399995,-27.83948536799994],[-56.18343504447357,-27.86334297600768],[-56.183437562999984,-27.86334198999998]],[[-56.22105074199993,-27.892857764999974],[-56.202822326512724,-27.87264370509362],[-56.221050787463156,-27.892857747552856],[-56.22105074199993,-27.892857764999974]],[[-56.314419433999944,-27.92753701199996],[-56.29111026551999,-27.96352734847683],[-56.31441937699998,-27.92753700999998],[-56.30618750499997,-27.883872235999945],[-56.25103784826709,-27.881349839664942],[-56.306187561999934,-27.88387223799998],[-56.314419433999944,-27.92753701199996]],[[-56.23755791999997,-27.931725444999984],[-56.19257134299994,-27.949047788999962],[-56.19257127895225,-27.949047786633294],[-56.23755791999997,-27.931725444999984]],[[-56.19190001528497,-27.9490229823237],[-56.06968992199995,-27.944507115999954],[-56.069690020734704,-27.94450704648231],[-56.19190001528497,-27.9490229823237]],[[-56.08061811199997,-28.064432832999955],[-56.1173682655215,-28.06165460169847],[-56.080618126498386,-28.064432846058896],[-56.08061811199997,-28.064432832999955]],[[-56.153561399999944,-28.082106283999963],[-56.153561330999935,-28.082106281999984],[-56.138896041244166,-28.06002714889534],[-56.153561399999944,-28.082106283999963]],[[-56.17160058799993,-28.228816626999958],[-56.17992689499994,-28.194219395999937],[-56.214619816498015,-28.17692156645021],[-56.17992716499998,-28.194219402999977],[-56.17160058799993,-28.228816626999958]],[[-56.227936512999975,-28.190858205999973],[-56.217737590999945,-28.22308070799994],[-56.22793632199995,-28.19085820099997],[-56.26173252199993,-28.17277609599995],[-56.227936512999975,-28.190858205999973]],[[-56.361007950999976,-28.30874160999997],[-56.36427622799994,-28.28442705799995],[-56.36100800699995,-28.30874161199995],[-56.32355227099998,-28.348680874999957],[-56.361007950999976,-28.30874160999997]],[[-56.427095906999966,-28.31708169899997],[-56.40149529099995,-28.28033602199997],[-56.427095959999974,-28.31708170099995],[-56.407489804999955,-28.355742396999972],[-56.427095906999966,-28.31708169899997]],[[-56.3942411199276,-28.393300364737787],[-56.39523491399996,-28.396958411999947],[-56.39313341795435,-28.40022097064891],[-56.3942411199276,-28.393300364737787]],[[-56.323125936999986,-28.52178889499993],[-56.32414644499994,-28.544799630999933],[-56.32312587599995,-28.52178889299995],[-56.36038418499999,-28.48070865099993],[-56.36249136099997,-28.447792469999968],[-56.36249151804712,-28.447792316677354],[-56.36038424199995,-28.480708652999965],[-56.323125936999986,-28.52178889499993]],[[-56.22036586099995,-28.490420467999968],[-56.273945640999955,-28.405131775999962],[-56.22036592899997,-28.490420469999947],[-56.223701190999975,-28.543451699999935],[-56.22036586099995,-28.490420467999968]],[[-56.21620033199997,-28.362804438999945],[-56.24050416299997,-28.33752439999995],[-56.18878000299998,-28.429414467999948],[-56.21620033199997,-28.362804438999945]],[[-56.18509867199998,-28.29005226299995],[-56.17403689399998,-28.284028921999948],[-56.18509874499995,-28.290052156999934],[-56.18509867199998,-28.29005226299995]],[[-56.12914749799995,-28.30102330099993],[-56.16520412999995,-28.23909895099996],[-56.12914771399994,-28.301023305999934],[-56.14382163499994,-28.34885408499997],[-56.139187951999986,-28.383601151999983],[-56.16767766399994,-28.42648358699995],[-56.13918773599994,-28.38360114799997],[-56.12914749799995,-28.30102330099993]],[[-56.16930213499995,-28.44877647499993],[-56.143349901999954,-28.43833983999997],[-56.16930220599994,-28.448776477999957],[-56.16814195899997,-28.47728647699995],[-56.16930213499995,-28.44877647499993]],[[-56.05780436599997,-28.522306337999964],[-56.06028914199993,-28.521590768999943],[-56.057804379999936,-28.522306363999974],[-56.05780436599997,-28.522306337999964]],[[-56.54568892899994,-28.96355952999994],[-56.509672604999935,-28.89089258499996],[-56.54568897499996,-28.96355957399993],[-56.54568892899994,-28.96355952999994]],[[-56.46809791399994,-28.997235736999983],[-56.46549321499998,-28.999443190999955],[-56.464415831999986,-28.952108831999965],[-56.46809791399994,-28.997235736999983]],[[-56.477935522999985,-28.496173451999937],[-56.51436783499997,-28.540961353999933],[-56.51349865299994,-28.540386901999966],[-56.477935522999985,-28.496173451999937]],[[-56.37093614499997,-28.745998379999946],[-56.33138925199995,-28.77146121399994],[-56.37093608599997,-28.745998377999967],[-56.405145285999936,-28.68471901299995],[-56.44060844499995,-28.65183894499995],[-56.37093614499997,-28.745998379999946]],[[-56.47232166699996,-28.623457300999974],[-56.46654828099997,-28.57812770099997],[-56.47232171899998,-28.623457302999952],[-56.45216207899995,-28.651554123999972],[-56.47232166699996,-28.623457300999974]],[[-56.40245341399998,-28.55457901799997],[-56.38959273199998,-28.570303086999957],[-56.38365523599998,-28.563545159999933],[-56.40245341399998,-28.55457901799997]],[[-56.359519604999946,-28.521337766999977],[-56.39294618707707,-28.532991574411195],[-56.39294619299994,-28.532991593999952],[-56.359519604999946,-28.521337766999977]],[[-56.15442367999998,-28.477036767999948],[-56.15089052899998,-28.49169728399994],[-56.188883353999984,-28.51634568399993],[-56.18504498999994,-28.54554195399993],[-56.188883283999985,-28.51634568199995],[-56.150890455999956,-28.491697280999972],[-56.15442367999998,-28.477036767999948]],[[-56.55337763299997,-28.535989951999966],[-56.57090412399998,-28.548963070999946],[-56.53525687999996,-28.539952368999934],[-56.55337763299997,-28.535989951999966]],[[-56.49676351399995,-28.387182620999965],[-56.49791733999996,-28.338695749999943],[-56.496763562999945,-28.387182622999944],[-56.53618010799994,-28.44745076099997],[-56.52755293399997,-28.485734777999937],[-56.53618006099998,-28.447450758999935],[-56.49676351399995,-28.387182620999965]],[[-56.46427541199995,-28.221521718999952],[-56.49881926299997,-28.293949286999975],[-56.480234113999984,-28.326242909999962],[-56.49881921499997,-28.29394928599993],[-56.46427541199995,-28.221521718999952]],[[-56.152268208561566,-28.060629948722994],[-56.152268023999966,-28.060629951999942],[-56.152268022950445,-28.060629949657756],[-56.152268208561566,-28.060629948722994]],[[-56.20639632999996,-27.98915717999995],[-56.13224451862698,-27.957218557098123],[-56.206396354892895,-27.98915716472504],[-56.20639632999996,-27.98915717999995]],[[-56.27922479999995,-27.98817418799996],[-56.24071434028417,-27.968098852393425],[-56.279224829308085,-27.988174173521706],[-56.27922479999995,-27.98817418799996]],[[-56.396803440999975,-28.04844320199993],[-56.410649353999986,-28.13553374399993],[-56.396803388999956,-28.04844319999995],[-56.37452215899998,-28.00669066399996],[-56.32604476054946,-27.96504509651253],[-56.37452221299998,-28.00669066599994],[-56.396803440999975,-28.04844320199993]],[[-56.472911832999955,-28.20486922899994],[-56.41839733799998,-28.136543505999953],[-56.47366091099997,-28.22173207299994],[-56.472911832999955,-28.20486922899994]],[[-56.19255332993401,-27.648868452435913],[-56.19255381099998,-27.64886827999993],[-56.192553882176426,-27.64886832973245],[-56.19255332993401,-27.648868452435913]],[[-56.061677223999936,-27.582871972999953],[-56.03652470199995,-27.588465516999975],[-56.03652463276133,-27.58846545646186],[-56.061677223999936,-27.582871972999953]],[[-56.02825797702592,-27.581237586710735],[-56.05415620048146,-27.524950177304756],[-56.03652446457356,-27.588465309408523],[-56.02825797702592,-27.581237586710735]],[[-56.044864478999955,-28.230596870999932],[-56.100916912999935,-28.20759389699998],[-56.04486471399997,-28.23059688099994],[-55.966788882999936,-28.33491124799997],[-55.95730618799996,-28.400702297999942],[-55.93059129899996,-28.462101467999958],[-55.96250359099997,-28.48681759699997],[-55.930591023999966,-28.462101453999935],[-55.966788623999946,-28.33491124699998],[-56.044864478999955,-28.230596870999932]],[[-55.99491838299997,-28.15524443299995],[-56.00578317299994,-28.11970169899996],[-55.99491862999997,-28.155244444999937],[-55.950584367999966,-28.202362131999962],[-55.96304978099994,-28.215953197999966],[-55.906283336999934,-28.322475080999936],[-55.90053425799994,-28.363046646999976],[-55.923078345999954,-28.396159474999934],[-55.90053397999998,-28.36304664399995],[-55.90628306199994,-28.322475080999936],[-55.963049523999985,-28.215953189999937],[-55.95058410799999,-28.202362122999943],[-55.99491838299997,-28.15524443299995]],[[-55.70649438099997,-28.367534535999937],[-55.71649449999995,-28.39464772799994],[-55.70649403099998,-28.367534509999928],[-55.726131375999955,-28.32190727899996],[-55.77967807999994,-28.28602804199994],[-55.726131719999955,-28.321907305999957],[-55.70649438099997,-28.367534535999937]],[[-55.802299380999955,-28.237274141999933],[-55.845559840999954,-28.20016198099995],[-55.80229968499998,-28.237274137999975],[-55.814291587999946,-28.261828340999955],[-55.802299380999955,-28.237274141999933]],[[-55.737318614999936,-28.22069272599998],[-55.774830993999956,-28.231574915999943],[-55.73731829099995,-28.220692733999954],[-55.732701523999935,-28.15793992099998],[-55.77761384899998,-28.118643627999973],[-55.73270184799998,-28.157939924999937],[-55.737318614999936,-28.22069272599998]],[[-55.91130481199997,-27.997726307999983],[-55.88300594899994,-28.04427299899993],[-55.911304549999954,-27.99772629299997],[-55.93733346099998,-27.985933882999973],[-55.930620498999986,-27.954549166999982],[-55.937333714999966,-27.985933897999928],[-55.91130481199997,-27.997726307999983]],[[-56.37891677299996,-27.640975434999973],[-56.376132866838226,-27.639701586012215],[-56.44215498248727,-27.60248743917842],[-56.37891677299996,-27.640975434999973]],[[-56.36139483759626,-27.632957815733786],[-56.344883084999935,-27.62540243199993],[-56.31998897016047,-27.586904077075364],[-56.36139483759626,-27.632957815733786]],[[-56.29740784866541,-27.551982729780313],[-56.28349717908442,-27.530470099256156],[-56.29085139799997,-27.535739561999947],[-56.29740784866541,-27.551982729780313]],[[-56.227301209841144,-27.490204427309365],[-56.22498493419469,-27.491041274025523],[-56.22396765626319,-27.487815861428317],[-56.227301209841144,-27.490204427309365]],[[-56.189173923838055,-27.503979426039066],[-56.185649738999984,-27.505252677999977],[-56.11977815069904,-27.519036237697232],[-56.189173923838055,-27.503979426039066]],[[-56.10201254999998,-27.533877771999983],[-56.05415679599997,-27.52494888299998],[-56.10201258305847,-27.53387774437438],[-56.10201254999998,-27.533877771999983]],[[-56.21144174699998,-27.47709205299998],[-56.252007862070556,-27.458742179082762],[-56.21155418774994,-27.47838788562425],[-56.14479519298893,-27.45037359726933],[-56.21144174699998,-27.47709205299998]],[[-56.06643017170036,-27.421254868383986],[-56.10931363499998,-27.414278830999933],[-56.10931363590698,-27.414278833675816],[-56.06643017170036,-27.421254868383986]],[[-56.14479490023402,-27.450373479904535],[-56.12759322499994,-27.46820817899993],[-56.12759322032842,-27.468208165217778],[-56.14479490023402,-27.450373479904535]]],[[[-57.51171306699996,-28.437358677999953],[-57.63978042499997,-28.54954274199997],[-57.70806674099998,-28.551530541999966],[-57.74276562999995,-28.58979377399993],[-57.86018582199995,-28.599872325999968],[-58.034086136999974,-28.667324150999946],[-58.011289089999934,-28.63404451599996],[-57.92801205999996,-28.594110014999956],[-57.86347409999996,-28.57752481199998],[-57.735467125999946,-28.511439932999963],[-57.70082383899995,-28.50941616999995],[-57.64184751799996,-28.465623652999966],[-57.615594216999966,-28.420946347999973],[-57.625287259999936,-28.40141608299996],[-57.56991357399994,-28.36552085699998],[-57.57580900399995,-28.39566214499996],[-57.55980044499995,-28.42347539499997],[-57.51171306699996,-28.437358677999953]]],[[[-57.325698546999945,-28.336810138999965],[-57.42215303499995,-28.428175892999946],[-57.466970791999984,-28.42371931899993],[-57.46235433199996,-28.401495738999984],[-57.508939184999974,-28.41181027099998],[-57.31965017599998,-28.315877443999966],[-57.23245749299997,-28.212581326999953],[-57.10205645399998,-28.128687359999958],[-57.01806665199996,-28.131729934999953],[-56.90311055799998,-28.038735617999976],[-56.869530623999935,-28.04480580799998],[-56.85397402399997,-27.953786726999965],[-56.83746101999998,-27.940020924999942],[-56.83820154999995,-28.052621423999938],[-56.87714479199997,-28.126519213999984],[-57.008537600999944,-28.21137582999995],[-57.09439460999994,-28.206191153999953],[-57.141937791999965,-28.266383648999977],[-57.325698546999945,-28.336810138999965]]]]}},{"type":"Feature","properties":{"PROV":"Chubut"},"geometry":{"type":"Polygon","coordinates":[[[-71.76814460799994,-45.84634971599996],[-71.74226188699998,-45.80756378199993],[-71.79629325899998,-45.71042442299995],[-71.77244186399997,-45.68124198899994],[-71.79476165799997,-45.66661834699994],[-71.72932814199999,-45.577728794999985],[-71.76379394499997,-45.56433539599993],[-71.74412727399994,-45.541629790999934],[-71.67700195299994,-45.51580810499996],[-71.56067466699994,-45.52370834399994],[-71.46863365199994,-45.49475860599995],[-71.50797843899994,-45.46092605599995],[-71.52882766699997,-45.391590117999954],[-71.45380783099995,-45.38615989699997],[-71.44817924499995,-45.36797141999995],[-71.33228492699999,-45.31980133099995],[-71.31942558299994,-45.29141998299997],[-71.34950828599995,-45.267868041999975],[-71.33048629799998,-45.249412536999955],[-71.41697120699996,-45.176214217999984],[-71.41609954799998,-45.15806961099997],[-71.46916580199996,-45.148710250999954],[-71.49188232399996,-45.10760497999996],[-71.52529716499998,-45.10390472399996],[-71.50557708699995,-45.06812667799994],[-71.55504301199994,-45.024736358999974],[-71.55950927699996,-44.977216720999934],[-71.68442391799994,-44.96837989299996],[-71.64002127632814,-44.94518582025891],[-71.68442491599995,-44.96837943799994],[-71.74340820299994,-44.95721435499996],[-71.81219482399996,-44.92028808599997],[-71.88378906299994,-44.94500732399996],[-71.93347549399994,-44.942371367999954],[-71.99859619099993,-44.898010253999985],[-72.03920745799996,-44.901563643999964],[-72.06469726599994,-44.87487792999997],[-72.02698326099994,-44.80582427999997],[-72.07391929599999,-44.78107261699995],[-72.05731201199995,-44.75640869099993],[-71.92750358599994,-44.804035186999954],[-71.92284393299997,-44.778095244999975],[-71.85028076199995,-44.80029296899994],[-71.78887939499998,-44.753295897999976],[-71.68548583999996,-44.76580810499996],[-71.67025566099994,-44.787765502999946],[-71.61444663999998,-44.77774047899993],[-71.57022758610063,-44.81643370801358],[-71.61471507699997,-44.777488939999955],[-71.58239746099997,-44.75268554699994],[-71.48239578599998,-44.73736238499998],[-71.39678955099998,-44.78869628899997],[-71.32891845699999,-44.80792236299993],[-71.24871826199995,-44.79748535199997],[-71.20889663699995,-44.75255775499994],[-71.21469116199995,-44.71458244299998],[-71.19643592799997,-44.68430137599995],[-71.22826546599998,-44.65590134499996],[-71.19460487399994,-44.59965324399997],[-71.09733200099998,-44.58756065399996],[-71.09113693199998,-44.533061980999946],[-71.16378974899999,-44.50104904199998],[-71.12921142599998,-44.47209930399998],[-71.17151832599995,-44.43945312499994],[-71.22325324999997,-44.43625640899995],[-71.24053238699997,-44.41029764299998],[-71.26672553999998,-44.42353057899993],[-71.33325004599999,-44.41986656199998],[-71.38671684299999,-44.385431289999985],[-71.66931152299998,-44.408874511999954],[-71.71582031299994,-44.38201904299996],[-71.80059814499998,-44.41979980499997],[-71.83898925799997,-44.35198974599996],[-71.78668212899998,-44.332885741999974],[-71.80561382399998,-44.25633910799996],[-71.80099048799997,-44.19046028899993],[-71.84753990199994,-44.155015944999946],[-71.84759521499996,-44.11102294899996],[-71.78118896499996,-44.11151122999996],[-71.75038337699993,-44.09146690399996],[-71.64878463699995,-43.945983886999954],[-71.70727157599998,-43.89437866199995],[-71.70873832699993,-43.855869292999955],[-71.76328086899997,-43.840013503999955],[-71.75288772599998,-43.78724670399998],[-71.66143417399996,-43.70360946699998],[-71.59982871999995,-43.696903228999986],[-71.58107376099997,-43.65359115599995],[-71.60769081099994,-43.628406524999946],[-71.70231421199998,-43.624363578999976],[-71.71688842799995,-43.576438903999986],[-71.75982856799999,-43.58320236199995],[-71.77645683299994,-43.53870773299997],[-71.86800193799996,-43.55087470999996],[-71.87809181199998,-43.52946472199994],[-71.84843826299993,-43.483198165999966],[-71.88051795999996,-43.451717376999966],[-71.93355970699997,-43.44678146199993],[-71.91411399799995,-43.41695213299994],[-71.93368530299995,-43.38655853299997],[-71.89391136199998,-43.37999534599993],[-71.90680313099995,-43.32429695099995],[-71.83997726399997,-43.33532333399995],[-71.78527831999997,-43.29687499999994],[-71.74663543699995,-43.31996726999995],[-71.73051261899997,-43.28325653099995],[-71.75739669799998,-43.228191375999984],[-71.72919082599998,-43.20040702799997],[-71.76052665699996,-43.164264678999984],[-71.85750007599995,-43.14234542799994],[-71.87913131699997,-43.07081222499994],[-71.90201759299998,-43.05391883899995],[-71.73131942699996,-43.04161453199998],[-71.70825767499997,-43.085987090999936],[-71.66865539599996,-43.10042381299996],[-71.66882705699999,-43.05806541399994],[-71.72260856599996,-42.97684097299998],[-71.74268722499994,-43.006443023999964],[-71.84782218899994,-43.01525497399996],[-71.93095207199997,-43.00466346699994],[-72.06296720399996,-42.95064165499997],[-72.01324984499996,-43.00687884499996],[-71.87913210199997,-43.07081209399996],[-71.86805403799997,-43.12862366899998],[-71.93301963799996,-43.10210418699995],[-71.93618392899998,-43.05293464699997],[-72.03625488299997,-43.01335906999998],[-72.07452964799995,-42.95059013399998],[-72.09475135799994,-42.95069885299995],[-72.14332008399998,-42.89706611599996],[-72.12173461899994,-42.87821006799993],[-72.14908409099996,-42.85159301799996],[-72.16577911399997,-42.799978255999974],[-72.13242721599994,-42.77907180799997],[-72.14791870099998,-42.74362754799995],[-72.13842391999998,-42.71361350999996],[-72.18049812299995,-42.69885635399993],[-72.17090415999996,-42.67337226899997],[-72.12339973399997,-42.67411231999995],[-72.09704971299993,-42.64339065599995],[-72.11870193499993,-42.63046646099997],[-72.02755927999993,-42.52336692799997],[-72.01456832899999,-42.487255095999956],[-72.04798126199995,-42.454442977999975],[-72.02875900299995,-42.40943717999994],[-72.07789421099994,-42.38442039499995],[-72.11350631699997,-42.399976729999935],[-72.13249397299995,-42.38611984299996],[-72.13858985899998,-42.32832145699996],[-72.12146758999995,-42.325790404999964],[-72.16840553299994,-42.26259612999996],[-72.15804481499998,-42.194972991999975],[-72.18549346899994,-42.17791557299995],[-72.17276954699997,-42.14060592699997],[-72.12262916599997,-42.15635871899997],[-72.06780052199997,-42.14786910999993],[-72.05357742299998,-42.115722655999946],[-72.00809097299998,-42.141510009999934],[-71.95785903899997,-42.14299011199995],[-71.92544937099996,-42.192077636999954],[-71.87525558499993,-42.15666389499995],[-71.83508109999997,-42.164358138999944],[-71.73131179799998,-42.12408256499998],[-71.74203872699997,-42.084442138999975],[-71.72854804999997,-42.04746437099993],[-71.75756263699998,-42.03886985799994],[-71.77670395499996,-41.99904390199998],[-65.06927358899998,-42.00028647399995],[-65.03948974599996,-42.064025878999985],[-64.99560546899994,-42.11041259799998],[-64.90838622999996,-42.168090819999975],[-64.83477783199999,-42.19519042999997],[-64.61358642599998,-42.22998046899994],[-64.46160888699995,-42.23797607399996],[-64.54699706999997,-42.29467773399995],[-64.58032226599994,-42.358093261999954],[-64.60854038999997,-42.37318248199995],[-64.61529540999999,-42.42358398399995],[-64.42462158199999,-42.440124511999954],[-64.29321289099994,-42.41308593799994],[-64.12969970699999,-42.428405761999954],[-64.05731201199995,-42.38281249999994],[-64.04278564499998,-42.34979247999996],[-64.06939697299998,-42.33331298799993],[-64.04718017599998,-42.29718017599998],[-64.07312011699997,-42.26269531299994],[-64.13659667999997,-42.23907470699993],[-64.24078369099993,-42.23492431599993],[-64.31079101599994,-42.25268554699994],[-64.37341308599997,-42.23529052699996],[-64.08099365199996,-42.17871093799994],[-63.96490478499999,-42.11419677699996],[-63.79870605499997,-42.07189941399997],[-63.75891113299997,-42.07641601599994],[-63.73791503899997,-42.09808349599996],[-63.68188476599994,-42.210510253999985],[-63.611999511999954,-42.29467773399995],[-63.60510253899997,-42.35858154299996],[-63.649780272999976,-42.28112792999997],[-63.66638183599997,-42.304077147999976],[-63.621582030999946,-42.35839843799994],[-63.585876464999956,-42.61499023399995],[-63.64099121099997,-42.70019531299994],[-63.62890624999994,-42.766296386999954],[-63.727783202999944,-42.814025878999985],[-64.11041259799998,-42.87982177699996],[-64.14752197299998,-42.87487792999997],[-64.24121093799994,-42.78881835899995],[-64.26519775399998,-42.74737548799993],[-64.25012206999997,-42.68078613299997],[-64.21160888699995,-42.62609863299997],[-64.28192138699995,-42.574890136999954],[-64.30798339799998,-42.58831787099996],[-64.32360839799998,-42.53790283199993],[-64.56262206999997,-42.49291992199994],[-64.62628173799993,-42.49652099599996],[-64.75201415999999,-42.54748535199997],[-64.85040283199999,-42.61639404299996],[-64.92309570299994,-42.616577147999976],[-64.98217773399995,-42.65008544899996],[-64.99829101599994,-42.69927978499993],[-65.03680419899996,-42.73071289099994],[-65.02221679699994,-42.77447509799998],[-64.95770263699995,-42.785095214999956],[-64.88281249999994,-42.83190917999997],[-64.81500244099993,-42.83947753899997],[-64.60900878899997,-42.92327880899995],[-64.52429199199997,-42.92498779299996],[-64.49200439499998,-42.94909667999997],[-64.41809081999997,-42.955017089999956],[-64.33099365199996,-42.93591308599997],[-64.30828857399996,-42.97930908199993],[-64.32812499999994,-43.00231933599997],[-64.48652486499998,-43.07148108499996],[-64.78961181599993,-43.16412353499993],[-64.97097766299999,-43.251431527999955],[-65.04309081999997,-43.31768798799993],[-65.05139160199997,-43.40270996099997],[-65.14436367699994,-43.47359531199993],[-65.19281005899995,-43.539184569999975],[-65.25457763699995,-43.57110595699993],[-65.34118652299998,-43.674682616999974],[-65.35479736299993,-43.763793944999975],[-65.31127929699994,-43.79522705099998],[-65.32891845699999,-43.84588622999996],[-65.28320312499994,-43.961791991999974],[-65.23229980499997,-43.97088622999996],[-65.25402831999997,-43.984497069999975],[-65.25048828099995,-44.027282714999956],[-65.20678710899995,-44.041503905999946],[-65.24047851599994,-44.08300781299994],[-65.21459960899995,-44.12499999999994],[-65.24157714799998,-44.14727783199993],[-65.28771972699997,-44.15588378899997],[-65.30950927699996,-44.19677734399994],[-65.30718994099993,-44.230407714999956],[-65.26898193399995,-44.26959228499993],[-65.26008596599996,-44.31738045099996],[-65.22558593799994,-44.33331298799993],[-65.21868896499996,-44.37091064499998],[-65.25927734399994,-44.38708496099997],[-65.28540039099994,-44.43109130899995],[-65.33258056599993,-44.46081542999997],[-65.32177734399994,-44.48730468799994],[-65.28308105499997,-44.493408202999944],[-65.31390380899995,-44.53149414099994],[-65.32452392599998,-44.50891113299997],[-65.37542724599996,-44.51831054699994],[-65.35870361299993,-44.53662109399994],[-65.39050292999997,-44.56127929699994],[-65.35650634799998,-44.57501220699993],[-65.39239501999998,-44.59179687499994],[-65.43341064499998,-44.57019042999997],[-65.46380615199996,-44.60101318399995],[-65.64147949199997,-44.66857910199997],[-65.68780517599998,-44.717285155999946],[-65.70068359399994,-44.80169677699996],[-65.72668456999997,-44.80920410199997],[-65.72381591799996,-44.85638427699996],[-65.65667724599996,-44.89068603499993],[-65.57220458999996,-44.89471435499996],[-65.52081298799993,-44.92999267599998],[-65.59100341799996,-44.956604003999985],[-65.60589599599996,-44.975097655999946],[-65.58428955099998,-45.00677490199996],[-65.64440917999997,-45.05029296899994],[-65.77478027299998,-45.01940917999997],[-65.81872558599997,-45.04089355499997],[-65.84619140599995,-45.00170898399995],[-65.89331054699994,-45.00909423799993],[-65.88549804699994,-45.03808593799994],[-65.95660400399998,-45.044494628999985],[-66.00598144499997,-45.005798339999956],[-66.12921142599998,-44.98620605499997],[-66.17230224599996,-44.99902343799994],[-66.18749999999994,-44.98260497999996],[-66.28271484399994,-45.054077147999976],[-66.36529540999999,-45.04217529299996],[-66.53002929699994,-45.11297607399996],[-66.51971435499996,-45.149780272999976],[-66.46557617199994,-45.14367675799997],[-66.47137451199995,-45.16479492199994],[-66.59790039099994,-45.14007568399995],[-66.56640624999994,-45.177307128999985],[-66.51171874999994,-45.19799804699994],[-66.51660156299994,-45.22210693399995],[-66.66816034199996,-45.21314650499994],[-66.87579345699999,-45.23828124999994],[-66.96398925799997,-45.27368164099994],[-67.03741455099998,-45.325012206999986],[-67.22729492199994,-45.529785155999946],[-67.35101318399995,-45.63189697299998],[-67.37037603099998,-45.681422966999946],[-67.34100341799996,-45.72381591799996],[-67.37780761699997,-45.73748779299996],[-67.36358642599998,-45.77911376999998],[-67.44830322299998,-45.81750488299997],[-67.54748535199997,-45.91748046899994],[-67.59586640399993,-45.99968586199998],[-71.64403614999998,-45.99866299299998],[-71.61567306499995,-45.98006629899993],[-71.62176930599998,-45.94106017699994],[-71.67784036199998,-45.874587159999976],[-71.76814460799994,-45.84634971599996]],[[-69.77963627799994,-42.179760044999966],[-69.81516141699996,-42.22764116299993],[-69.78169936899997,-42.24902486099995],[-69.75286316499995,-42.19414956999998],[-69.77963627799994,-42.179760044999966]],[[-69.18136740599994,-45.24411132999995],[-69.20943377399993,-45.31107374399994],[-69.25221284199995,-45.30992871799998],[-69.28476221799997,-45.26286591499996],[-69.31815449299995,-45.263907494999955],[-69.30495618399993,-45.339431273999935],[-69.23692972099997,-45.36836331899997],[-69.26419188199998,-45.43102761799997],[-69.25865213699996,-45.49660334099997],[-69.27992860799998,-45.582347123999966],[-69.25525845599998,-45.59571409399996],[-69.14392284299998,-45.55143666299995],[-69.10803381399995,-45.49271261499996],[-69.13297050499995,-45.22985131699994],[-69.14949319299996,-45.22311105499995],[-69.18136740599994,-45.24411132999995]],[[-71.10699272199997,-43.55377006499998],[-71.12276337599997,-43.54226462899993],[-71.10566214316519,-43.55089696842864],[-71.10699272199997,-43.55377006499998]],[[-71.48336692299995,-44.89429851899996],[-71.5074644920871,-44.8759917245154],[-71.51277160599994,-44.89716148399998],[-71.63951110799997,-44.85044288599994],[-71.65055084199997,-44.86338996899997],[-71.56325912499995,-44.92865180999996],[-71.6206075831334,-44.93504535019319],[-71.56325950699994,-44.928652521999936],[-71.48104701799997,-44.99245422699994],[-71.42996757699996,-45.00886050999998],[-71.38140662499995,-45.00031287499996],[-71.39075894999996,-44.97423888399993],[-71.34311621699999,-44.904675045999966],[-71.48336692299995,-44.89429851899996]],[[-71.17302602099994,-45.843003748999934],[-71.30853235099994,-45.92581889599995],[-71.22000391199998,-45.91160607299997],[-71.14958410799994,-45.84621211499996],[-71.17302602099994,-45.843003748999934]],[[-71.51378451962752,-44.83560609721213],[-71.49863052399996,-44.840753554999935],[-71.50173119938529,-44.853121963371215],[-71.49320615799996,-44.839732613999956],[-71.51378451962752,-44.83560609721213]],[[-71.93022537199994,-44.88331222499994],[-71.93196296699995,-44.877977370999986],[-71.93196295699994,-44.87797740299993],[-71.93022537199994,-44.88331222499994]],[[-71.85176277199997,-44.883523940999964],[-71.83412933299996,-44.86921691899994],[-71.69499206499995,-44.86512184099996],[-71.67881202699994,-44.83399009699997],[-71.75487518299997,-44.82761001599994],[-71.88354038899996,-44.860106565999956],[-71.99973334099997,-44.813503752999964],[-72.00613875299996,-44.82338889299996],[-71.93196296699995,-44.877977370999986],[-71.85176277199997,-44.883523940999964]],[[-71.75647544899994,-42.73742675799997],[-71.88594627399993,-42.64135742199994],[-71.90490637699997,-42.677057874999946],[-71.97460847899998,-42.72427826599994],[-71.98385368999993,-42.74807565599997],[-71.88775891799997,-42.697837152999966],[-71.79829788199999,-42.73512268099995],[-71.75647544899994,-42.73742675799997]],[[-71.76532173199996,-42.87238311799996],[-71.71940040599998,-42.883859633999975],[-71.71017456099997,-42.83587837199997],[-71.66002082799997,-42.823249816999976],[-71.61831855799994,-42.87221717799997],[-71.59716224699997,-42.83151245099998],[-71.62435913099995,-42.81091880799994],[-71.69960021899993,-42.79758262399997],[-71.73526382399996,-42.76851463299994],[-71.75380134599999,-42.790044784999964],[-71.73062324499995,-42.80817794799998],[-71.72887039199998,-42.84559249899996],[-71.76532173199996,-42.87238311799996]],[[-71.55839828953307,-42.70994812702218],[-71.65159624999995,-42.73623895099996],[-71.65217208899998,-42.73841857899998],[-71.55839828953307,-42.70994812702218]],[[-71.52068808365595,-42.674464194999494],[-71.52068842199998,-42.674463608999986],[-71.5440045077591,-42.696409758182526],[-71.52068808365595,-42.674464194999494]],[[-71.51949500999996,-42.77377700799997],[-71.51602979404616,-42.77612627708725],[-71.51949491033244,-42.77377683139168],[-71.51949500999996,-42.77377700799997]],[[-71.56274604799995,-42.826868056999956],[-71.56274542321627,-42.82686892289862],[-71.51387561604255,-42.798767381680186],[-71.56274604799995,-42.826868056999956]],[[-71.44164374201232,-42.94029208197955],[-71.44294711299995,-42.92654240699994],[-71.44294738421293,-42.92654232194227],[-71.44164374201232,-42.94029208197955]],[[-71.38513780391823,-42.99257386521127],[-71.41812896699997,-43.03481292699996],[-71.474401523021,-43.02686280087033],[-71.41690029499995,-43.036485949999985],[-71.38513780391823,-42.99257386521127]],[[-71.27059555099999,-43.214494704999936],[-71.24600152513615,-43.17842393435137],[-71.26300831899994,-43.174619382999936],[-71.27059579599995,-43.21449586699998],[-71.2368532535469,-43.25535851518977],[-71.27059555099999,-43.214494704999936]],[[-71.15030288699995,-43.295928954999965],[-71.14777220258289,-43.296937791681465],[-71.1850270449929,-43.2500204360858],[-71.15030288699995,-43.295928954999965]],[[-71.05731252269774,-43.38100143915505],[-71.05190661699999,-43.37459601299997],[-71.05190674670023,-43.37459583242271],[-71.05731252269774,-43.38100143915505]],[[-71.09088211518467,-43.488611022723816],[-71.07333550399994,-43.45655146399997],[-71.0735035470291,-43.455244851832035],[-71.09250640899995,-43.47593688999996],[-71.09088211518467,-43.488611022723816]],[[-71.51680569418878,-43.08652909354776],[-71.50898936520716,-43.07552739209672],[-71.51680564899993,-43.086528777999945],[-71.51680569418878,-43.08652909354776]],[[-71.52415466299993,-43.137845992999985],[-71.59117396219001,-43.17444210370812],[-71.52415429599995,-43.13784656099995],[-71.52096654120784,-43.115583750547934],[-71.52415466299993,-43.137845992999985]],[[-71.32706451399997,-43.400161742999956],[-71.30611811381142,-43.34350804507395],[-71.32706504934762,-43.40016166378904],[-71.32706451399997,-43.400161742999956]],[[-71.5483716578518,-43.514591996460666],[-71.58545326589446,-43.51498014262499],[-71.58545303299996,-43.514980315999935],[-71.5483716578518,-43.514591996460666]],[[-71.49383000214105,-43.4922237195264],[-71.5065886200427,-43.514154440681615],[-71.50658798199999,-43.51415443399998],[-71.49383000214105,-43.4922237195264]],[[-71.48586694785986,-43.478535387070224],[-71.50893592799997,-43.41131210299994],[-71.50895810870612,-43.411302227480704],[-71.50893663199997,-43.41131346399993],[-71.48586694785986,-43.478535387070224]],[[-71.54958377504924,-43.393214455763],[-71.56105995199994,-43.41527557399996],[-71.60206783498323,-43.42478021290078],[-71.56106009599995,-43.41527685199998],[-71.54958377504924,-43.393214455763]],[[-71.69632017599997,-42.63808130799998],[-71.68591577099994,-42.66675568499994],[-71.66448721799998,-42.667186483999956],[-71.62846592399995,-42.56730492099996],[-71.65854003699997,-42.576865200999976],[-71.69632017599997,-42.63808130799998]],[[-71.72778871574984,-42.442009548373434],[-71.72825430299997,-42.46760560299998],[-71.60510110499996,-42.47466787899998],[-71.60297258899993,-42.457454989999974],[-71.72778871574984,-42.442009548373434]],[[-71.65594100999994,-42.169166564999955],[-71.67853164699994,-42.21750640899995],[-71.58941136694907,-42.180083783952774],[-71.5866127512772,-42.120009021906505],[-71.59063911399994,-42.164287566999974],[-71.62675476099997,-42.16057777399993],[-71.61943054199998,-42.104928969999946],[-71.71940994299996,-42.10902023299997],[-71.66054153399995,-42.12608528099997],[-71.65594100999994,-42.169166564999955]],[[-71.67333030699996,-42.259656905999975],[-71.60983771899998,-42.24197465399993],[-71.60983719773989,-42.241974049597786],[-71.67333030699996,-42.259656905999975]],[[-71.82111825499999,-42.27336596099997],[-71.74619952155354,-42.29179515500177],[-71.82111740099998,-42.27336502099996],[-72.04442596399997,-42.282384871999966],[-72.07532310499994,-42.31425857499994],[-72.04442631099994,-42.282385820999934],[-71.82111825499999,-42.27336596099997]],[[-72.06451988199996,-42.332727431999956],[-72.01375299185224,-42.31747276084408],[-72.06904892671137,-42.324984716782296],[-72.06451988199996,-42.332727431999956]],[[-71.43503323299996,-42.201796412999954],[-71.49019787299994,-42.20030779599995],[-71.53905127699994,-42.16108964799997],[-71.54431068699995,-42.186007797999935],[-71.51242570299996,-42.211798734999945],[-71.45274119299995,-42.229958488999955],[-71.42635038399999,-42.21577526599998],[-71.43503323299996,-42.201796412999954]],[[-68.88967964099999,-45.41793434799996],[-68.85484616299993,-45.326705911999966],[-68.87018653899997,-45.279200300999946],[-68.90511970399996,-45.26392497899997],[-68.96167913199997,-45.269303072999946],[-68.97694387999996,-45.33049237299997],[-68.96486224099993,-45.400514477999934],[-69.00146339099996,-45.48057544899996],[-68.97744346999997,-45.511688893999974],[-68.88958751499996,-45.55014438999996],[-68.85060908799994,-45.62171857699997],[-68.79442717699999,-45.66935415699993],[-68.70281950699996,-45.66881231599996],[-68.63428827399997,-45.64073190399995],[-68.58343995699994,-45.59944674899998],[-68.58802675899994,-45.570500719999984],[-68.63491115799997,-45.56439572199997],[-68.61768608899996,-45.513954094999974],[-68.67917068599996,-45.41890850699997],[-68.66155499399997,-45.38211553399998],[-68.81486887699998,-45.35998672699998],[-68.78014237699995,-45.437641790999976],[-68.80840252799999,-45.46393927899993],[-68.88967964099999,-45.41793434799996]],[[-67.28348482499996,-44.317760728999986],[-67.30730400099998,-44.28926556499994],[-67.42460788599993,-44.293461941999965],[-67.45259355899998,-44.34542514699996],[-67.43637873799997,-44.43281826599997],[-67.36871573199994,-44.45503905499993],[-67.32790414499993,-44.435908893999965],[-67.30730655299993,-44.346023180999964],[-67.28348482499996,-44.317760728999986]],[[-69.58709236599998,-42.294722828999966],[-69.56793527999997,-42.277079534999984],[-69.57386007399998,-42.24850896899994],[-69.69026767799994,-42.26912842499996],[-69.67205079899998,-42.32541665599996],[-69.63908556599995,-42.317756360999965],[-69.62263415499996,-42.27967956599997],[-69.58709236599998,-42.294722828999966]],[[-63.88032600699995,-42.64673154899998],[-63.81401832499995,-42.63659583699996],[-63.88204369699997,-42.63271571499996],[-63.88032600699995,-42.64673154899998]],[[-64.03942767699994,-42.629456826999956],[-63.97477339899996,-42.672239582999964],[-63.935481408999976,-42.66331393099995],[-63.940446116999965,-42.617495255999984],[-64.03942767699994,-42.629456826999956]],[[-64.01319431999997,-42.40546604499997],[-64.02435719399995,-42.424908984999945],[-63.974142100999984,-42.447711536999975],[-63.92819325099998,-42.425141302999975],[-63.92398210699997,-42.40100270499994],[-64.01319431999997,-42.40546604499997]]]}},{"type":"Feature","properties":{"PROV":"Chaco"},"geometry":{"type":"MultiPolygon","coordinates":[[[[-61.71116219099997,-27.999944150999966],[-61.70094153499997,-27.75449554399995],[-61.71225277899998,-26.008139141999948],[-61.694266691999985,-26.022946650999984],[-61.71238908899994,-25.98324066999993],[-61.713052268999945,-25.654671013999973],[-63.425458995999975,-25.653340654999965],[-62.337668450999956,-24.381289547999927],[-62.34064094499996,-24.101197182999954],[-62.26860263599997,-24.13779724699998],[-62.19583527899994,-24.151654039999983],[-62.156072473999984,-24.202165168999954],[-62.14160362399997,-24.195094092999966],[-61.91298228799997,-24.267412755999942],[-61.90006762099995,-24.30394610099995],[-61.72997198199994,-24.33384675999997],[-61.69247996699994,-24.409033156999953],[-61.57835980699997,-24.466154208999967],[-61.58671326799998,-24.496942960999945],[-61.54252312699998,-24.520014965999962],[-61.442982677999964,-24.615290288999972],[-61.439865028999975,-24.60522059899995],[-61.405817989999946,-24.627256170999942],[-61.324503026999935,-24.63775594699996],[-61.29070155299996,-24.629947369999968],[-61.22878309099997,-24.65480028099995],[-61.22230173799994,-24.70033340699996],[-61.18998034599997,-24.714238877999946],[-61.18216381599996,-24.748507230999962],[-61.06866668599997,-24.87623093899998],[-60.90758355599996,-25.006495692999977],[-60.84258462699995,-25.034049512999957],[-60.83778122699994,-25.058364924999978],[-60.81282855999996,-25.05019462299998],[-60.77676894399997,-25.063731812999947],[-60.744574935999935,-25.10923351699995],[-60.67472069199994,-25.112305230999937],[-60.67114358699996,-25.15064780299997],[-60.617489931999955,-25.157514677999927],[-60.56881597399996,-25.187472429999957],[-60.55975415599994,-25.167844344999935],[-60.52530612099997,-25.176206985999954],[-60.406722170999956,-25.31887906999998],[-60.34732528099994,-25.33274662699995],[-60.332597643999975,-25.39762661499998],[-60.29469310199994,-25.41690220199996],[-60.281188802999964,-25.465980886999944],[-60.24251701899993,-25.47611059199994],[-60.22006337199997,-25.600241754999956],[-60.19699951299998,-25.610076981999953],[-60.177897376999965,-25.65549724799996],[-60.15851984799997,-25.64635126999997],[-60.02456060099996,-25.698082597999928],[-60.023818598135826,-25.73511694864152],[-59.99727456599999,-25.724019861999977],[-59.96648753899996,-25.769330026999967],[-59.900863484999945,-25.79945607999997],[-59.88376827999997,-25.833141602999945],[-59.76527099699996,-25.91957283199997],[-59.755733205999945,-25.960874220999983],[-59.710707086999946,-26.009009938999952],[-59.68482792299994,-25.997209898999984],[-59.66984409199995,-26.064381562999984],[-59.69152741399995,-26.113624277999975],[-59.66475277599994,-26.114570038999943],[-59.653971920999936,-26.141183844999944],[-59.63831566899995,-26.105180539999935],[-59.59282398099998,-26.12066218299998],[-59.58368665699999,-26.140946348999933],[-59.48101940199996,-26.159437198999967],[-59.455732689999934,-26.14971068699998],[-59.41644176699998,-26.17031252399994],[-59.428740722999976,-26.194990511999947],[-59.38720100199998,-26.25902141499995],[-59.38992435299997,-26.30324889999997],[-59.35858412699997,-26.334072935999927],[-59.262188925999965,-26.352528081999935],[-59.25521359499999,-26.337845786999935],[-59.19367799799994,-26.32435783899996],[-59.18640121699997,-26.303584031999947],[-59.154774989999964,-26.30617369099997],[-59.07821320199997,-26.364872784999932],[-58.96053555399993,-26.388447717999952],[-58.95152818099996,-26.422513467999977],[-58.86931395999994,-26.480459803999963],[-58.85556589199996,-26.511426228999937],[-58.80187845699999,-26.52082570099998],[-58.77480434199998,-26.543098578999945],[-58.746736175999956,-26.603150166999967],[-58.70063352899996,-26.59474027899995],[-58.681868416999976,-26.646744035999973],[-58.57982200199996,-26.689789692999966],[-58.55426012299995,-26.75081443199997],[-58.50642573899995,-26.77026582299993],[-58.48335468099998,-26.80856976499996],[-58.49260428699995,-26.821459541999957],[-58.42631029499995,-26.834368651999966],[-58.42764072699998,-26.84625386099998],[-58.381883795999954,-26.871128747999933],[-58.42436623899994,-26.902447312999982],[-58.48318472699998,-26.91153752899993],[-58.501152038999976,-26.934274672999948],[-58.483352140999955,-26.97067725499994],[-58.51947212199997,-27.005416869999976],[-58.51983814499994,-27.040216088999955],[-58.55179173399995,-27.019241035999983],[-58.566640519999964,-27.080714614999977],[-58.63712197399997,-27.09320883999993],[-58.674449540999944,-27.138183323999954],[-58.641768310999964,-27.209568882999974],[-58.69473361299998,-27.201050496999983],[-58.66678528899996,-27.25970322099994],[-58.69340571599997,-27.263889053999947],[-58.69817476099996,-27.22401748599998],[-58.723005058999945,-27.216771921999964],[-58.728892465999934,-27.273741383999948],[-58.76935523099996,-27.308561961999942],[-58.78304564599995,-27.36505105599997],[-58.833807037999975,-27.429032955999958],[-58.92360938699994,-27.47080584699995],[-58.93140896699998,-27.51672274799995],[-58.891765454999984,-27.52815276299998],[-58.88622544999998,-27.615608948999977],[-58.84818320199997,-27.652124975999982],[-58.823207158999935,-27.71691349499997],[-58.84045569095054,-27.791734759153815],[-58.82868429599995,-27.828408432999936],[-58.84422542484798,-27.82100391080865],[-58.82868429499996,-27.828408433999982],[-58.850225818999945,-27.86374952699998],[-58.86043371699998,-27.94315161299994],[-58.88837475988775,-27.915165298568407],[-58.878689720999944,-27.96422257699993],[-58.88967401599996,-27.995505570999967],[-60.46976675499997,-28.00051050099995],[-60.45903851299994,-27.988780645999952],[-60.469766755999956,-28.00051050099995],[-61.072123104999946,-28.001078649999954],[-61.36065072399998,-28.000716341999976],[-61.39713949199995,-27.988396183999953],[-61.391819717999965,-27.968233228999964],[-61.39713949299994,-27.988396183999953],[-61.461614794999946,-27.99785798599993],[-61.62377609199996,-27.97876130999998],[-61.656072215999984,-27.99783860699995],[-61.71116219099997,-27.999944150999966]],[[-59.77401076678671,-27.990830056110507],[-59.79053460299997,-27.989657850999947],[-59.77865015799995,-27.993235554999956],[-59.77401076678671,-27.990830056110507]],[[-61.07799545599994,-27.991712030999963],[-61.09901028699994,-27.99576933399993],[-61.072123104999946,-28.001078649999954],[-61.07799545599994,-27.991712030999963]],[[-61.243566715999975,-24.895397811999942],[-61.24066916399994,-24.89548734799996],[-61.237844767999945,-24.895570884999927],[-61.243566715999975,-24.895397811999942]],[[-60.91036027299998,-25.321478614999933],[-60.90818429799998,-25.32436839299993],[-60.90985500199997,-25.322149242999956],[-60.91036027299998,-25.321478614999933]],[[-61.096785025999964,-25.35507541399994],[-61.084667389999936,-25.360274102999938],[-61.07901992899997,-25.35459210299996],[-61.096785025999964,-25.35507541399994]],[[-60.65411112199996,-26.15093508399997],[-60.65607536999994,-26.15136837299997],[-60.660865280999985,-26.152748543999962],[-60.65411112199996,-26.15093508399997]],[[-60.498103614999934,-26.192682066999964],[-60.530958157999976,-26.179032262999954],[-60.55613279299996,-26.17289190899993],[-60.498103614999934,-26.192682066999964]],[[-60.73329314199998,-26.38083242999994],[-60.68443416499997,-26.36805451099997],[-60.64088741538191,-26.417153224361982],[-60.68524963999994,-26.362533794999933],[-60.73329314199998,-26.38083242999994]],[[-60.62477778899995,-26.486667327999953],[-60.59898107099997,-26.48662558999996],[-60.591555512999946,-26.44383755399997],[-60.57016630199996,-26.422868439999945],[-60.63588745699997,-26.40702063899994],[-60.647233347999986,-26.347250747999965],[-60.63588745799996,-26.40702063899994],[-60.57016630399994,-26.422868440999935],[-60.59155551499998,-26.44383755399997],[-60.59898107199996,-26.48662558999996],[-60.62477778899995,-26.486667327999953]],[[-60.6075673566942,-26.391848640219393],[-60.595391579832324,-26.36076294312504],[-60.595391580999944,-26.36076294099996],[-60.6075673566942,-26.391848640219393]],[[-60.561466895999956,-26.467330278999952],[-60.51931999671844,-26.44988667686793],[-60.530072916999984,-26.434622691999948],[-60.561466895999956,-26.467330278999952]],[[-60.50039296517908,-26.476753975745652],[-60.52809000201148,-26.47352191423199],[-60.500392964999946,-26.47675397599994],[-60.50039296517908,-26.476753975745652]],[[-60.46249669799994,-26.621747097999958],[-60.46249669769705,-26.621747097793158],[-60.462496698233835,-26.62174709784136],[-60.46249669799994,-26.621747097999958]],[[-60.43451010658783,-26.708095206917136],[-60.43838422699997,-26.63744602199995],[-60.427915559999974,-26.618641777999983],[-60.44026962368263,-26.619751149207374],[-60.43451010658783,-26.708095206917136]],[[-60.462252768999974,-26.710252994999962],[-60.49522391399995,-26.690649572999973],[-60.462252769999964,-26.71025299599995],[-60.45221546399995,-26.75274986499994],[-60.462252768999974,-26.710252994999962]],[[-60.47658484067134,-26.72619610971963],[-60.5088313149423,-26.722812574110907],[-60.47658483999999,-26.72619611099998],[-60.47658484067134,-26.72619610971963]],[[-60.47965106920784,-26.77897774659979],[-60.53890603613087,-26.768238432338723],[-60.47965106899994,-26.778977746999942],[-60.47965106920784,-26.77897774659979]],[[-60.54620298899994,-26.78712031499998],[-60.520478558242054,-26.80663040955935],[-60.538906036892,-26.76823843430826],[-60.54620298899994,-26.78712031499998]],[[-60.570063482007846,-26.946905002637013],[-60.542363988999966,-26.899218935999954],[-60.54235988308667,-26.899191416009824],[-60.570063482007846,-26.946905002637013]],[[-60.50710617499993,-27.019187605999946],[-60.457334187176734,-27.00112881142691],[-60.45733418799995,-27.001128810999944],[-60.50710617499993,-27.019187605999946]],[[-60.398006104107914,-27.0413629243635],[-60.43837679699993,-27.010961189999932],[-60.45733417949676,-27.00112881541018],[-60.398006104107914,-27.0413629243635]],[[-60.42020918779672,-27.089534423015927],[-60.44391717999997,-27.11888836999998],[-60.443959058099146,-27.120630330228316],[-60.42020918779672,-27.089534423015927]],[[-60.59443517680066,-27.47367207022343],[-60.58342743099996,-27.405627161999973],[-60.59032699405431,-27.39627100720301],[-60.58839459099994,-27.419353859999944],[-60.59443517680066,-27.47367207022343]],[[-60.54057432199994,-27.57052233899998],[-60.481033373999935,-27.504844007999964],[-60.449557422045764,-27.499274388543576],[-60.48103337599997,-27.504844007999964],[-60.54057432199994,-27.57052233899998]],[[-60.626375387999985,-27.964924803999963],[-60.61685167199994,-27.941008042999954],[-60.62637538884832,-27.964924803619112],[-60.626375387999985,-27.964924803999963]],[[-60.60826943999996,-27.907870914999933],[-60.585183635999954,-27.90087970199994],[-60.60826944099995,-27.907870914999933],[-60.61685167199994,-27.941008042999954],[-60.60826943999996,-27.907870914999933]],[[-60.557791846999976,-27.85357010799993],[-60.51566372399998,-27.827189577999945],[-60.557791847999965,-27.85357010799993],[-60.554547852999974,-27.89066479899998],[-60.557791846999976,-27.85357010799993]],[[-60.46133934399995,-27.891460860999928],[-60.440916010999956,-27.891315469999938],[-60.463178020999976,-27.880635342999938],[-60.46133934399995,-27.891460860999928]],[[-61.51807502299994,-26.472924745999933],[-61.52537151399997,-26.474696802999972],[-61.52353006699997,-26.48641968499993],[-61.51807502299994,-26.472924745999933]],[[-61.22180734899996,-27.29403799399995],[-61.227636719999964,-27.28294531299997],[-61.24705764899994,-27.311476115999938],[-61.22180734899996,-27.29403799399995]],[[-61.19817488199993,-27.34430389499994],[-61.21605155999998,-27.303417624999952],[-61.19727810499995,-27.34701528399995],[-61.19817488199993,-27.34430389499994]],[[-61.203095034280295,-27.816394796584365],[-61.23024865999997,-27.803655592999974],[-61.23263574699996,-27.804209406999973],[-61.203095034280295,-27.816394796584365]],[[-61.20309502599997,-27.816394799999955],[-61.183320985999956,-27.77713401699998],[-61.203095026827945,-27.816394799658422],[-61.20309502599997,-27.816394799999955]],[[-61.18172988899994,-27.820847948999983],[-61.16698121205814,-27.779677508745298],[-61.200421680999966,-27.842501653999932],[-61.18172988899994,-27.820847948999983]],[[-61.53199876499997,-27.34161936099997],[-61.533270957999946,-27.34524818099993],[-61.52570497299996,-27.341870575999963],[-61.53199876499997,-27.34161936099997]],[[-61.68693272199994,-27.87642647599995],[-61.69385063599998,-27.87743971599997],[-61.68231345899994,-27.899904051999954],[-61.68693272199994,-27.87642647599995]],[[-61.66298710099994,-26.782931989999952],[-61.66490546644751,-26.782002897331736],[-61.67207818999998,-26.80710471699996],[-61.66298710099994,-26.782931989999952]],[[-61.39561061499995,-27.790871532999972],[-61.39210645999998,-27.790401901999928],[-61.39409388699994,-27.780584226999963],[-61.39561061499995,-27.790871532999972]],[[-61.324861700999975,-27.830128953999974],[-61.255627156999935,-27.800262044999954],[-61.298241452999946,-27.817021464999982],[-61.324861700999975,-27.830128953999974]],[[-61.46748645599996,-27.03090139699998],[-61.473973814999965,-27.007846880999978],[-61.41946181299994,-27.072698324999976],[-61.46748645599996,-27.03090139699998]],[[-61.33758570697503,-26.920242836022506],[-61.40416793999998,-26.919028716999946],[-61.40904323799998,-26.921896300999947],[-61.33758570697503,-26.920242836022506]],[[-61.48613453199994,-27.57895434099993],[-61.48840616699994,-27.56453973999993],[-61.48675468299996,-27.57503128099995],[-61.48613453199994,-27.57895434099993]],[[-61.435855791999984,-26.819137183999942],[-61.44272411299994,-26.82066387499998],[-61.43591004999996,-26.819931148999956],[-61.435855791999984,-26.819137183999942]],[[-61.480080845999964,-26.742419968999968],[-61.45674746699996,-26.743299718999936],[-61.47937763699997,-26.769918767999968],[-61.45674746599997,-26.743299718999936],[-61.480080845999964,-26.742419968999968]],[[-61.53393861899997,-26.854350805999957],[-61.54515484399997,-26.864853601999982],[-61.533571619999975,-26.86004176199998],[-61.53393861899997,-26.854350805999957]],[[-61.69473737399994,-24.928710302999946],[-61.67254693999996,-24.912658632999978],[-61.698955411999975,-24.927201301999958],[-61.69473737399994,-24.928710302999946]],[[-61.51991024299997,-25.626403937999953],[-61.517632351999964,-25.62308195399993],[-61.516612908999946,-25.62159295099997],[-61.51991024299997,-25.626403937999953]],[[-61.67780361993181,-25.69178529965303],[-61.69442129199996,-25.664945803999956],[-61.69638066699997,-25.663454397999942],[-61.67780361993181,-25.69178529965303]],[[-62.86584340999997,-25.226994033999972],[-62.86324068799996,-25.231949844999974],[-62.86537252399995,-25.22679858899994],[-62.86584340999997,-25.226994033999972]],[[-62.990664666999976,-25.506981450999945],[-62.99204113099995,-25.509381179999934],[-62.99035876499994,-25.513096722999933],[-62.990664666999976,-25.506981450999945]],[[-62.89058957299994,-25.472596358999965],[-62.89114066399998,-25.477867575999937],[-62.88804421799995,-25.473057492999942],[-62.89058957299994,-25.472596358999965]],[[-63.09431024999998,-25.300455521999936],[-63.08561619999995,-25.30327122899996],[-63.08962755899995,-25.299412262999965],[-63.09431024999998,-25.300455521999936]],[[-63.119386722999934,-25.34874704999993],[-63.122752049999974,-25.35289064699998],[-63.12369025099997,-25.357746031999966],[-63.119386722999934,-25.34874704999993]],[[-63.06266700499998,-25.318910641999935],[-63.054221523999956,-25.322644536999974],[-63.05657411499993,-25.31621042699993],[-63.06266700499998,-25.318910641999935]],[[-61.98085832199996,-25.311833715999967],[-61.98088088199995,-25.309983168999963],[-61.982359902999974,-25.309749658999976],[-61.98085832199996,-25.311833715999967]],[[-62.32080712499999,-24.501129755999955],[-62.32410058399995,-24.501573054999938],[-62.32013902999995,-24.502352934999976],[-62.32080712499999,-24.501129755999955]],[[-61.16344079099997,-27.991676686999938],[-61.18860239199995,-27.986280561999934],[-61.23540917299994,-27.996886391999965],[-61.16344079099997,-27.991676686999938]],[[-60.961657287962176,-26.43901957310824],[-60.96165728799997,-26.43901957299994],[-61.00546145399994,-26.44394997699993],[-60.961657287962176,-26.43901957310824]],[[-60.79664148599994,-26.423888733999945],[-60.807991379999976,-26.38952595199993],[-60.79664148740354,-26.42388873377796],[-60.79664148599994,-26.423888733999945]],[[-60.81884649659332,-26.308026404606576],[-60.81884649699998,-26.308026403999975],[-60.83774529899995,-26.32734588099993],[-60.81884649659332,-26.308026404606576]],[[-60.775107521999985,-26.426935036999964],[-60.753830481999955,-26.402766677999978],[-60.78118507299996,-26.418556131999935],[-60.775107521999985,-26.426935036999964]],[[-60.91770405999995,-26.635325271999932],[-60.917704060062725,-26.635325272170473],[-60.885047130999965,-26.641267735999975],[-60.91770405999995,-26.635325271999932]],[[-60.821925996731835,-26.508355640827162],[-60.760836934999986,-26.469946684999968],[-60.758734026999946,-26.44683491199993],[-60.821093089106775,-26.428416450263747],[-60.758734027999935,-26.44683491199993],[-60.762880647999964,-26.47029448799998],[-60.821925996731835,-26.508355640827162]],[[-60.63982433099994,-26.83595846199995],[-60.611273995999966,-26.80301056299993],[-60.61772048499995,-26.754301729999952],[-60.60568373799998,-26.736096548999967],[-60.64283886099997,-26.700195548999943],[-60.60568373899997,-26.736096548999967],[-60.617720486999985,-26.754301729999952],[-60.611273997999945,-26.80301056299993],[-60.63982433099994,-26.83595846199995]],[[-60.74639597199996,-26.683691343999953],[-60.746395972273554,-26.683691344393736],[-60.668881524643766,-26.72571216965095],[-60.74639597199996,-26.683691343999953]],[[-60.73948064999996,-26.840879756999982],[-60.64819161990011,-26.812578395279],[-60.73948065024841,-26.84087975676699],[-60.73948064999996,-26.840879756999982]],[[-60.84046681678413,-26.433034210598176],[-60.871420127999954,-26.44041198399998],[-60.87142012816195,-26.44041198480023],[-60.84046681678413,-26.433034210598176]],[[-59.914967511999976,-25.935291795999944],[-59.93720136111704,-25.878930509517556],[-59.92537498599995,-25.914212782999982],[-59.914967511999976,-25.935291795999944]],[[-59.81101320284626,-27.027511145925562],[-59.81100536799994,-27.027609302999963],[-59.811013202846254,-27.02751114592557],[-59.81101320284626,-27.027511145925562]],[[-59.78576573899994,-27.122123329999965],[-59.78566238144464,-27.121774958429352],[-59.813952333107956,-27.153700121718558],[-59.78576573899994,-27.122123329999965]],[[-59.62810301627005,-27.22739087969806],[-59.64886290599998,-27.204186051999955],[-59.62810301627006,-27.22739087969806],[-59.62810301627005,-27.22739087969806]],[[-59.59554122199995,-27.244878640999957],[-59.621551441142365,-27.27872016488419],[-59.621551441142365,-27.278720164884195],[-59.59554122199995,-27.244878640999957]],[[-59.31786294099999,-27.636525131999974],[-59.319212049999976,-27.634402686999977],[-59.318582263999986,-27.636922503999983],[-59.31786294099999,-27.636525131999974]],[[-59.25843140099994,-27.98240220799994],[-59.249543125999935,-27.978331698999966],[-59.25625550899997,-27.975752329999978],[-59.25843140099994,-27.98240220799994]],[[-59.89142233299998,-27.237903664999976],[-59.92816948999996,-27.19840822699996],[-59.96081312699994,-27.19119158999996],[-59.97196240599993,-27.206503854999937],[-59.92816949099995,-27.19840822799995],[-59.89142233299998,-27.237903664999976]],[[-59.94239147199994,-27.268215892999933],[-59.964858953999965,-27.28219594999996],[-59.942391471824855,-27.26821589351322],[-59.94239147199994,-27.268215892999933]],[[-59.97540615599996,-27.918383880999954],[-59.96774801399994,-27.935742939999955],[-59.95984648299998,-27.93384647599993],[-59.97540615599996,-27.918383880999954]],[[-59.94861610999993,-27.93552225899998],[-59.92628575080069,-27.88582433200755],[-59.95984648299998,-27.93384647599993],[-59.94861610999993,-27.93552225899998]],[[-60.57353512299994,-27.262581438999973],[-60.54146027799993,-27.303118749999953],[-60.54146027664292,-27.30311875005078],[-60.54146027699994,-27.303118749999953],[-60.57353512299994,-27.262581438999973]],[[-60.43489377699996,-27.300194482999927],[-60.39015003199995,-27.32059116599993],[-60.390150031816496,-27.320591165627704],[-60.43489377699996,-27.300194482999927]],[[-60.40724742699996,-27.23640325599996],[-60.39265134499993,-27.22434015899995],[-60.40724742733411,-27.23640325562321],[-60.40724742699996,-27.23640325599996]],[[-60.36595139707067,-27.891957052140434],[-60.396178745999975,-27.888598698999942],[-60.39658838499997,-27.906806939999967],[-60.36595139707067,-27.891957052140434]],[[-60.33157748399998,-27.903847687999928],[-60.3916534144328,-27.854409693695928],[-60.3578242521847,-27.892860003392123],[-60.33157748399998,-27.903847687999928]],[[-60.28138868999997,-27.968750040999964],[-60.28287395299998,-27.967902746999982],[-60.29515436299994,-27.985345716999973],[-60.28138868999997,-27.968750040999964]],[[-60.20841248199997,-27.93888573399994],[-60.25443911399998,-27.961337515999958],[-60.20841248147171,-27.93888573423005],[-60.20841248199997,-27.93888573399994]],[[-60.323360151999964,-27.995420129999957],[-60.33740663499998,-27.980226869999967],[-60.34302515199994,-27.99466618899993],[-60.323360151999964,-27.995420129999957]],[[-60.39930696954547,-27.523743936370664],[-60.397466739379375,-27.524935997960153],[-60.39803291399994,-27.524364339999977],[-60.39930696954547,-27.523743936370664]],[[-60.381329677999986,-27.625209506999965],[-60.37153201189642,-27.66222475461311],[-60.364473013335214,-27.558249279248592],[-60.381329677999986,-27.625209506999965]],[[-60.46768276499995,-27.685137879999957],[-60.42393103099994,-27.68610162899995],[-60.42393103090772,-27.686101628957925],[-60.46768276499995,-27.685137879999957]],[[-60.4512304890374,-27.721587128916987],[-60.45542701199997,-27.72529662165018],[-60.451230488999954,-27.721587128999943],[-60.4512304890374,-27.721587128916987]],[[-60.472775775945074,-27.162520655061837],[-60.44500528404283,-27.16414902988019],[-60.472775775999935,-27.16252065499998],[-60.472775775945074,-27.162520655061837]],[[-60.48468837886478,-27.243878232345963],[-60.48468837899998,-27.24387823199993],[-60.502041556999984,-27.25640357499998],[-60.48468837886478,-27.243878232345963]],[[-60.525670146680156,-27.156086163454365],[-60.49923414299997,-27.19364928599998],[-60.41997080899995,-27.25945190699997],[-60.47013338499994,-27.28113248799997],[-60.41997080699997,-27.25945190699997],[-60.525670146680156,-27.156086163454365]],[[-59.33909708753452,-27.984299160693308],[-59.35327305599998,-27.981814549999967],[-59.33915613499994,-27.98429760399995],[-59.33909708753452,-27.984299160693308]],[[-59.906969198999946,-27.689440910999963],[-59.90696919889936,-27.6894409125898],[-59.88448932999995,-27.72191429399993],[-59.906969198999946,-27.689440910999963]],[[-59.86257458699998,-27.727806877999967],[-59.86257458703988,-27.72780687772034],[-59.88448932999995,-27.72191429399993],[-59.86257458699998,-27.727806877999967]],[[-59.87891545599996,-27.635477458999958],[-59.87891545590756,-27.635477459408904],[-59.85849061999994,-27.64312369399994],[-59.87891545599996,-27.635477458999958]],[[-59.66042439399996,-27.702188886999977],[-59.67950416599996,-27.62188373099997],[-59.66042439499995,-27.702188886999977],[-59.579176555999936,-27.76826208899996],[-59.66042439399996,-27.702188886999977]],[[-59.597456774999955,-27.81054298899994],[-59.59277731999998,-27.836457263999932],[-59.579176555999936,-27.76826208899996],[-59.597456774999955,-27.81054298899994]],[[-59.565533237999944,-27.86494083599996],[-59.56972650599994,-27.897271656999976],[-59.565533236999954,-27.86494083599996],[-59.59277731999998,-27.836457263999932],[-59.565533237999944,-27.86494083599996]],[[-59.55340634199996,-27.989316669999937],[-59.50709464399995,-27.97123897499995],[-59.49424174699993,-27.948948849999965],[-59.51724812799995,-27.949788746999957],[-59.50709464499994,-27.97123897499995],[-59.55340634299995,-27.989316669999937],[-59.59730251592434,-27.98889891137034],[-59.59139181099994,-27.990112902999954],[-59.55340634199996,-27.989316669999937]],[[-59.67519431899996,-27.93537426499995],[-59.73493113799998,-27.970567482999968],[-59.674880008040326,-27.93554737731767],[-59.67519431899996,-27.93537426499995]],[[-59.75862444499995,-27.39356272699996],[-59.751445210999975,-27.487912430999984],[-59.79646327499995,-27.48803527399997],[-59.751445209999986,-27.487912430999984],[-59.75862444499995,-27.39356272699996]],[[-59.88056171631298,-27.16942438129614],[-59.802478839999935,-27.19950109699994],[-59.79023552499996,-27.236744399999964],[-59.748605715999986,-27.28637574399994],[-59.74620993299993,-27.32423048199996],[-59.74860571399995,-27.28637574399994],[-59.802478838999946,-27.19950109699994],[-59.88056171631298,-27.16942438129614]],[[-59.888926410504354,-27.177338761951376],[-59.89776653699994,-27.185702979999974],[-59.89776653689094,-27.18570298089683],[-59.888926410504354,-27.177338761951376]],[[-59.74239376799994,-27.221842908999974],[-59.685104008999986,-27.213841188999936],[-59.742393768127855,-27.22184290887817],[-59.74239376799994,-27.221842908999974]],[[-59.62155144200915,-27.278720165927812],[-59.69075585199994,-27.27377208599995],[-59.73276014077414,-27.234978129208525],[-59.690755853999974,-27.27377208699994],[-59.62155144200915,-27.278720165927812]],[[-59.73704779499997,-27.23613329314706],[-59.74867474499996,-27.23926578299995],[-59.748674744714485,-27.239265783653615],[-59.73704779499997,-27.23613329314706]],[[-59.725669682027224,-27.336783505750617],[-59.725669682027224,-27.33678350575062],[-59.67235641099995,-27.36969365599998],[-59.725669682027224,-27.336783505750617]],[[-59.55346985699998,-27.561697582999955],[-59.58142979399997,-27.579552964999948],[-59.51547388899996,-27.607427369999982],[-59.47968264499997,-27.646802840999953],[-59.47750267299995,-27.672077911999963],[-59.47968264399998,-27.646802840999953],[-59.515473887999974,-27.607427369999982],[-59.581429792999984,-27.579552964999948],[-59.55346985699998,-27.561697582999955]],[[-59.24147829599997,-26.43864041699993],[-59.250076527999965,-26.45541759499997],[-59.251614479999944,-26.459602977999964],[-59.24147829599997,-26.43864041699993]],[[-59.35281137599998,-26.69832662899995],[-59.36409411999995,-26.705632885999933],[-59.359199838999984,-26.71062994999994],[-59.35281137599998,-26.69832662899995]],[[-59.817458242999976,-26.514711271999943],[-59.81701075999996,-26.534183902999928],[-59.806273998959306,-26.515087762593375],[-59.817458242999976,-26.514711271999943]],[[-59.672860277367406,-26.913665988890546],[-59.71509724699996,-26.901085930999955],[-59.67286027799997,-26.91366598899998],[-59.672860277367406,-26.913665988890546]],[[-59.830703824999944,-26.90497127599997],[-59.83782453899994,-26.930365708999943],[-59.8341904299665,-26.937783485313126],[-59.821280660999946,-26.92340097999994],[-59.830703824999944,-26.90497127599997]],[[-59.85570320299996,-26.872704730999942],[-59.84449730111342,-26.850658568572502],[-59.85007527799996,-26.85473751099994],[-59.85570320299996,-26.872704730999942]],[[-59.91009547327436,-25.99500015241278],[-59.912750021999955,-26.01834135699994],[-59.892029492141894,-26.055076016202612],[-59.91009547327436,-25.99500015241278]],[[-59.890449492950886,-26.207772616124934],[-59.85283908790489,-26.212253766892115],[-59.89044949299995,-26.207772615999943],[-59.890449492950886,-26.207772616124934]],[[-59.75420280399999,-26.34770225699998],[-59.782680142999936,-26.365854208999963],[-59.75287172999998,-26.351282983999965],[-59.75420280399999,-26.34770225699998]],[[-59.798302909729784,-26.412898839858148],[-59.798302909729784,-26.412898839858144],[-59.85306677899996,-26.379316338999956],[-59.798302909729784,-26.412898839858148]],[[-59.800678912999956,-26.18617784299994],[-59.80067891199997,-26.18617784299994],[-59.82612951112755,-26.181956253144666],[-59.800678912999956,-26.18617784299994]],[[-59.77945502499995,-26.24716743099998],[-59.76868474199995,-26.24027317499997],[-59.78575274273641,-26.22907012431954],[-59.77945502499995,-26.24716743099998]],[[-59.856570124370855,-26.07873596275246],[-59.823519667982296,-26.06573520738634],[-59.82351966799996,-26.065735206999932],[-59.856570124370855,-26.07873596275246]],[[-59.142675975999964,-27.97857231699993],[-59.141158910999934,-27.97941444399993],[-59.14060697799994,-27.97323963699995],[-59.142675975999964,-27.97857231699993]],[[-59.041347846342276,-27.75620432694026],[-59.03906307099999,-27.756336610999938],[-59.02967332594306,-27.740201239775793],[-59.041347846342276,-27.75620432694026]],[[-58.962066865906046,-27.7179248322985],[-58.96206686559708,-27.717924833280467],[-58.96206686499994,-27.717924831999937],[-58.962066865906046,-27.7179248322985]],[[-58.95132445216523,-27.752066661377544],[-58.95082467299994,-27.753655072999948],[-58.94843976862929,-27.753689929482082],[-58.95132445216523,-27.752066661377544]],[[-58.887427231808545,-27.795439919827118],[-58.85801641799998,-27.768876130999956],[-58.850371293999956,-27.70763807399993],[-58.858016419999956,-27.768876130999956],[-58.887427231808545,-27.795439919827118]],[[-58.942499304999956,-27.949820838999983],[-58.898578010999984,-27.867775480999967],[-58.91259590699997,-27.839834159999953],[-58.85836671950256,-27.81426633523693],[-58.91259590799996,-27.839834159999953],[-58.89857801299996,-27.867775480999967],[-58.942499304999956,-27.949820838999983]],[[-58.97601288699997,-27.013131854999983],[-58.98469394199998,-27.012920556999973],[-58.97764354099996,-27.01908986099994],[-58.97601288699997,-27.013131854999983]],[[-58.94904292299998,-26.972093154999982],[-58.953553977999945,-26.967465697999955],[-58.95280464399997,-26.97445160099994],[-58.94904292299998,-26.972093154999982]],[[-58.980334048999964,-27.42826614699993],[-58.98372419599997,-27.43666740599997],[-58.98223535799997,-27.43678656399993],[-58.980334048999964,-27.42826614699993]],[[-58.99134901699995,-27.40025573799994],[-58.969770161999975,-27.412894432999963],[-58.967627179999965,-27.41092109899995],[-58.99134901699995,-27.40025573799994]],[[-59.24714728599997,-27.144171137999933],[-59.24657664699998,-27.146637665999947],[-59.23549152299995,-27.146236302999966],[-59.24714728599997,-27.144171137999933]],[[-58.732707077999976,-26.62264173699998],[-58.744510444999946,-26.617817109999976],[-58.73412448899995,-26.629659044999983],[-58.732707077999976,-26.62264173699998]]],[[[-58.894663940999976,-27.517472620999968],[-58.92277694999996,-27.518899445999978],[-58.916578511999944,-27.474209367999947],[-58.899366794999935,-27.46530135599994],[-58.894663940999976,-27.517472620999968]]],[[[-58.610896381999964,-27.224287026999946],[-58.62895870299997,-27.278275399999927],[-58.76568484799998,-27.358725215999982],[-58.76339953499996,-27.31521535099995],[-58.714618332999976,-27.28473446199996],[-58.71849420399997,-27.234017522999977],[-58.70310770699996,-27.268299741999954],[-58.667474949999985,-27.27561317599998],[-58.65232798499994,-27.237935626999956],[-58.68576049599994,-27.213578949999942],[-58.610896381999964,-27.224287026999946]]]]}},{"type":"Feature","properties":{"PROV":"Mendoza"},"geometry":{"type":"Polygon","coordinates":[[[-68.24913889699997,-37.567209908999985],[-68.36117824299998,-37.549931880999964],[-68.39344197699995,-37.55940849999996],[-68.45555344199994,-37.52533230599994],[-68.50761829699996,-37.45781746599994],[-68.68727283999993,-37.441140151999946],[-68.72100610199993,-37.39182305399993],[-68.78471931299998,-37.37168657999996],[-68.84600060499997,-37.385592531999976],[-69.02469363599994,-37.358996582999964],[-69.02399592999996,-37.26253604699997],[-69.06771104999996,-37.22118282499997],[-69.28301419799993,-37.14301760799998],[-69.53793693099993,-37.170071124999936],[-69.63821209199995,-37.14063420999997],[-69.75483315499997,-37.06802411799998],[-69.77886465099994,-36.91592607699994],[-69.75174786399998,-36.88520585599997],[-69.92484673299998,-36.789228944999934],[-69.92019084799995,-36.75838850799994],[-69.94363329399994,-36.74480177199996],[-69.94554598399998,-36.72200929699994],[-69.97287525599995,-36.69915322799994],[-70.01086756399997,-36.69425307499995],[-70.02435949499994,-36.66086662699996],[-70.18314155599995,-36.48493143799993],[-70.21510196999998,-36.33126923399993],[-70.24458016799997,-36.321343645999946],[-70.30930550899996,-36.33905508599997],[-70.35650919599993,-36.31871512199996],[-70.36918474199996,-36.223874731999956],[-70.39279061199994,-36.19008174499993],[-70.39381218399996,-36.12289862199998],[-70.42635917699994,-36.098997115999964],[-70.41156578099998,-36.05695724499998],[-70.37124061599997,-36.035072326999966],[-70.37938499499995,-35.99017906199998],[-70.42161750799994,-35.976858138999944],[-70.36619758599994,-35.92442703199998],[-70.42595672599998,-35.913682937999965],[-70.42282104499998,-35.87722778299997],[-70.31950950599997,-35.82076454199995],[-70.33801269499997,-35.79608535799997],[-70.37948417699994,-35.78844642599995],[-70.35935211199995,-35.75469970699993],[-70.41807174699994,-35.62980461099994],[-70.38543891899997,-35.605886458999976],[-70.41437148999995,-35.52956581099994],[-70.38837242099999,-35.516624450999984],[-70.39487075799997,-35.48592758199993],[-70.44726371799999,-35.46397399899996],[-70.43496322599998,-35.437208175999956],[-70.45276641799995,-35.391239165999934],[-70.41933631899997,-35.35432052599998],[-70.43772315999996,-35.32320213299994],[-70.56666374199995,-35.29995155299997],[-70.58244323699995,-35.273885726999936],[-70.56846809399997,-35.22464942899995],[-70.54378128099995,-35.20328330999996],[-70.47300147999994,-35.204467772999976],[-70.37866401699995,-35.17372131299993],[-70.36225700399996,-35.13573646499998],[-70.37741661099994,-35.05115699799995],[-70.36415672299995,-35.00576400799997],[-70.33168601999995,-34.98735237099993],[-70.32057380699996,-34.934400557999936],[-70.24858283999998,-34.79969406099997],[-70.30965995799994,-34.76901626599994],[-70.30588340799994,-34.746065139999985],[-70.25779533399998,-34.72827339199995],[-70.24617767299998,-34.691200255999945],[-70.21385192899999,-34.66228485099998],[-70.21439552299995,-34.609481811999956],[-70.15764045699996,-34.549900054999966],[-70.12832260099998,-34.48653221099994],[-70.10265922499997,-34.48470115699996],[-70.01292610199994,-34.41476631199998],[-70.03306961099997,-34.29529762299995],[-69.96976280199993,-34.25349616999995],[-69.91073989899996,-34.29455566399997],[-69.89806938199996,-34.26828575099995],[-69.80784797699994,-34.25077438399995],[-69.79770088199996,-34.209894179999935],[-69.87388420099995,-34.132791518999966],[-69.83486747699999,-34.09043121299993],[-69.85467529299996,-34.059743880999974],[-69.82245826699994,-34.01912498499996],[-69.85651397699996,-33.96368408199993],[-69.90848731999995,-33.96327781699995],[-69.89197540299995,-33.91918563799993],[-69.85878944399997,-33.89393424999997],[-69.90144920299997,-33.84705352799995],[-69.90293502799994,-33.76073837299998],[-69.86736679099994,-33.71463584899993],[-69.88740158099995,-33.68293571499993],[-69.86827850299994,-33.583038329999965],[-69.87513351399997,-33.53950118999995],[-69.83868217499997,-33.51694488499993],[-69.81812095599997,-33.470720290999964],[-69.82251930199993,-33.43162918099995],[-69.79851150499996,-33.42169570899995],[-69.81856155399998,-33.39138603199996],[-69.78008460999996,-33.38371276899994],[-69.77199363699998,-33.34472656299994],[-69.80217552199997,-33.287214278999954],[-69.84285354599996,-33.271701812999936],[-69.86221694899996,-33.28284072899993],[-69.92016792299995,-33.26655769299998],[-70.00603675799994,-33.32321739199995],[-70.00919914199994,-33.28592109699997],[-70.04137992899996,-33.27057456999995],[-70.03073501599994,-33.23228836099997],[-70.05730438199998,-33.226621627999975],[-70.08482932999993,-33.03014564499995],[-70.03398132299998,-33.020895003999954],[-70.02763557399999,-32.96981048599997],[-70.00009536699997,-32.94476318399995],[-69.98990058899994,-32.897895812999934],[-70.04465293899995,-32.87002372699993],[-70.05590820299994,-32.83148193399995],[-70.10695838899994,-32.79440689099994],[-70.14674377399996,-32.72987174999997],[-70.14289665199993,-32.680025100999956],[-70.17025566099994,-32.62574958799996],[-70.15012168899995,-32.58119392399993],[-70.12630195099996,-32.57592191799995],[-70.09044886499998,-32.62019626899996],[-70.05593557399999,-32.620693005999954],[-70.01313766999994,-32.577953126999944],[-70.02303904199994,-32.55946965199996],[-70.00137511399998,-32.52786598499995],[-69.84711204699994,-32.56610135999995],[-69.77258490099996,-32.52687280599997],[-69.70187697199998,-32.51686385299996],[-69.68562512799997,-32.49816275899997],[-69.70152813499993,-32.45025286899994],[-69.68992168099999,-32.428386649999936],[-69.69593886599995,-32.37168229599996],[-69.71243890799997,-32.338895484999966],[-69.62417742599996,-32.242537408999965],[-69.61651411199995,-32.16906517899997],[-69.58904775699995,-32.134515894999936],[-69.52133977599993,-32.13238174899993],[-69.45035753399998,-32.07477412299994],[-69.41204050299996,-32.06470740299994],[-69.30810721299997,-32.08099074099994],[-69.24794067799996,-32.01753099299998],[-69.19162597899998,-31.99977782299993],[-69.11357468699998,-32.00684780399996],[-69.08479270499998,-32.052270034999935],[-68.99389130999998,-32.116375672999936],[-68.91680348999995,-32.11597998499997],[-68.91717738999995,-32.338230059999944],[-68.66509208599996,-32.33623708699997],[-68.46066561099997,-32.23790529499996],[-68.46112441299994,-32.139486674999944],[-68.26547449899994,-32.14461318499997],[-68.21170966399995,-32.11657641299996],[-68.15752669199998,-32.11790353899994],[-68.06470507699999,-32.08129463299997],[-67.95854154799997,-32.09445359499995],[-67.91585246299996,-32.17398783599998],[-67.81860594599993,-32.22666353599993],[-67.74080680099996,-32.223039685999936],[-67.71189742199994,-32.246357588999956],[-67.66397652799998,-32.22879424499996],[-67.59524159499995,-32.24451427599996],[-67.52739010799996,-32.223260470999946],[-67.50079521999999,-32.242300098999976],[-67.47402429399995,-32.30397223399996],[-67.33242729999995,-32.34950221199995],[-67.29640514999994,-32.43182425499998],[-67.28279766399999,-32.53495950799993],[-67.24805230099997,-32.58943808099997],[-67.22179349999993,-32.68291754399996],[-67.18913550699995,-32.70052236399994],[-67.16770350599995,-32.76161795899998],[-67.18474590499994,-32.77198280899995],[-67.17916254799997,-32.82090064399995],[-67.23141743899998,-32.86550310499996],[-67.17979276799997,-33.002820199999974],[-67.18328588699995,-33.130582930999935],[-67.16763393999997,-33.16305511099995],[-67.18238680299999,-33.19674360799996],[-67.17136690099994,-33.30369047599993],[-67.15414678599996,-33.31896262099997],[-67.15215177699997,-33.41352130799993],[-67.10212126399995,-33.49741496099995],[-67.09545590799996,-33.538065693999954],[-67.01110025099996,-33.61695979999996],[-67.00180997899997,-33.668150372999946],[-66.94767747899994,-33.73247084199994],[-66.88599156599997,-33.77051324299998],[-66.86521881199997,-33.83406027899997],[-66.67754344999997,-33.94919371999998],[-66.66305916399995,-33.983688359999974],[-66.70641521199997,-34.02233982699994],[-66.72494197199995,-34.21006733099995],[-66.78408219499994,-34.23146104399996],[-66.79919893399995,-34.25756848599997],[-66.77800683899994,-34.28982197099998],[-66.80612211399995,-34.30748295799998],[-66.81184942299996,-34.34402257599993],[-66.76492142999996,-34.38892630999993],[-66.79212656199996,-34.41180287399993],[-66.75470230699995,-34.451430039999934],[-66.76533748799994,-34.55129374599994],[-66.73852315599999,-34.578184592999946],[-66.68665380999994,-34.69083619299994],[-66.64464382299997,-34.71341416499996],[-66.64604660599997,-34.76354630499998],[-66.61010225699994,-34.77479358199997],[-66.54594189399995,-34.87716618699994],[-66.55392423899997,-34.90759789899994],[-66.52564565199998,-34.94759746899996],[-66.54726120899994,-34.96853612799998],[-66.47913269799994,-35.141524027999935],[-66.49571692199999,-35.15430260499994],[-66.48431755499996,-35.209593009999935],[-66.51970635199996,-35.283375011999965],[-66.49833478999994,-35.32008761399993],[-66.52639922699996,-35.419557613999984],[-66.51772552399996,-35.472479144999966],[-66.54013004099994,-35.56157870099997],[-66.56981200799999,-35.58896274199998],[-66.54942323999995,-35.64359743399996],[-66.62274024099997,-35.85373833299997],[-66.62100800599995,-35.96862599999997],[-66.63850722299998,-36.002475749999974],[-68.27018955499994,-36.00039053599994],[-68.30005146199994,-36.019427657999984],[-68.29756898099998,-36.17226514499998],[-68.24823124599993,-36.17297127599994],[-68.24913889699997,-37.567209908999985]],[[-68.85662894899997,-32.83982855599993],[-68.85254460299996,-32.85386110999997],[-68.85002875599997,-32.83860384899998],[-68.85662894899997,-32.83982855599993]],[[-69.06808659299998,-33.10552753799993],[-69.06412329299997,-33.13283416499996],[-69.06522862899993,-33.106714317999945],[-69.06808659299998,-33.10552753799993]],[[-68.78808941799997,-34.23851536099994],[-68.89956512099997,-34.22337113499998],[-68.94272188599996,-34.270207813999946],[-68.95178817299995,-34.329846421999946],[-68.90765848199999,-34.39534386199995],[-68.93840066199994,-34.46967502299998],[-68.92681665199996,-34.539507439999966],[-68.98218189099998,-34.53414047199993],[-69.04377173399996,-34.589037572999985],[-69.10788440699997,-34.58215154299995],[-69.13995935799994,-34.61888290299993],[-69.02293087499999,-34.64632034099998],[-69.01306508499994,-34.60594164099996],[-68.94836732699997,-34.65000438299995],[-68.79928394899997,-34.68502660399997],[-68.78476800599998,-34.71248755999994],[-68.83253532399993,-34.75039750899998],[-68.84831285899998,-34.791155629999935],[-68.78067202199998,-34.84847132099998],[-68.74685832099993,-34.851695606999954],[-68.66263851899998,-34.79790414799993],[-68.65763344199996,-34.742724512999985],[-68.58516766499997,-34.728311642999984],[-68.50423108999996,-34.81045907399994],[-68.57137880299996,-34.830043933999946],[-68.56246485799994,-34.84751507399994],[-68.59435213999996,-34.876885665999964],[-68.64226074099997,-34.89130214299996],[-68.66318725499997,-34.913363266999966],[-68.64530069399996,-34.96435347599993],[-68.71133907099994,-35.02877626999998],[-68.77600649399994,-35.04389505699993],[-68.80724517399995,-35.018520026999965],[-68.82303221199999,-34.97236966099996],[-68.84609750599998,-34.963541859999964],[-68.82104438099998,-35.060142972999984],[-68.77621957999997,-35.08147475599998],[-68.75866936799997,-35.16290905899996],[-68.73011168799997,-35.15774820699994],[-68.71464049499997,-35.08543015199996],[-68.67341587699997,-35.056167562999974],[-68.66384763199994,-35.01900640399998],[-68.60666900099994,-34.99983885699993],[-68.53710726499997,-35.00665946099997],[-68.48801437899994,-34.94536690299998],[-68.47222551699997,-34.90753201699994],[-68.48292042499997,-34.87704632599997],[-68.45776549599998,-34.87915678199994],[-68.44448353499996,-34.942329316999974],[-68.39389944499999,-34.992943483999966],[-68.37339923799993,-35.05833450299997],[-68.33412534999997,-35.06550261999996],[-68.32802732399995,-34.95018567499994],[-68.34745382099999,-34.911437811999974],[-68.32187506399998,-34.845813368999984],[-68.32853884099995,-34.812061454999935],[-68.30138151099999,-34.792713049999975],[-68.30824815799997,-34.76445034899996],[-68.39406212999995,-34.757097803999955],[-68.40340749799998,-34.79288577899996],[-68.43050637899995,-34.79680948399994],[-68.57043371999998,-34.65464750299998],[-68.59718112699994,-34.516682371999934],[-68.72015104799993,-34.396398457999965],[-68.74021299999998,-34.29185762999998],[-68.78808941799997,-34.23851536099994]],[[-68.34191308099997,-35.985824229999935],[-68.43100781899994,-35.988791204999984],[-68.50936246899994,-35.92609222799996],[-68.51842666999994,-35.953145769999935],[-68.57647456399997,-35.95694221699995],[-68.61045894999995,-35.93550906899998],[-68.68328257999997,-35.949955272999944],[-68.66371012099995,-35.97375190099996],[-68.62566334399997,-35.98048432099995],[-68.59978255899995,-36.049696764999965],[-68.52224781999996,-36.10369373699996],[-68.44997909199998,-36.08535200999995],[-68.39884291199996,-36.105341357999976],[-68.35904850499998,-36.10113867499996],[-68.38648399799996,-36.045789569999954],[-68.35470682599998,-36.03740138899997],[-68.34191308099997,-35.985824229999935]],[[-68.39512893199998,-36.130324445999975],[-68.42582698399997,-36.202456351999956],[-68.37451037199997,-36.22957840699996],[-68.35302281599996,-36.19947091599994],[-68.37415738599998,-36.18020589099996],[-68.35806617899993,-36.14820764999996],[-68.36486555299996,-36.127188961999934],[-68.39512893199998,-36.130324445999975]],[[-68.91140716099994,-37.12938467899994],[-68.78609467999996,-37.101044430999934],[-68.82274945199998,-37.06126322999995],[-68.83128186599998,-37.01677596199994],[-68.90438878999998,-36.95977728599996],[-69.00466849599997,-36.98792032399996],[-68.98303674699997,-37.02421830299994],[-69.02474433599997,-37.055313223999974],[-68.99124541299994,-37.105374187999985],[-69.00613989199996,-37.11999462599994],[-68.93923371299996,-37.110855941999944],[-68.91140716099994,-37.12938467899994]],[[-69.55023318899998,-35.747087145999956],[-69.54312956799998,-35.73865280499996],[-69.53988858699995,-35.734804003999955],[-69.55023318899998,-35.747087145999956]],[[-69.62615471999999,-36.30042182699998],[-69.63792276699996,-36.31120738299995],[-69.64448199299994,-36.31772477699997],[-69.62615471999999,-36.30042182699998]],[[-69.14068279699995,-35.72601000199995],[-69.13253970599999,-35.64978925599996],[-69.10012503799999,-35.59493231199997],[-69.12701699799999,-35.519798736999974],[-69.14710406499995,-35.50590934099995],[-69.19519659999997,-35.51136056399997],[-69.19741649499997,-35.559363909999945],[-69.15348239499997,-35.617306551999945],[-69.17421143599995,-35.64116039999993],[-69.16412428899997,-35.734960669999964],[-69.14068279699995,-35.72601000199995]],[[-69.62837193199994,-35.55860044499997],[-69.66103915499997,-35.54344093499998],[-69.66456050499994,-35.51911174399993],[-69.66103915599996,-35.54344093499998],[-69.62837193199994,-35.55860044499997]],[[-69.58443862099995,-35.072632822999935],[-69.56997484399994,-35.07045160499996],[-69.58977747999995,-35.066866877999985],[-69.58443862099995,-35.072632822999935]],[[-69.55557253699993,-35.05784132499997],[-69.55173902799999,-35.05120209599994],[-69.56123289699997,-35.06763952499995],[-69.55557253699993,-35.05784132499997]],[[-68.92088498699997,-34.948978429999954],[-68.84890093699994,-34.95090296999996],[-68.82850237799994,-34.93232275699995],[-68.85737972499999,-34.902568308999946],[-68.90182636899993,-34.89894735299998],[-68.92088498699997,-34.948978429999954]],[[-69.16730194099995,-33.29748910099994],[-69.16014496499997,-33.30357354599994],[-69.15050909399997,-33.31176517899996],[-69.16730194099995,-33.29748910099994]],[[-69.20558319199995,-33.25923616099993],[-69.17994088399996,-33.281360366999934],[-69.22365983299994,-33.23030111099996],[-69.20558319199995,-33.25923616099993]],[[-69.49788342299996,-34.77069341799995],[-69.51124524099998,-34.78642741999994],[-69.50479736199998,-34.83622222499997],[-69.51124523999994,-34.78642741999994],[-69.49788342299996,-34.77069341799995]],[[-69.46503976999998,-34.950554377999936],[-69.45527385399998,-34.97691954399994],[-69.48165412699996,-34.97955045499998],[-69.45527385299994,-34.97691954399994],[-69.46503976999998,-34.950554377999936]],[[-68.56704770899995,-35.535830379999936],[-68.51546187899999,-35.60564793899994],[-68.42469404599996,-35.618403023999974],[-68.37077625999996,-35.59100404999998],[-68.37565007599994,-35.56384161999995],[-68.40540452799996,-35.54890867699993],[-68.40094762699994,-35.511169009999946],[-68.47790492399997,-35.489488404999975],[-68.55638058299996,-35.508012658999974],[-68.64349439299997,-35.482206152999936],[-68.60793929799996,-35.45104513599995],[-68.61613376699995,-35.39165701799993],[-68.65020880499998,-35.40292240399998],[-68.64435880199994,-35.439391729999954],[-68.69191825999997,-35.45253572399997],[-68.65648445999994,-35.50436621399996],[-68.56704770899995,-35.535830379999936]],[[-68.75731466899998,-35.43019261799998],[-68.78466041799999,-35.40192537899998],[-68.80966834199995,-35.43113134799995],[-68.84464370699999,-35.428797320999934],[-68.83058630499994,-35.46515383999997],[-68.74736626199996,-35.53026911899997],[-68.76486449499998,-35.45735016799995],[-68.75731466899998,-35.43019261799998]],[[-68.83789450599994,-35.64588005099995],[-68.81619941399998,-35.598897705999946],[-68.91778145799998,-35.61682431199995],[-68.89078197199996,-35.651562515999956],[-68.83789450599994,-35.64588005099995]],[[-68.45075179799994,-35.73523483899993],[-68.42247093699996,-35.67822368699996],[-68.46206726299994,-35.640716760999965],[-68.51596914199996,-35.66795304599998],[-68.52379691399994,-35.642172691999974],[-68.56558973699998,-35.64956645299998],[-68.55022261599999,-35.698959145999936],[-68.56514599899998,-35.71931894699998],[-68.51684229999995,-35.743044975999965],[-68.45075179799994,-35.73523483899993]],[[-68.36539642599996,-35.72356604699996],[-68.39473321999998,-35.712807633999944],[-68.39683306799998,-35.73836025099996],[-68.35090517099997,-35.73735386399994],[-68.31518659599993,-35.684993703999965],[-68.35717019199996,-35.69305798199997],[-68.36539642599996,-35.72356604699996]],[[-68.70056943899993,-35.72047662699998],[-68.76066090899997,-35.71223865199994],[-68.76272284499998,-35.73912713399994],[-68.71993516999999,-35.75411290899996],[-68.67560213499996,-35.746045064999976],[-68.70056943899993,-35.72047662699998]],[[-68.91104772599994,-35.822248359999946],[-68.93660588099993,-35.84193156799995],[-68.91395267699994,-35.86898962199996],[-68.87756700299997,-35.881569001999935],[-68.85030833599996,-35.871721030999936],[-68.80941672699998,-35.896815576999984],[-68.78477484299998,-35.888764496999954],[-68.83975677799998,-35.744183577999934],[-68.89471692099994,-35.70428614499997],[-68.91146569899996,-35.75131049299995],[-68.92718004499994,-35.69613228999998],[-69.00448476199995,-35.67987959399994],[-68.91104772599994,-35.822248359999946]],[[-68.69135724499995,-35.68103255999995],[-68.73279635099993,-35.644750097999975],[-68.77709982199997,-35.668831470999976],[-68.74702750099993,-35.69492300799993],[-68.69135724499995,-35.68103255999995]],[[-69.06807284899998,-36.035546334999935],[-69.02413535199997,-36.03009933399994],[-69.01435026399997,-36.00570610799997],[-69.05545808099998,-35.98921242299997],[-69.07723079499993,-36.01341403299995],[-69.06807284899998,-36.035546334999935]],[[-68.86590693999995,-36.068713386999946],[-68.90579945099995,-36.09507183399995],[-68.97511159599998,-36.10424436399995],[-68.86540532799995,-36.13900058699994],[-68.82605071899997,-36.119032653999966],[-68.83920263399995,-36.082927894999955],[-68.86590693999995,-36.068713386999946]],[[-68.50986257599993,-36.29008364099997],[-68.54141306799994,-36.288148708999984],[-68.54812272899994,-36.32683480399993],[-68.51960156799998,-36.327903376999984],[-68.46858277699994,-36.29719922499993],[-68.49096198299998,-36.26254969799993],[-68.50986257599993,-36.29008364099997]],[[-68.77585661699999,-33.40145324699995],[-68.69929984099997,-33.33448484199994],[-68.73114591299998,-33.292241015999934],[-68.76209903399996,-33.36378307499996],[-68.79738830499997,-33.39561014699996],[-68.77585661699999,-33.40145324699995]],[[-67.54449707999999,-33.15635912299996],[-67.53877567799998,-33.14835266499995],[-67.55793455399998,-33.156898990999935],[-67.54449707999999,-33.15635912299996]],[[-67.27475771999997,-33.03412404699998],[-67.27553240199995,-33.04757620799995],[-67.26981024299994,-33.016621646999965],[-67.27475771999997,-33.03412404699998]]]}},{"type":"Feature","properties":{"PROV":"Jujuy"},"geometry":{"type":"Polygon","coordinates":[[[-66.65992400699997,-24.19316178799994],[-66.73232724599995,-24.10453668599996],[-66.77765581899996,-24.118826179999928],[-66.79380558599996,-24.08983047299995],[-66.77482715399998,-24.054640787999972],[-66.78254783899996,-23.991270620999956],[-66.77060804499996,-23.951697905999936],[-66.79183613099997,-23.930816774999982],[-66.78354765399996,-23.850978319999967],[-66.73150768099998,-23.713744773999963],[-66.71535904299998,-23.614500919999955],[-66.73163428599997,-23.61089990499994],[-66.74277125399993,-23.669155321999938],[-66.80441378899997,-23.736630798999954],[-66.78655053099993,-23.77780032499993],[-66.85617595799994,-24.044207399999948],[-66.87709276899994,-24.018955997999967],[-66.92284468099996,-24.00937406099996],[-66.93972438699996,-23.970428182999967],[-67.00112095999998,-23.96870583799995],[-67.00166666399997,-23.877252965999958],[-67.13980548899997,-23.774087361999932],[-67.22759517699996,-23.737372260999962],[-67.02340415199996,-23.101368738999952],[-66.98621162599994,-23.166947472999937],[-66.96395472499995,-23.12886453899995],[-67.01355860299998,-23.070707529999936],[-66.99172592199994,-23.00086593599997],[-67.18168640099998,-22.815156936999983],[-67.12842178299996,-22.721851348999962],[-67.01474126099998,-22.65433918499997],[-67.02792739899996,-22.540603637999936],[-66.97360038799997,-22.54039382899998],[-66.93018150299997,-22.492984771999943],[-66.78637215799995,-22.439373647999957],[-66.73357458099997,-22.234667806999937],[-66.68869590799994,-22.210197448999963],[-66.63905143699998,-22.225120543999935],[-66.62386321999998,-22.197126388999948],[-66.35966873199993,-22.13238143899997],[-66.28761672999997,-22.083023070999957],[-66.27515029899996,-21.943048476999934],[-66.23508453399995,-21.84304618799996],[-66.24160385099998,-21.786687850999954],[-66.08101061199994,-21.833345838999946],[-66.04395294199998,-21.871641158999978],[-66.04838544099994,-21.91431007099993],[-65.91623015199997,-21.94430768199993],[-65.80547523499996,-22.07496452299995],[-65.75277031699994,-22.103538379999975],[-65.71376609799995,-22.09495162999997],[-65.65865580599996,-22.10846222799995],[-65.57330894499995,-22.076292037999963],[-65.49639750999995,-22.092907079999975],[-65.19016769799998,-22.08511114099997],[-65.19726395199996,-22.135589422999942],[-65.22184083299999,-22.16243951599995],[-65.24379488499994,-22.33339269499993],[-65.29096865799994,-22.379690584999935],[-65.31723520699995,-22.47110091099995],[-65.33707622799994,-22.49153433899994],[-65.33795123999994,-22.59024458999994],[-65.27005439099997,-22.63954332999998],[-65.29205745499996,-22.745243123999956],[-65.25007148499998,-22.857359306999967],[-65.24495812199996,-22.94131506399998],[-65.18771285499997,-22.982814622999967],[-65.03456756799994,-22.999271936999946],[-65.01216092999994,-23.029525616999933],[-65.02926205499995,-23.277110981999954],[-64.94323306299998,-23.33977777299998],[-64.90494705899994,-23.427167527999927],[-64.87837179099995,-23.44690832699996],[-64.88806811299997,-23.477093181999976],[-64.86368405699994,-23.517462744999932],[-64.53082495299998,-23.523460230999945],[-64.48122481199994,-23.57068491299998],[-64.50821762499999,-23.563689969999928],[-64.45128183799994,-23.58946999699998],[-64.44126916799996,-23.624977030999958],[-64.40611664299996,-23.613423602999944],[-64.34638814399995,-23.506219430999977],[-64.17083560199995,-23.509615552999946],[-64.18318690599995,-24.11018665499995],[-64.18198578899995,-24.18297001299993],[-64.16654688799997,-24.213460462999933],[-64.18160627599997,-24.29621459899994],[-64.22663549899994,-24.354230770999948],[-64.23077733799994,-24.38940846199995],[-64.28836416799999,-24.449514223999984],[-64.35059406499994,-24.441674759999955],[-64.41219967299998,-24.471122503999936],[-64.44752296299998,-24.509632996999983],[-64.48848136999999,-24.510907523999947],[-64.57365246999996,-24.61951004599996],[-64.61427656599994,-24.63028985699998],[-64.69249331799995,-24.553506254999945],[-64.80593434599996,-24.492311926999946],[-64.84553441199995,-24.525164786999937],[-64.84704644499993,-24.594774015999974],[-64.87395548599994,-24.61118350099997],[-65.05006145699997,-24.575401822999936],[-65.06831771099996,-24.53899081999998],[-65.17732002199995,-24.463750322999942],[-65.26978850599994,-24.508900745999938],[-65.34264137199995,-24.49458822799994],[-65.34564836399994,-24.470812561999935],[-65.39894653899995,-24.47155115099997],[-65.44229432699996,-24.447605714999952],[-65.44276094799994,-24.42909829599995],[-65.50549406699997,-24.45800195099997],[-65.56505656899998,-24.428252880999935],[-65.62811721299994,-24.37926286299995],[-65.62629816499998,-24.331269350999946],[-65.66775748399994,-24.30080745999993],[-65.66763076499996,-24.269916231999957],[-65.71397911299994,-24.236269706999963],[-65.71217318799995,-24.20663144499997],[-65.73831972299996,-24.18904871199993],[-65.74681467799996,-24.11871670299996],[-65.78204907399999,-24.105082968999966],[-65.77384580599994,-24.08217987699993],[-65.84139645599998,-24.01697318999993],[-65.89744435599994,-23.990855084999964],[-65.97387157599996,-23.98028140699995],[-66.00008553699996,-23.991100461999963],[-66.02590159299996,-23.964913296999953],[-66.01548106099995,-23.931309110999962],[-66.05384511599993,-23.866519669999946],[-66.03554538099996,-23.75737771499996],[-65.97083834599994,-23.726632265999967],[-65.90840575699997,-23.66782279299997],[-65.86319541599994,-23.56879797099998],[-65.86534063199997,-23.542276379999976],[-65.98546216199998,-23.671027162999962],[-66.02717951799997,-23.67831837199998],[-65.98728551899995,-23.513824427999964],[-66.07766159499994,-23.47522822999997],[-66.14583310599994,-23.42477892499994],[-66.20293093699996,-23.42678570099997],[-66.24222870899996,-23.391534675999935],[-66.30301816599996,-23.378056181999966],[-66.34288823099996,-23.338703046999967],[-66.40090003899996,-23.56710353999995],[-66.36475917999996,-23.87910609399995],[-66.36629112099996,-24.031571032999977],[-66.38943188899998,-24.06459603299993],[-66.38310874899997,-24.109234971999967],[-66.42348357599997,-24.16204289199993],[-66.49648864599993,-24.201920307999956],[-66.55939171599994,-24.215196379999952],[-66.65992400699997,-24.19316178799994]],[[-66.27865104540265,-22.011111912688786],[-66.25648465299997,-21.941520414999957],[-66.27865104540265,-22.01111191268878],[-66.27865104540265,-22.011111912688786]],[[-66.70657065199998,-23.56829599499997],[-66.65961175999996,-23.45468380799997],[-66.66586681799998,-23.39892225899996],[-66.70522742099996,-23.38233432399994],[-66.73123468699998,-23.399180353999952],[-66.76128282999997,-23.477939351999964],[-66.73424601399995,-23.572559169999977],[-66.70657065199998,-23.56829599499997]],[[-67.02037831799998,-23.23569237299995],[-67.04633660099995,-23.268953470999975],[-67.06624840399996,-23.33087355699996],[-67.03053257099998,-23.336855541999967],[-67.03272908299994,-23.305514324999933],[-67.00427028199994,-23.26917290199998],[-67.02037831799998,-23.23569237299995]],[[-66.78796806999998,-22.703075147999982],[-66.78495949166303,-22.672381164218244],[-66.81177620999995,-22.675123820999943],[-66.78796806999998,-22.703075147999982]],[[-66.93721197299993,-22.623633663999954],[-66.91467702299997,-22.649938798999983],[-66.92090546399999,-22.61286808799997],[-66.87458520799998,-22.576514177999968],[-66.91774090499996,-22.553832178999983],[-66.93721197299993,-22.623633663999954]],[[-65.94964421599997,-23.297173159999943],[-65.93101766399997,-23.339459830999942],[-65.93432889199994,-23.404573521999964],[-65.89310398999999,-23.38591366399993],[-65.88530955899995,-23.33145594499996],[-65.89040916699997,-23.253332602999933],[-65.91877482399997,-23.209906625999963],[-65.94964421599997,-23.297173159999943]],[[-65.95045020099997,-22.30861569299998],[-65.99582591199999,-22.257231254999965],[-66.00193287099995,-22.297323894999977],[-66.02660985599994,-22.309651062999933],[-66.04767052499994,-22.39933835499994],[-66.03186445799997,-22.421505498999977],[-65.98351522599995,-22.419279572999983],[-65.95045020099997,-22.30861569299998]]]}},{"type":"Feature","properties":{"PROV":"Santiago del Estero"},"geometry":{"type":"MultiPolygon","coordinates":[[[[-64.84688306499999,-29.33189472099997],[-64.82906291699999,-29.275671543999977],[-64.78467954999996,-29.274475791999976],[-64.84402209299998,-29.223900596999954],[-64.86227884999994,-29.033116853999957],[-64.89125186299998,-28.968746437999982],[-64.90043152299995,-28.862176827999974],[-65.01536948299997,-28.73839430099997],[-65.11327106099998,-28.719107037999947],[-65.13297907699996,-28.693651344999978],[-65.14025559499999,-28.653055153999958],[-65.09110826599994,-28.419342924999967],[-65.11306713299996,-28.180869942999948],[-65.17678476399993,-27.954332551999983],[-65.17633171399996,-27.91641200099997],[-65.14591767999997,-27.871784176999938],[-65.09198960599997,-27.89061722899993],[-65.04074186799994,-27.875544416999958],[-64.99971995099997,-27.73740400799994],[-64.96966046899996,-27.724999631999935],[-65.01564280899998,-27.616573426999935],[-64.95747187899997,-27.61539410699993],[-64.93605421499996,-27.580243696999958],[-64.86921822999994,-27.561282104999975],[-64.87699844899998,-27.522994788999938],[-64.95224265299998,-27.452545403999977],[-65.01304331099993,-27.440751018999947],[-64.96910505699998,-27.33794887399995],[-64.93457956999998,-27.344112035999956],[-64.91893933199998,-27.328411701999983],[-64.84547062199994,-27.35763115499998],[-64.81897306599996,-27.398633532999952],[-64.80772578599993,-27.393119292999984],[-64.80694091799995,-27.362997061999977],[-64.82236219799995,-27.35058900799993],[-64.81326110999998,-27.34001522999995],[-64.88143808899997,-27.31642808099997],[-64.85890385799996,-27.30927379999997],[-64.78580880499999,-27.13590571499998],[-64.69535542899996,-26.811400178999975],[-64.62859669799997,-26.804729708999957],[-64.58898120499998,-26.66779165899993],[-64.50222759299999,-26.678455243999963],[-64.51658817199996,-26.56855631899998],[-64.50585466699994,-26.525037777999955],[-64.52573415699999,-26.427823802999967],[-64.51341889099996,-26.355738455999983],[-64.47095763999994,-26.31522125999993],[-64.49479715399997,-26.241364620999946],[-64.38801382899999,-26.08400324799993],[-64.39976654099996,-26.04414503199996],[-64.26490703799993,-25.699531871999966],[-64.22251463199996,-25.706021991999933],[-64.19470167199995,-25.80148627699998],[-64.16552541799996,-25.731427246999942],[-64.01649320699994,-25.75180553699994],[-64.00833917699998,-25.66906795899996],[-63.86741990099995,-25.688019262999944],[-63.682101355999976,-25.687420723999935],[-63.568330413999945,-25.713922416999935],[-63.48270833399994,-25.713374872999964],[-63.425458995999975,-25.653340654999965],[-61.713052268999945,-25.654671013999973],[-61.71116219099997,-27.999944150999966],[-61.72144733399995,-28.079163575999928],[-61.751891941999986,-28.045156233999933],[-61.834542744999965,-28.02537996899997],[-61.861533444999964,-28.003008740999974],[-61.910200127999985,-28.00054758799996],[-61.90121451999994,-28.026152692999972],[-61.78131438699995,-28.071103981999954],[-61.72742297299993,-28.114357231999975],[-61.94850655999994,-29.396764305999966],[-61.98835004599994,-29.40588913299996],[-62.08389053399998,-29.35197291999998],[-62.166231154999934,-29.363520231999928],[-62.26488127699997,-29.347756385999958],[-62.32016928499996,-29.273252854999953],[-62.46850340399993,-29.142085751999957],[-62.53225829499996,-29.12313906099996],[-62.59245348799993,-29.076980619999972],[-62.62270115299998,-29.082841642999938],[-62.63147107399993,-29.114452894999943],[-62.47041034899996,-29.172811068999977],[-62.37725103899999,-29.24981527899996],[-62.297650371999964,-29.36589799999996],[-62.22600051499995,-29.38443213599993],[-62.10988199899998,-29.37836516699997],[-61.97714803499997,-29.427538606999974],[-61.95095245099998,-29.411008394999953],[-61.99724894199994,-29.464795685999945],[-61.987420974999964,-29.476869179999937],[-61.957720252999934,-29.455960284999946],[-62.128317857999946,-30.478566823999984],[-62.18124079599994,-30.347611334999954],[-62.17828734999995,-30.25412303199994],[-62.19913411899995,-30.181841559999953],[-62.18977045499997,-30.132079826999984],[-62.23882757699994,-29.997210639999935],[-62.257119631999956,-30.010619857999984],[-62.31539030699997,-30.007881275999978],[-62.37429224699997,-29.975264740999933],[-62.40353454299998,-29.988230734999945],[-62.444692679999946,-29.977230143999975],[-62.45771260499998,-29.99105782199996],[-62.425786140999946,-30.01967642799997],[-62.44568419899997,-30.123514867999972],[-62.463468466999984,-30.13213669399994],[-62.52253649399995,-30.10964557099993],[-62.52001964899995,-30.055287190999934],[-62.61866623599997,-30.016345629999932],[-62.67344373499998,-29.92404228099997],[-62.74178923299996,-29.866982993999954],[-62.77439952499998,-29.752497559999938],[-62.83718800299994,-29.639711423999984],[-62.94150126799997,-29.576458684999977],[-62.986439007999934,-29.484025284999973],[-63.06714149599998,-29.42289730599998],[-63.10606606399995,-29.442662215999974],[-63.13215710299994,-29.543427212999973],[-63.073397409999984,-29.616666625999983],[-63.04864950899997,-29.673045527999932],[-63.037914858999955,-29.69274353399993],[-63.00081606599997,-29.723245609999935],[-62.82631094899995,-29.794265738999968],[-62.83651316999993,-29.854980299999966],[-63.44735887199994,-29.75596213999995],[-63.44734075699995,-29.71910546199996],[-63.475499164999974,-29.716681193999932],[-63.47157822799994,-29.675162272999955],[-63.78815410699997,-29.640452856999957],[-63.79802923099999,-29.614511653999955],[-63.76277108499994,-29.604418774999942],[-63.78936674499994,-29.566292653999938],[-63.82382470899995,-29.56616420499995],[-63.87421504499997,-29.623651155999937],[-63.95950409899996,-29.62348477499995],[-63.97629355199996,-29.549407043999963],[-64.34052433499994,-29.506965656999967],[-64.28736240899997,-29.458329496999966],[-64.21263082299998,-29.281507690999945],[-64.13728110199997,-29.21742396199994],[-64.10286733099997,-29.14371857499998],[-64.13152043399998,-29.099714732999928],[-64.11664653999998,-29.057472574999963],[-64.05350733199998,-28.986451501999966],[-63.99355333899996,-28.94812672599994],[-63.931700003999936,-28.94780645299994],[-63.77570812299996,-28.89707318099994],[-63.77474013999995,-28.869980324999972],[-63.82620095499993,-28.84793691599998],[-63.88870108899994,-28.83382632699994],[-63.913086120999935,-28.84641230999995],[-63.958356272999936,-28.827042706999976],[-63.97717469699995,-28.864122325999972],[-64.03163119199996,-28.858256195999957],[-64.15404580699993,-28.78301334899993],[-64.24104722399994,-28.801386691999937],[-64.24984745499995,-28.82895341899996],[-64.33721798999994,-28.792363701999932],[-64.33493955799997,-28.760582916999965],[-64.38279477699996,-28.72671116899994],[-64.38453363799994,-28.698839091999957],[-64.43828384999995,-28.842142657999943],[-64.61476321299995,-29.03485873099993],[-64.62992914799997,-29.068973106999977],[-64.60616618199998,-29.10143325599995],[-64.61914046099997,-29.132956959999945],[-64.58728315699994,-29.242019719999973],[-64.59481205199995,-29.297004932999982],[-64.65110333499996,-29.39428623999993],[-64.61715015699997,-29.526978394999958],[-64.83617546899995,-29.550580985999943],[-64.79069790199998,-29.401638206999962],[-64.84688306499999,-29.33189472099997]],[[-65.13476032435108,-27.985749343996343],[-65.13476032435108,-27.98574934399634],[-65.15814317899998,-28.00284450999993],[-65.13476032435108,-27.985749343996343]],[[-65.02628589299997,-27.869398948999958],[-65.02456731499996,-27.87159361199997],[-65.03471337899998,-27.85863416799998],[-65.02628589299997,-27.869398948999958]],[[-62.647485863999975,-29.099731044999942],[-62.64498349199994,-29.103434619999973],[-62.63147107399993,-29.114452894999943],[-62.647485863999975,-29.099731044999942]],[[-63.60684386899999,-26.246813231999965],[-63.59971319999994,-26.25066472499998],[-63.602822454999966,-26.248484109999936],[-63.60684386899999,-26.246813231999965]],[[-63.46949664799996,-26.455376514999955],[-63.47063714099994,-26.449491800999965],[-63.47207105199993,-26.44484726099995],[-63.46949664799996,-26.455376514999955]],[[-63.19068784499996,-27.41883683499998],[-63.18536696399997,-27.37932745699993],[-63.20305379699994,-27.384799235999935],[-63.19068784499996,-27.41883683499998]],[[-63.240816775999974,-27.64514169699993],[-63.22668478099996,-27.63197836599994],[-63.245271320949655,-27.63625053345662],[-63.240816775999974,-27.64514169699993]],[[-63.200277712999934,-27.757381324999983],[-63.196936462999986,-27.691229997999983],[-63.20623490999998,-27.703525644999957],[-63.200277712999934,-27.757381324999983]],[[-63.12474348799998,-27.827366363999943],[-63.11199469699994,-27.767815790999975],[-63.129897925615246,-27.825300703176147],[-63.12474348799998,-27.827366363999943]],[[-63.06161419799997,-27.902406233999955],[-63.065442401999974,-27.886920522999958],[-63.06855911499997,-27.894689281999945],[-63.06161419799997,-27.902406233999955]],[[-62.88941911399996,-28.32610470999998],[-62.886246179999944,-28.321946391999973],[-62.88736728599997,-28.311370187999955],[-62.88941911399996,-28.32610470999998]],[[-63.113492330999975,-28.450123186999974],[-63.103254995999976,-28.453477561999932],[-63.09793093899998,-28.44809704499994],[-63.113492330999975,-28.450123186999974]],[[-63.06685566599998,-29.17977197999994],[-63.03796159099994,-29.165511152999954],[-63.06685566618646,-29.17977197959843],[-63.06685566599998,-29.17977197999994]],[[-62.90595253199996,-28.862959183999976],[-62.902729962999956,-28.85418172699997],[-62.908970257999954,-28.84384621299995],[-62.90595253199996,-28.862959183999976]],[[-62.92896381799994,-29.474065881999934],[-62.90886408499995,-29.49148277699993],[-62.91462161399994,-29.48001697899997],[-62.92896381799994,-29.474065881999934]],[[-62.96482046799997,-29.475020193999967],[-62.96114779299995,-29.48390238099995],[-62.95838456299998,-29.47828632599993],[-62.96482046799997,-29.475020193999967]],[[-63.38283377499994,-29.16515264399993],[-63.38331329499994,-29.16740634499996],[-63.37552872499998,-29.176495745999944],[-63.38283377499994,-29.16515264399993]],[[-63.53350098899995,-29.588328703999935],[-63.521049018999975,-29.58977213399993],[-63.533822407999935,-29.58829142899998],[-63.53350098899995,-29.588328703999935]],[[-64.56028729499997,-27.126370168999983],[-64.56730341899998,-27.12765440399994],[-64.55562300999998,-27.131647657999963],[-64.56028729499997,-27.126370168999983]],[[-64.26259782486768,-27.327576780657022],[-64.32058279299997,-27.361900789999936],[-64.26259782486768,-27.327576780657026],[-64.26259782486768,-27.327576780657022]],[[-64.25006486099994,-27.343914336999944],[-64.25119412861856,-27.342442261157384],[-64.29203046099997,-27.373371986999928],[-64.25006486099994,-27.343914336999944]],[[-64.31078137299994,-27.40672664699997],[-64.31074382805741,-27.406659860979495],[-64.32938980199998,-27.40447850299995],[-64.31078137299994,-27.40672664699997]],[[-64.47119757599995,-27.241341991999946],[-64.51511367599994,-27.17137643899997],[-64.55603952499996,-27.19908500899993],[-64.51736574199998,-27.28092147899997],[-64.50300199999998,-27.407529883999928],[-64.43067062699998,-27.412290644999928],[-64.35961358599997,-27.39494693499995],[-64.36980156599998,-27.380277813999953],[-64.45307428999996,-27.39954321299996],[-64.48510484199994,-27.389890245999936],[-64.49426006599998,-27.33582341999994],[-64.47220254099994,-27.325874898999928],[-64.47119757599995,-27.241341991999946]],[[-64.43526712399995,-27.414936689999934],[-64.42639327299997,-27.41343375599996],[-64.43067062699998,-27.412290644999928],[-64.43526712399995,-27.414936689999934]],[[-64.55782929399999,-27.449406738999983],[-64.56669408399995,-27.44270505099996],[-64.57003152899995,-27.44171543699997],[-64.55782929399999,-27.449406738999983]],[[-64.34099804299996,-27.70905617899996],[-64.34325222199993,-27.697956597999962],[-64.34299122899995,-27.706235711999966],[-64.34099804299996,-27.70905617899996]],[[-64.14000158599998,-28.006199591999973],[-64.13568983599998,-28.004253584999958],[-64.14706878699997,-28.000758338999958],[-64.14000158599998,-28.006199591999973]],[[-64.18041147699995,-28.061790430999963],[-64.18208033399998,-28.048041300999955],[-64.19154669099999,-28.050357495999947],[-64.18041147699995,-28.061790430999963]],[[-64.29806928799997,-28.437342472999944],[-64.29420086399995,-28.430073230999938],[-64.30158582299998,-28.43370184799994],[-64.29806928799997,-28.437342472999944]],[[-64.76898408599993,-27.81725541399993],[-64.77183208599996,-27.811830821999934],[-64.77040125099995,-27.82310924099994],[-64.76898408599993,-27.81725541399993]],[[-64.74702848299995,-28.006239921999963],[-64.75008683599998,-28.010946718999946],[-64.74238737599995,-28.017440258999954],[-64.74702848299995,-28.006239921999963]],[[-64.65191360599994,-28.20273524299995],[-64.65514221399997,-28.203630379999936],[-64.64828754799998,-28.20375445299993],[-64.65191360599994,-28.20273524299995]],[[-64.72129169199997,-28.36760406299993],[-64.73104549999994,-28.362285102999977],[-64.72617515199994,-28.36850437499993],[-64.72129169199997,-28.36760406299993]],[[-64.64068064199995,-28.40152451499995],[-64.64179906399994,-28.404436644999976],[-64.63306221999994,-28.40243114699996],[-64.64068064199995,-28.40152451499995]],[[-64.74561316099994,-28.713150261999942],[-64.74702142399997,-28.715650254999957],[-64.73892168799995,-28.71330074599996],[-64.74561316099994,-28.713150261999942]],[[-64.84721411499999,-28.80922924099997],[-64.84970204799998,-28.802117149999958],[-64.85446807399995,-28.804101684999978],[-64.84721411499999,-28.80922924099997]],[[-65.03977154599994,-28.25245891299994],[-65.04117384999995,-28.252448355999945],[-65.04690188399996,-28.25240525299995],[-65.03977154599994,-28.25245891299994]],[[-65.06874071999994,-28.277460883999936],[-65.06623738499997,-28.279166988999975],[-65.06610018299995,-28.27926049299998],[-65.06874071999994,-28.277460883999936]],[[-64.99306534999994,-28.43059508899995],[-64.99342255999994,-28.409053668999945],[-64.99633949199995,-28.40638800499994],[-64.99306534999994,-28.43059508899995]],[[-64.96525514999996,-28.42080588899995],[-64.96282138699996,-28.41140718099996],[-64.96610823099996,-28.411196785999948],[-64.96525514999996,-28.42080588899995]],[[-65.08109077399996,-28.389872191999928],[-65.07859258499997,-28.389104309999937],[-65.07741066299997,-28.387462831999983],[-65.08109077399996,-28.389872191999928]],[[-65.02923320899998,-28.213582929999973],[-65.03229642299993,-28.219939642999975],[-65.03295117699997,-28.22129887999995],[-65.02923320899998,-28.213582929999973]],[[-64.87485377499996,-27.935276599999952],[-64.87607111399996,-27.93829319899993],[-64.86765380099996,-27.949242177999963],[-64.87485377499996,-27.935276599999952]],[[-64.57643962299994,-27.40005963799996],[-64.58063434499996,-27.40053336899996],[-64.58348356899995,-27.40205235299993],[-64.57643962299994,-27.40005963799996]],[[-64.73874334999994,-27.285171754999965],[-64.73552402999997,-27.296893712999974],[-64.73695083299998,-27.289726953999946],[-64.73874334999994,-27.285171754999965]],[[-64.62287757399997,-27.17294043199996],[-64.62262614899998,-27.178938939999966],[-64.62230756599996,-27.169130275999976],[-64.62287757399997,-27.17294043199996]],[[-64.61899286899995,-27.16227573699996],[-64.62121573299999,-27.164806058999943],[-64.61157188899995,-27.159661100999983],[-64.61899286899995,-27.16227573699996]],[[-64.34824313099995,-27.92699603999995],[-64.34981653099999,-27.929673269999967],[-64.34684595799996,-27.92927977499994],[-64.34824313099995,-27.92699603999995]],[[-64.20489112399997,-26.373906339999962],[-64.20549613699995,-26.377235243999962],[-64.19821389399993,-26.38444754799997],[-64.20489112399997,-26.373906339999962]],[[-64.26264625199997,-27.044038082999975],[-64.13515778699997,-27.069356626999934],[-64.12860707099998,-27.12464110299993],[-64.08398360699994,-27.168542405999972],[-64.13162876799998,-27.19450081699995],[-64.12572454699995,-27.215917927999953],[-64.07178624899996,-27.257568357999958],[-64.05907806699997,-27.299436270999934],[-64.01896202599994,-27.31074326399994],[-63.975517938999985,-27.374389785999938],[-63.92527605299995,-27.40857422199997],[-63.86255493699997,-27.40394851999997],[-63.844427533999976,-27.46506871899993],[-63.820212149999975,-27.452200294999955],[-63.82099482499996,-27.378230606999978],[-63.84839317099994,-27.34550299299997],[-63.847245287999954,-27.305445737999946],[-63.77528351799998,-27.292418347999956],[-63.810066338999945,-27.284746879999943],[-63.814542992999975,-27.241370176999965],[-63.826255153999966,-27.26699647399994],[-63.878378588999965,-27.257697407999956],[-63.85777234699998,-27.31549229799998],[-63.872010907999936,-27.332219618999943],[-63.89993526799998,-27.330628382999976],[-63.92099089599998,-27.35738546799996],[-63.91290531599998,-27.369605241999977],[-63.93895365199995,-27.38858070499998],[-64.01781072999995,-27.29195606299993],[-64.01065354799994,-27.236527187999968],[-64.06181449799993,-27.19466390799994],[-64.07792862099996,-27.091188486999954],[-64.03946005599994,-26.99094788399998],[-64.03254858099996,-26.909666365999954],[-64.04922728699995,-26.888537242999973],[-63.99627130399995,-26.88566789999993],[-64.02035760899997,-26.86510997299996],[-64.05556493399996,-26.88303240299996],[-64.03159628999998,-26.81334809899994],[-64.07589271099994,-26.802829879999933],[-64.10981136199996,-26.74661985499995],[-64.11427415199995,-26.672535572999948],[-64.18418832599997,-26.62747044599996],[-64.17436575599999,-26.65086103699997],[-64.13019891499994,-26.679235958999982],[-64.11527067899993,-26.78003949699996],[-64.09121807899999,-26.822336871999937],[-64.05185816699998,-26.82451696299995],[-64.07247722799997,-26.884990880999965],[-64.05462785699996,-26.95868997599996],[-64.12984020399995,-26.942081322999968],[-64.07677210199995,-26.996013964999975],[-64.07640180199996,-27.06380885799996],[-64.15087756499997,-27.03237158299993],[-64.14814595199994,-27.05738627599993],[-64.20373651499995,-27.044083239999964],[-64.19717681099996,-27.01256769899993],[-64.22192821299996,-26.90052862699997],[-64.20634643299996,-26.883786217999955],[-64.24154773999999,-26.833938216999968],[-64.27847087499998,-26.832566523999958],[-64.22232298799997,-26.871481608999943],[-64.23500777699996,-26.92830675299996],[-64.26741878899998,-26.898895495999966],[-64.32245928099996,-26.882713158999934],[-64.32586413199994,-26.86168319199993],[-64.35813272099995,-26.85703491099997],[-64.35521135799996,-26.904509794999967],[-64.27583901899993,-26.914410975999942],[-64.25382988999996,-26.970474846999934],[-64.22043437699995,-26.964959798999928],[-64.22680950099993,-27.026949816999945],[-64.25859669399995,-27.022241166999947],[-64.24645611199998,-27.038734550999948],[-64.26264625199997,-27.044038082999975]],[[-64.25525181099994,-27.104667697999957],[-64.26931304499993,-27.10082772399994],[-64.27753230199994,-27.12024130599997],[-64.25525181099994,-27.104667697999957]],[[-64.41849557699999,-26.49799729399996],[-64.41964987199998,-26.50294165899993],[-64.41739595806096,-26.496979792056354],[-64.41849557699999,-26.49799729399996]],[[-64.04956611099993,-29.321509265999964],[-64.04785561099993,-29.31615457299995],[-64.05381274199993,-29.306504471999972],[-64.04956611099993,-29.321509265999964]],[[-64.01823403599997,-29.103263178999953],[-64.01859782699995,-29.114703628999962],[-64.01326793499999,-29.122793401999957],[-64.01823403599997,-29.103263178999953]],[[-63.92822991899993,-26.802031317999933],[-63.93011967199993,-26.79368575999996],[-63.942350861999955,-26.81096299199993],[-63.92822991899993,-26.802031317999933]],[[-63.87973025399998,-26.71763753199997],[-63.88226469299997,-26.72604471799997],[-63.87999591499994,-26.73184956399996],[-63.87973025399998,-26.71763753199997]],[[-63.875796341999944,-26.716273186999956],[-63.84837015399995,-26.761280075999935],[-63.81120781499993,-26.783460541999943],[-63.82305343099995,-26.859130508999954],[-63.867424642999936,-26.87314594299994],[-63.863461926999946,-26.924333957999977],[-63.80518758499994,-26.958121681999955],[-63.76218260099995,-27.015864045999933],[-63.73062703299996,-27.01019320299997],[-63.70387946899996,-26.929442534999964],[-63.744234164999966,-26.821121724999955],[-63.77645391999994,-26.808964468999932],[-63.77977614399998,-26.777278449999983],[-63.80716805499998,-26.746194487999958],[-63.82684209299998,-26.754015295999977],[-63.885381475999964,-26.667900817999964],[-63.89207852199996,-26.600640726999927],[-63.92540673399998,-26.579532435999965],[-63.894985599999984,-26.700724806999972],[-63.875796341999944,-26.716273186999956]],[[-63.83390814899997,-26.716215037999973],[-63.83578057999995,-26.712880928999937],[-63.839854540999966,-26.713665523999964],[-63.83390814899997,-26.716215037999973]],[[-63.78416423999994,-26.504882297999927],[-63.80016190099997,-26.50673445299998],[-63.78898197799998,-26.516158227999938],[-63.78416423999994,-26.504882297999927]],[[-63.69592063799996,-26.420614953999973],[-63.70042391599998,-26.40012195999998],[-63.71304925399994,-26.425653462999946],[-63.69592063799996,-26.420614953999973]],[[-63.691119656999945,-26.378200281999966],[-63.691142653826276,-26.378129704669117],[-63.70042391599998,-26.40012195999998],[-63.691119656999945,-26.378200281999966]],[[-63.68467346699998,-26.42337784299997],[-63.687570549999975,-26.42160701699993],[-63.693015584999955,-26.420895962999964],[-63.68467346699998,-26.42337784299997]],[[-63.66880395499999,-26.238294044999975],[-63.67150215199996,-26.240930739999953],[-63.67265047799998,-26.24813980999994],[-63.66880395499999,-26.238294044999975]],[[-63.601616071999956,-28.33885072399994],[-63.621101737999936,-28.342224976999944],[-63.60198178799993,-28.34415214699993],[-63.601616071999956,-28.33885072399994]],[[-63.46858742999996,-28.248763827999937],[-63.464332758999944,-28.260966535999955],[-63.463500505999946,-28.25446886499998],[-63.46858742999996,-28.248763827999937]],[[-63.527693384999964,-28.284106088999977],[-63.520145809999974,-28.272231286999954],[-63.53125587499994,-28.27395010899994],[-63.527693384999964,-28.284106088999977]],[[-64.03031687299995,-27.12046651999998],[-64.04265007599997,-27.159579703999952],[-63.968337781999935,-27.201168498999948],[-63.926860802999954,-27.194952823999984],[-63.94307142599996,-27.143800898999928],[-63.912018460999946,-27.186014261999958],[-63.97486596599998,-27.03368491799995],[-63.98462993299995,-27.08601743899993],[-63.96412022199996,-27.138283825999963],[-63.978300582999964,-27.16502073299995],[-64.00614592499994,-27.163408407999952],[-64.03031687299995,-27.12046651999998]],[[-63.674443208999946,-27.345982956999933],[-63.65714081586303,-27.313022392130556],[-63.657792866999955,-27.31309634699994],[-63.674443208999946,-27.345982956999933]],[[-64.09335903499993,-27.44369943099997],[-64.09157435899994,-27.45105131699995],[-64.08240814599998,-27.435035051999932],[-64.09335903499993,-27.44369943099997]],[[-64.07366833199995,-27.394973299999947],[-64.03640786299997,-27.341505198999982],[-64.03750664750868,-27.34038643791002],[-64.07366833199995,-27.394973299999947]],[[-64.13753944699994,-27.358890748999954],[-64.11582014699997,-27.35441743399997],[-64.12273831957896,-27.327908339392266],[-64.12307121599997,-27.32799940299998],[-64.13753944699994,-27.358890748999954]],[[-63.98441281099997,-27.531142321999937],[-63.98324339399994,-27.533601567999938],[-63.979787672999976,-27.535231026999952],[-63.98441281099997,-27.531142321999937]],[[-64.03940840199994,-27.458028363999972],[-64.04626561299995,-27.465391917999966],[-64.04077234399995,-27.466577263999966],[-64.03940840199994,-27.458028363999972]],[[-64.25376502899996,-27.23988347599993],[-64.22240138199999,-27.318884193999963],[-64.15488306499998,-27.346668982999972],[-64.11760664399998,-27.29711872499996],[-64.13550078599997,-27.233155232999934],[-64.15842347699999,-27.243189214999973],[-64.19609703099997,-27.194808531999968],[-64.16511055499996,-27.158060401999933],[-64.16833279499997,-27.13705725699998],[-64.21113203999994,-27.13262831299994],[-64.21212022999998,-27.16476530899996],[-64.24793347099995,-27.14306679899994],[-64.20660580199996,-27.190361025999948],[-64.20852178399997,-27.218179274999954],[-64.22701649799995,-27.188136723999946],[-64.23498721812116,-27.218715662656546],[-64.16092723899993,-27.260997007999947],[-64.18886105799999,-27.289387860999966],[-64.20367475999996,-27.26380335799996],[-64.25376502899996,-27.23988347599993]],[[-64.23761202199995,-27.217630971999938],[-64.23513847399994,-27.219295941999974],[-64.23498721812116,-27.218715662656546],[-64.23761202199995,-27.217630971999938]],[[-63.99731458699995,-27.38648997799993],[-64.03470595499994,-27.35722017599994],[-64.04483672899994,-27.44415509499993],[-63.99731458699995,-27.38648997799993]],[[-63.81134812199997,-27.536975325999947],[-63.72602920099996,-27.560844707999934],[-63.684739253999965,-27.55252047299996],[-63.78345755099997,-27.484885635999944],[-63.81134812199997,-27.536975325999947]],[[-63.48228772699997,-26.855504739999958],[-63.497470756999974,-26.856960726999944],[-63.48213885989088,-26.855835192056382],[-63.48228772699997,-26.855504739999958]],[[-63.60318553899998,-27.068113101999984],[-63.647384658999954,-27.042710150999937],[-63.64065798599995,-27.078562526999974],[-63.60318553899998,-27.068113101999984]],[[-63.86543694499994,-27.03899002299994],[-63.794382688999974,-27.014714174999938],[-63.81532059299997,-26.97206555599996],[-63.878185077999944,-26.94663738299994],[-63.882829630999936,-27.02011615699996],[-63.86543694499994,-27.03899002299994]],[[-63.902217560999986,-27.01515552999996],[-63.94529148799995,-27.008024386999978],[-63.91974657099996,-27.07363221999998],[-63.894437409999966,-27.059102345999975],[-63.902217560999986,-27.01515552999996]],[[-63.70190383199997,-26.780430206999938],[-63.69808998299993,-26.655941433999942],[-63.67649657299995,-26.538181005999945],[-63.71789832999997,-26.481115170999942],[-63.74432109199995,-26.48892081499997],[-63.74598289299996,-26.505012096999963],[-63.693836534999946,-26.58928904199996],[-63.71890374299994,-26.67543123699994],[-63.71149624099996,-26.760859409999966],[-63.737759633999985,-26.77996264999996],[-63.70597998899996,-26.893857658999934],[-63.682069309999974,-26.863203453999972],[-63.70190383199997,-26.780430206999938]],[[-63.65767630299996,-26.680840992999947],[-63.675164861999974,-26.66255524099995],[-63.67726357799995,-26.769246020999958],[-63.662817734999976,-26.79477097199998],[-63.65767630299996,-26.680840992999947]],[[-63.60786805999999,-26.85017240299993],[-63.614640806999944,-26.716825962999962],[-63.63680086099998,-26.729117359999975],[-63.60786805999999,-26.85017240299993]],[[-63.50393960799994,-26.699767367999982],[-63.51393120499995,-26.692589919999932],[-63.52618045699995,-26.70763256999993],[-63.517987259999984,-26.721486496999944],[-63.50393960799994,-26.699767367999982]],[[-63.49350105299993,-26.75249342199993],[-63.47955158899998,-26.719662708999977],[-63.50000401699998,-26.72169288999993],[-63.49350105299993,-26.75249342199993]],[[-63.50060751899997,-26.786408089999952],[-63.48219682399997,-26.831334934999973],[-63.48885745399997,-26.783025705999933],[-63.50060751899997,-26.786408089999952]],[[-63.527377555999976,-26.841527250999945],[-63.53259788299994,-26.88267605599998],[-63.516350913999986,-26.82647770699998],[-63.527377555999976,-26.841527250999945]],[[-63.55006697199997,-26.799944781999955],[-63.531388453999966,-26.80931514399998],[-63.54763897899994,-26.794378119999976],[-63.55006697199997,-26.799944781999955]],[[-63.51363351699996,-27.00376925699993],[-63.49406591899998,-26.965879511999958],[-63.514027933999955,-26.953182642999934],[-63.51363351699996,-27.00376925699993]],[[-63.44357697899994,-26.91617551199994],[-63.421455839999965,-26.96108107799995],[-63.437580063999974,-26.89280572599995],[-63.44357697899994,-26.91617551199994]],[[-63.445380901999954,-26.65509063299993],[-63.46111856599998,-26.63239495199997],[-63.488410536999936,-26.63639881199998],[-63.48941720799996,-26.661391598999955],[-63.44945192599994,-26.68565220199997],[-63.445380901999954,-26.65509063299993]],[[-64.06293339899997,-27.11175501799994],[-64.05855870875816,-27.11227732436742],[-64.05631828199995,-27.078354429999933],[-64.06293339899997,-27.11175501799994]],[[-63.98144491199997,-27.134426083999983],[-63.983141021854124,-27.128453415086167],[-64.01238947399997,-27.117789596999955],[-63.98144491199997,-27.134426083999983]],[[-63.90125102099995,-27.290580742999964],[-63.91374755199996,-27.242766348999965],[-63.965746078999985,-27.283502776999967],[-63.962691423999956,-27.24789218099994],[-63.990574494999976,-27.244055226999933],[-63.99052675799999,-27.303031223999938],[-63.95393566599995,-27.307954930999983],[-63.947086308999985,-27.328526242999942],[-63.90125102099995,-27.290580742999964]],[[-63.85971478899995,-26.484571743999936],[-63.86032242384741,-26.48477607663236],[-63.823514639999985,-26.508971319999944],[-63.85971478899995,-26.484571743999936]],[[-63.35524553199997,-25.790646367999955],[-63.35833541899996,-25.784585153999956],[-63.356207135999966,-25.78876016099997],[-63.35524553199997,-25.790646367999955]],[[-62.41872480599994,-26.506996786999935],[-62.42643504799997,-26.50783371899996],[-62.42723725199994,-26.51436380499996],[-62.41872480599994,-26.506996786999935]],[[-62.43278064599997,-26.534418852999977],[-62.427126560999966,-26.53632778599996],[-62.42723725199994,-26.51436380499996],[-62.43278064599997,-26.534418852999977]],[[-62.32576219599997,-26.70201595599997],[-62.33730614799998,-26.704740434999962],[-62.31957318399998,-26.707883489999972],[-62.32576219599997,-26.70201595599997]],[[-62.16740085799995,-26.842930303999935],[-62.153295534999984,-26.823305448999974],[-62.17728893699996,-26.85004104199993],[-62.16740085799995,-26.842930303999935]],[[-62.17607241111125,-27.29402945297919],[-62.195448090999946,-27.274378173999935],[-62.17664058199995,-27.294523511999955],[-62.17607241111125,-27.29402945297919]],[[-62.030026643999975,-27.01210826099998],[-62.01498370799993,-27.050764167999944],[-62.018971918999966,-27.007364021999933],[-62.030026643999975,-27.01210826099998]],[[-61.996366928999976,-26.86709499699998],[-62.037944480999954,-26.82910512799998],[-62.03040102199998,-26.80217310599994],[-62.03794448199994,-26.82910512799998],[-61.996366929999965,-26.86709499699998],[-61.991207662999955,-26.89820803899994],[-62.00666672199998,-26.981816271999946],[-61.991207661999965,-26.89820803799995],[-61.996366928999976,-26.86709499699998]],[[-61.9829971225643,-26.804743584219146],[-61.9829971259766,-26.804743591947005],[-61.98299712499994,-26.804743591999966],[-61.9829971225643,-26.804743584219146]],[[-61.941030154999964,-26.76027580599998],[-61.95815751599997,-26.74848915399997],[-61.96053489429614,-26.753873219207275],[-61.941030154999964,-26.76027580599998]],[[-61.89175229484125,-26.840710402513853],[-61.942053924113274,-26.868172468455228],[-61.94098440899995,-26.870783519999975],[-61.89175229484125,-26.840710402513853]],[[-61.94776374999998,-27.381940149999934],[-61.94803827530996,-27.381022859454603],[-61.96727260799997,-27.412668492999956],[-61.94776374999998,-27.381940149999934]],[[-62.01199510299995,-27.444816602999936],[-62.004968633999965,-27.44121073799994],[-62.01743398999997,-27.436551194999936],[-62.01199510299995,-27.444816602999936]],[[-62.097456577999935,-27.510034725999958],[-62.049066005999975,-27.475983785999972],[-62.04947810599998,-27.47320814899996],[-62.097456577999935,-27.510034725999958]],[[-61.927071755999975,-29.13560291699997],[-61.93126522099993,-29.125846983999963],[-61.92847432199994,-29.136019618999967],[-61.927071755999975,-29.13560291699997]],[[-62.67691584199997,-28.23852591499997],[-62.676857688999974,-28.25333570199996],[-62.66036277999996,-28.269238972999972],[-62.67691584199997,-28.23852591499997]],[[-63.09938279462281,-27.550473672605072],[-63.07906276399996,-27.565833011999928],[-63.091092635999985,-27.545227569999952],[-63.09938279462281,-27.550473672605072]],[[-62.865359826309124,-26.9738170382137],[-62.86538940099996,-26.973720227999934],[-62.90996561099996,-26.940177381999945],[-62.865359826309124,-26.9738170382137]],[[-62.960634513492124,-26.91683056116362],[-62.964305259999946,-26.927822558999935],[-62.939229471999965,-26.94374699399998],[-62.960634513492124,-26.91683056116362]],[[-62.8927144201309,-27.266141833059503],[-62.909585566999965,-27.246017627999947],[-62.89504039499997,-27.265916412999957],[-62.8927144201309,-27.266141833059503]],[[-62.97721167695032,-27.104871592754506],[-62.989796240999965,-27.07370657599995],[-62.97735312499998,-27.104751913999962],[-62.97721167695032,-27.104871592754506]],[[-62.97337855599994,-27.02797806199993],[-63.016593963783635,-27.019516487006232],[-63.01646921199995,-27.019692218999978],[-62.97337855599994,-27.02797806199993]],[[-63.04106231143399,-26.985049071879136],[-63.03289504686143,-26.91576559982902],[-63.04297623599996,-26.982353015999934],[-63.04106231143399,-26.985049071879136]],[[-63.03211294033675,-26.910599696091573],[-62.99162242799997,-26.84433609299998],[-63.03211294033675,-26.91059969609157],[-63.03211294033675,-26.910599696091573]],[[-62.88035155199998,-26.820139178999966],[-62.928138494999985,-26.79329284199997],[-62.880344412855145,-26.820154500332357],[-62.88035155199998,-26.820139178999966]],[[-62.83450448299993,-26.94232033999998],[-62.84745730099996,-26.890733593999983],[-62.80457279099994,-27.007101551999938],[-62.83450448299993,-26.94232033999998]],[[-62.45744978099998,-28.13572640899997],[-62.45318496899995,-28.126257002999978],[-62.455934499999955,-28.123566266999944],[-62.45744978099998,-28.13572640899997]],[[-62.42793554599996,-28.28313859499997],[-62.419205413999975,-28.280294626999932],[-62.419539112999985,-28.271074329999976],[-62.42793554599996,-28.28313859499997]],[[-62.77536010599994,-26.76838906399996],[-62.73910918499996,-26.81251800499996],[-62.775465217486754,-26.76194859117411],[-62.77536010599994,-26.76838906399996]],[[-62.74499015699996,-26.84925190799993],[-62.74497303050233,-26.849144931958755],[-62.74922683558941,-26.848854604366572],[-62.74499015699996,-26.84925190799993]],[[-62.78258237099993,-26.894615547999933],[-62.77750922592196,-26.846924295356576],[-62.77773713899995,-26.846908739999947],[-62.78258237099993,-26.894615547999933]],[[-62.665566174293765,-27.10213456491919],[-62.68836974599998,-27.083857541999976],[-62.66570241499994,-27.102258432999975],[-62.665566174293765,-27.10213456491919]],[[-62.641370517999974,-27.042253329999937],[-62.64097431266781,-27.079775999788556],[-62.64097335599996,-27.079775129999973],[-62.641370517999974,-27.042253329999937]],[[-62.68344253499998,-26.89480637799994],[-62.684800767544665,-26.895122660881576],[-62.66156199097176,-26.95333726369626],[-62.68344253499998,-26.89480637799994]],[[-62.65606036506758,-26.966092122438685],[-62.65668972111723,-26.965542607359584],[-62.65651930399997,-26.965969512999948],[-62.65606036506758,-26.966092122438685]],[[-62.61977726653746,-26.948859776945266],[-62.634782215063,-26.971776761167956],[-62.62742636899998,-26.973741937999932],[-62.61977726653746,-26.948859776945266]],[[-62.6593113044495,-26.850364645518106],[-62.6194271902538,-26.94772099569424],[-62.61928519899993,-26.947259104999944],[-62.6593113044495,-26.850364645518106]],[[-62.662134281999954,-26.843473811999957],[-62.66180847796799,-26.844269093330997],[-62.65680435999997,-26.81563900699996],[-62.662134281999954,-26.843473811999957]],[[-62.59478795499996,-26.725563524999927],[-62.63617630699997,-26.759868350999966],[-62.64203715799994,-26.796600186999967],[-62.63616888299998,-26.760701625999957],[-62.59478795499996,-26.725563524999927]],[[-62.76955783799289,-26.564033601758705],[-62.73951802899995,-26.573040007999964],[-62.76947611099996,-26.563866392999955],[-62.76955783799289,-26.564033601758705]],[[-62.77452407025392,-26.638321426263577],[-62.78474872999993,-26.595113298999934],[-62.774702193999985,-26.63808405599997],[-62.77452407025392,-26.638321426263577]],[[-62.70676757299998,-26.741092094999942],[-62.7114934000433,-26.731799135051048],[-62.74118139199999,-26.725853332999975],[-62.70676757299998,-26.741092094999942]],[[-62.06676002699999,-27.42341369199994],[-62.114491946999976,-27.48141441599995],[-62.15425139499996,-27.484381647999953],[-62.11449194599999,-27.48141441599995],[-62.06676002699999,-27.42341369199994]],[[-61.99064521199995,-27.30901579799996],[-61.99097228199997,-27.321304251999948],[-62.04894872956527,-27.380870255808002],[-61.99097228099998,-27.321304251999948],[-61.99064521199995,-27.30901579799996]],[[-62.9546948016234,-26.77065926155462],[-62.95797216304359,-26.764667148259406],[-62.95948216099998,-26.76657905999997],[-62.9546948016234,-26.77065926155462]],[[-62.934381171599654,-26.7347969796792],[-62.93329201199998,-26.733585715999936],[-62.93333635145635,-26.733474061399534],[-62.934381171599654,-26.7347969796792]],[[-63.04904791313419,-26.54370118142639],[-63.00868626499994,-26.61579820199995],[-63.00865177879112,-26.61583961939257],[-63.04904791313419,-26.54370118142639]],[[-63.022171381999954,-26.409792969999955],[-63.01359263399996,-26.393903146999946],[-63.0138903384144,-26.393635202113288],[-63.022171381999954,-26.409792969999955]],[[-63.24378958393022,-26.235976350104227],[-63.24500751399995,-26.23715952699996],[-63.22411437799997,-26.28282854899993],[-63.24378958393022,-26.235976350104227]],[[-63.06831095999996,-26.935273578999954],[-63.06661195999993,-26.987528957999928],[-63.08161956599997,-26.909232723999935],[-63.06831095999996,-26.935273578999954]],[[-63.18954399494066,-26.544630668267747],[-63.18976243199995,-26.54477447599993],[-63.133416341999975,-26.587760456999945],[-63.18954399494066,-26.544630668267747]],[[-63.220666232999974,-27.18687833699994],[-63.22058731638675,-27.186974072237497],[-63.21661271199997,-27.147073941999963],[-63.220666232999974,-27.18687833699994]],[[-63.18625425899995,-27.24562901799993],[-63.17006726908808,-27.24859671260575],[-63.18670427458377,-27.24452267193041],[-63.18625425899995,-27.24562901799993]],[[-63.15847074599998,-27.25072279899996],[-63.146195612999975,-27.225602006999964],[-63.15877869399388,-27.250666340349813],[-63.15847074599998,-27.25072279899996]],[[-63.1203283748909,-26.98616337631706],[-63.12580061699998,-26.987392601999943],[-63.12165088497827,-27.002308804682524],[-63.1203283748909,-26.98616337631706]],[[-63.25094164999996,-27.13783190299995],[-63.25061312032534,-27.142136102751365],[-63.25089714061549,-27.137798622557526],[-63.25094164999996,-27.13783190299995]],[[-63.246748465785856,-27.201156049924528],[-63.255897805166086,-27.2001003538664],[-63.24672501099997,-27.20151424499994],[-63.246748465785856,-27.201156049924528]],[[-63.27385542030902,-27.197332373644635],[-63.28885741725109,-27.16274200183373],[-63.27447870999998,-27.19723629999993],[-63.27385542030902,-27.197332373644635]],[[-63.297554059495724,-27.141878890471038],[-63.29363749799995,-27.09135545099997],[-63.29761506299997,-27.14173254399998],[-63.297554059495724,-27.141878890471038]],[[-63.28831202899994,-27.056834425999966],[-63.31032062299994,-27.02803115599994],[-63.28902579049772,-27.061461206948035],[-63.28831202899994,-27.056834425999966]],[[-63.35224699102787,-26.903768396469072],[-63.34841414599998,-26.861937117999958],[-63.35241414099994,-26.902830648999952],[-63.35224699102787,-26.903768396469072]],[[-63.24425293099995,-26.60426567999997],[-63.31049569199996,-26.54767843899998],[-63.24410230081938,-26.604550050177874],[-63.24425293099995,-26.60426567999997]],[[-63.282224681999935,-26.41327546399998],[-63.30705643299996,-26.424346383999932],[-63.28223746804641,-26.413408347848566],[-63.282224681999935,-26.41327546399998]],[[-62.82386041099994,-26.606838634999974],[-62.82397286329973,-26.606722654693662],[-62.82797726199993,-26.63382034899996],[-62.82386041099994,-26.606838634999974]],[[-62.95373969099995,-26.485383783999964],[-62.99187270999994,-26.454559148999977],[-62.9918727100878,-26.45455914973734],[-62.95373969099995,-26.485383783999964]],[[-62.99187272830346,-26.454559302614616],[-62.99629720064227,-26.491692240135958],[-62.99600633699998,-26.491256127999975],[-62.99187272830346,-26.454559302614616]],[[-62.94558319993507,-26.624117643419765],[-62.935195505507515,-26.664341692973903],[-62.94259816199997,-26.626969239999937],[-62.94558319993507,-26.624117643419765]],[[-62.8975444321605,-26.702809694139923],[-62.890201314999956,-26.710180828999967],[-62.88437626181543,-26.705949177095217],[-62.8975444321605,-26.702809694139923]],[[-62.85945790900531,-26.687847059948474],[-62.859256294999966,-26.687700595999956],[-62.85939344891113,-26.687523712632938],[-62.85945790900531,-26.687847059948474]],[[-62.877191722737486,-26.664569802133215],[-62.886097376867546,-26.653084441820337],[-62.88633680399994,-26.653196540999943],[-62.877191722737486,-26.664569802133215]],[[-62.87291040932235,-26.64691033687015],[-62.86314057778729,-26.64303273870589],[-62.86339132799998,-26.64245352699993],[-62.87291040932235,-26.64691033687015]],[[-62.827181741082114,-26.679810753431216],[-62.82662706499997,-26.679928771999982],[-62.82038825899997,-26.64653716099997],[-62.827181741082114,-26.679810753431216]],[[-61.977176877999966,-28.002074276999963],[-62.005443069999956,-28.000112609999974],[-62.01252499199995,-28.02649923799993],[-62.05817815199998,-28.058360929999935],[-61.99346518799996,-28.06576358799998],[-61.948500588999934,-28.04396755299996],[-61.977176877999966,-28.002074276999963]],[[-62.18789526699999,-28.02455505499995],[-62.210548175999975,-28.055951424999932],[-62.13001579699994,-28.113098435999973],[-62.12171210599996,-28.094498461999933],[-62.16246786399995,-28.031524331999947],[-62.18789526699999,-28.02455505499995]],[[-62.317366739999954,-28.111886503999983],[-62.371564740999986,-28.05559630399995],[-62.40698628499996,-28.07781147099996],[-62.385812887999975,-28.123406516999978],[-62.35167715599994,-28.114520653999932],[-62.34993227499996,-28.141914269999972],[-62.30742359499993,-28.14628634999997],[-62.317366739999954,-28.111886503999983]],[[-62.42262755199994,-28.15792722799995],[-62.40425013999999,-28.19578647999998],[-62.378949957999964,-28.20267179399997],[-62.34631362799996,-28.168038742999954],[-62.38428144899996,-28.148525438999968],[-62.42262755199994,-28.15792722799995]],[[-62.41958324199999,-28.223682422999957],[-62.37580395599997,-28.25525288199998],[-62.377085429999966,-28.223505957999976],[-62.41958324199999,-28.223682422999957]],[[-61.97391197999997,-25.76690042799993],[-61.97152430099999,-25.76872706499995],[-61.97101115199996,-25.76836084699994],[-61.97391197999997,-25.76690042799993]],[[-61.77747125399998,-25.84043560799995],[-61.77304506899998,-25.84688992599996],[-61.763927999999964,-25.84760464699997],[-61.77747125399998,-25.84043560799995]],[[-61.776284964999945,-25.859380345999966],[-61.77580931699998,-25.86521772599997],[-61.77422152999998,-25.86569284999996],[-61.776284964999945,-25.859380345999966]],[[-61.81804983099994,-25.987473455999975],[-61.82754106799996,-25.999239701999954],[-61.81656749399997,-25.98922474699998],[-61.81804983099994,-25.987473455999975]],[[-61.95757386732298,-26.00951474290373],[-61.99926393399994,-25.99709568399993],[-61.95757386799994,-26.009514742999954],[-61.95757386732298,-26.00951474290373]],[[-61.852116180999985,-26.035165889999973],[-61.94121008399998,-26.030381929999976],[-61.88344848899993,-26.035677274999955],[-61.87366233199998,-26.05010818599993],[-61.852116180999985,-26.035165889999973]],[[-61.87663712999995,-26.060535752999954],[-61.91242905099995,-26.07534994899993],[-61.86772116699996,-26.074890015999983],[-61.87663712999995,-26.060535752999954]],[[-61.88240793999995,-26.116558720999933],[-61.85792179799995,-26.118792026999984],[-61.85751999799999,-26.117838262999953],[-61.88240793999995,-26.116558720999933]],[[-61.84234090999996,-26.162357742999973],[-61.84806524299995,-26.16297893099994],[-61.83949050699994,-26.164508215999945],[-61.84234090999996,-26.162357742999973]],[[-61.95366142752314,-26.12093899740845],[-61.89413021699994,-26.171940206999977],[-61.873857155999985,-26.15994380199993],[-61.89769706299995,-26.15878616599997],[-61.95366142752314,-26.12093899740845]],[[-61.89835212908801,-26.234448759911427],[-61.89835212899993,-26.234448759999964],[-61.89835212656752,-26.234448759666726],[-61.89835212908801,-26.234448759911427]],[[-61.80955298199996,-26.224168861999942],[-61.79864740499994,-26.236232075999965],[-61.79369427399996,-26.23777383999993],[-61.80955298199996,-26.224168861999942]],[[-61.80890121699997,-26.32967870899995],[-61.862942489976554,-26.332448107602463],[-61.817637383999966,-26.336553356999957],[-61.80890121699997,-26.32967870899995]],[[-61.82184872899995,-26.34399931799993],[-61.826581990999955,-26.344340104999958],[-61.821883739999976,-26.345138404999943],[-61.82184872899995,-26.34399931799993]],[[-61.81978854199997,-26.353016175999983],[-61.820121003999986,-26.35781282499994],[-61.816341669999986,-26.35713052899996],[-61.81978854199997,-26.353016175999983]],[[-61.760491815999956,-26.479440652999983],[-61.76199919499999,-26.481625233999978],[-61.75920000899998,-26.48046047699995],[-61.760491815999956,-26.479440652999983]],[[-62.70774046599996,-26.205352996999977],[-62.70637766599998,-26.19631680599997],[-62.70830552199993,-26.195982914999945],[-62.70774046599996,-26.205352996999977]],[[-62.64116582299994,-26.238666689999945],[-62.64477542099996,-26.23677664199994],[-62.64796334599998,-26.235467782999933],[-62.64116582299994,-26.238666689999945]],[[-62.11619807399995,-26.088401853999983],[-62.07780564299998,-26.128168295999956],[-62.03088322699995,-26.157184987999983],[-62.07780564199999,-26.128168295999956],[-62.11619807399995,-26.088401853999983]],[[-61.969186125999954,-26.214986228999976],[-61.96526342499993,-26.200058283999965],[-61.965853709910476,-26.199672615971068],[-61.969186125999954,-26.214986228999976]],[[-62.07961169199996,-26.057044796999946],[-62.014658527999984,-26.082129047999956],[-61.986337799999944,-26.122533872999952],[-62.01511985652361,-26.135150992791157],[-61.986337798999955,-26.122533872999952],[-62.01465852699994,-26.082129047999956],[-62.07961169199996,-26.057044796999946]],[[-62.217328969708994,-25.75790670392406],[-62.26469663499995,-25.752838012999973],[-62.21732896999998,-25.757906703999936],[-62.217328969708994,-25.75790670392406]],[[-61.98381144499996,-26.26361971299997],[-61.98221765999995,-26.248921502999963],[-61.98381144599995,-26.263619713999958],[-61.899758503999976,-26.293475559999933],[-61.92827886099997,-26.301406877999966],[-61.89975850299999,-26.293475559999933],[-61.98381144499996,-26.26361971299997]],[[-61.8984041421044,-26.27237437309651],[-61.88115546599994,-26.27720093299996],[-61.87404118347003,-26.269336725093535],[-61.8984041421044,-26.27237437309651]],[[-62.00940361399995,-26.22690176599997],[-61.902616440999964,-26.247376574999976],[-61.86596522699995,-26.260409471999935],[-61.902616439999974,-26.247376574999976],[-62.00940361399995,-26.22690176599997]],[[-61.769659452999974,-28.19190275799997],[-61.76141414699998,-28.191256435999946],[-61.759873236999965,-28.19113559599998],[-61.769659452999974,-28.19190275799997]],[[-61.98978357799996,-28.455050366999956],[-62.05560577099993,-28.455432558999973],[-61.92871905199996,-28.441641166999943],[-61.98978357799996,-28.455050366999956]],[[-61.96820855999994,-28.142558532999942],[-62.202809479999985,-28.159835553999983],[-62.21323087199994,-28.17491590399993],[-62.201768836999975,-28.18594092899997],[-62.096009262999985,-28.165829891999977],[-61.95667787299993,-28.171629263999932],[-61.871387219999974,-28.12622019799994],[-61.87890565899994,-28.113616083999943],[-61.96820855999994,-28.142558532999942]],[[-62.94152597999994,-29.807703413999945],[-62.94182505499998,-29.797681959999977],[-62.94155148799996,-29.806851219999942],[-62.94152597999994,-29.807703413999945]],[[-62.94590480099998,-29.770559533999972],[-62.94119774599994,-29.763290482999935],[-62.94289883299996,-29.76591739299994],[-62.94590480099998,-29.770559533999972]],[[-63.19459256999994,-29.725253145999943],[-63.20141423399997,-29.733813345999977],[-63.20292855399998,-29.73571374499994],[-63.19459256999994,-29.725253145999943]]],[[[-63.783567296999934,-26.95193600099998],[-63.77760857199996,-26.91297434699993],[-63.80760916699995,-26.859093188999964],[-63.79497974399993,-26.80900674399993],[-63.74647083699995,-26.85337880999998],[-63.730658579999954,-26.90394165899994],[-63.73217488299997,-26.957343200999958],[-63.750045892999935,-26.97075449299996],[-63.783567296999934,-26.95193600099998]]]]}}]}